title,credits,level,description,topics,learning_outcomes,prerequisites,examination_methods,course_code
Impact of technology engineering ethics,5 EC,Bachelor,"Ethics of Technology and Engineering introduces students to normative skills that help engineers, designers, and researchers to make decisions concerning ethical questions. These skills are needed e.g., to understand the complex societal context of sustainable mobility and energy systems, to deal with and to identify privacy aspects of all kinds of smart systems, or to help solve controversial health and risk issues. Students acquire insights into basic ethical concepts (such as values, risks and responsibilities) and analyse the role these concepts play in the context of the development and design of technologies.","['ethical aspects of engineering', 'normative analysis', 'ethical concepts (values, risks, shared responsibility)', 'classical ethical theories (utilitarianism, deontology, virtue ethics)', 'codes of conduct', 'ethical cycle', 'sustainable mobility and energy systems', 'privacy aspects of smart systems', 'health and risk issues']","['reflect on ethical aspects of engineering in a societal context', 'conduct a normative analysis of engineering with the help of ethical concepts (such as values, risks and (shared) responsibility)', 'conceive and evaluate solutions to engineering challenges with the help of classical ethical theories (such as utilitarianism, deontology and virtue ethics)']","['Enrolled for one of: Applied Mathematics, Applied Physics, Architecture, Urbanism and Building Sciences, Biomedical Engineering, Computer Science and Engineering, Industrial Design, Industrial Engineering, Mechanical Engineering, Medical Sciences and Engineering, Psychology & Technology, Sustainable Innovation', 'Not enrolled in: Automotive Technology, Chemical Engineering and Chemistry, Electrical Engineering', 'Not completed: Introduction to modeling (0LEB0), ITEC engineering ethics (0LVX30), USEbasic: ethics & history of technology (0SAB0), Data Science Ethics (JBG000)']","['Final Report (weight 70%, minimum grade 5.0)', 'Report Outline (weight 20%)', 'Report Sketch (weight 10%)']",0LVX10
,,,,[],[],[],[],0HV60
,,,,[],[],[],[],JBI025;
Stochastic Simulation and Modeling,5 EC,Bachelor,"Many real-life processes are too difficult or too complex to analyse in an exact, theoretical way. Throughout this course we discuss a variety of real-life processes that exhibit a stochastic behaviour, ranging from financial models, manufacturing networks, to models for particle systems in chemistry or physics. The course is very practical, in the sense that emphasis will be placed on developing simulation models for these processes. Many of the lectures will be interactive, with the lecturer and the students writing a simulation together, step by step. The main goal of the course is that the students not only learn and understand the required simulation techniques, but are also forced to actually write the simulation.","['Random number generators', 'Generating random variables', 'Monte-Carlo simulation', 'Discrete-event simulation of several stochastic processes and queueing networks', 'Random walks, birth-and-death processes', 'Epidemic models', 'Financial risk models', 'Interacting particle systems', 'Communication networks', 'Manufacturing systems and networks', 'Input and output analysis (distribution fitting, warmup-interval, confidence intervals)']","['Understand the behaviour of all stochastic models that have been discussed in the course.', 'Identify the appropriate simulation model to describe the practical situations involving randomness.', 'Design and implement a simulation model, for all discussed models, but also for complicated models based on real-life situations, in a programming language of their choice.', 'Work efficiently in a team, when developing and implementing a simulation model.', 'Analyse data taken from real life in order to use (abstractions of) this data in simulation experiments.', 'Analyse (and, if necessary, improve) the accuracy of the simulation outcomes', 'Interpret the results of simulation experiments.', 'Write a comprehensive report in which all aspects of the development and implementation of the simulation model are described, as well as a summary of the results, and', 'conclusions and recommendations for the problem owner, based on these results']",['Stochastic simulation (2WB50)'],"['Assignments (50% of grade)', 'Written examination and assignment (50% of grade, minimum grade 5.0)']",2MBS40
,,,,[],[],[],[],2DBN10
Impact of technology engineering ethics,5 EC,Bachelor,"How does one engineer for a rapidly changing world? And how can one use engineering to make the world a better place? In order to be successful, technological innovations must take into account the societal and ethical aspects of technology. Future engineers will work in multidisciplinary teams – whether they work in high-tech startups, large established companies, government agencies, or research institutions. They will be expected to cooperate and combine their technological expertise with ethical skills in order to realize successful and responsible innovations that improve society while at the same time addressing ethical concerns about new technologies. Ethics of Technology and Engineering introduces students to normative skills that help engineers, designers, and researchers to make decisions concerning ethical questions. These skills are needed e.g., to understand the complex societal context of sustainable mobility and energy systems, to deal with and to identify privacy aspects of all kinds of smart systems, to help solve controversial health and risk issues, etc. Students acquire insights into basic ethical concepts (such as values, risks and responsibilities) and analyse the role these concepts play in the context of the development and design of technologies. Furthermore, students will get acquainted with codes of conduct (such as the TU/e code) and classical ethical theories (such as utilitarianism, deontology, and virtue-ethics) and learn how to apply these theories to ethical decisions making in the field of ethics of technology and engineering ethics. Students will work in groups on a case related to their interest and field of study. They will analyze their case with the help of the ""ethical cycle"": a systematic step-by-step problem-solving method meant to identify relevant ethical issues and recommend ways to tackle them in the light of ethical theories. Ethics of Technology and Engineering will offer different themes that students can enroll in, tailored to the interests and to the fields of study of the different students of the TU/e.","['ethics in engineering and innovation', 'normative analysis', 'ethical concepts (values, risks, responsibility)', 'classical ethical theories (utilitarianism, deontology, virtue ethics)', 'ethical cycle', 'codes of conduct', 'societal context of technology', 'privacy and risk issues', 'sustainable mobility and energy systems']","['Basic ability to reflect on ethical aspects of engineering in a societal context', 'Basic ability to conduct a normative analysis of engineering with the help of ethical concepts (such as values, risks and (shared) responsibility)', 'Basic ability to conceive and evaluate solutions to engineering challenges with the help of classical ethical theories (such as utilitarianism, deontology and virtue ethics)']","['Enrolled for Automotive Technology', 'Enrolled for Chemical Engineering and Chemistry', 'Enrolled for Electrical Engineering', 'Not enrolled in Applied Mathematics', 'Not enrolled in Applied Physics', 'Not enrolled in Architecture, Urbanism and Building Sciences', 'Not enrolled in Biomedical Engineering', 'Not enrolled in Computer Science and Engineering', 'Not enrolled in Industrial Design', 'Not enrolled in Industrial Engineering', 'Not enrolled in Mechanical Engineering', 'Not enrolled in Medical Sciences and Engineering', 'Not enrolled in Psychology & Technology', 'Not enrolled in Sustainable Innovation', 'Not completed Introduction to modeling (0LEB0)', 'Not completed ITEC engineering ethics (0LVX10)', 'Not completed USEbasic: ethics & history of technology (0SAB0)', 'Not completed Data Science Ethics (JBG000)']","['Final Report (Final examination, weight 70, minimum grade 5.0)', 'Report Outline (Interim examination, weight 20)', 'Report Sketch (Interim examination, weight 10)']",0LVX30
,,,,[],[],[],[],5EZB0
Statistics for Sustainable Innovation,5 EC,Bachelor,"The aim of the course is to provide an introduction to statistics, by focusing on the basics of probability theory and statistics. The Statistics for Sustainable Innovation course is positioned within the Research Methods and Sustainability Assessment Tools learning line, which equips students with knowledge of the scientific methods needed to analyze and assess sustainability-related challenges. By focusing on probability, statistics, and regression modeling, the course builds a strong foundation for interpreting and working with large datasets commonly used in innovation studies. This course directly connects to the broader field of sustainable innovation by providing the analytical skills essential for evidence-based decision-making, whether in academia or industry. Students gain hands-on experience with software tools like STATA, preparing them to apply these skills to real-world problems involving sustainability and innovation.","['Sample space, events, probability, axioms', ""Probability rules, conditional probability, independence, Bayes' theorem, random variable"", 'Discrete distributions, cumulative distribution function, expectation and variance', 'Continuous distributions, density function, mean, variance, correlations and conditional probability', 'Estimation theory', 'The concept of confidence intervals', 'The concept of hypothesis testing, t-tests, p-values, Type I and Type II errors, statistical power and size', 'Simple linear regression models']","['Apply several probability rules.', 'Explain the notion of a random variable.', 'Explain the concept of a discrete distribution, expectation and variance.', 'Apply important discrete distributions such as binomial and uniform distributions.', 'Explain the concept of continuous probability distributions including expected value and variance.', 'Identify important continuous distributions such as normal and uniform distributions.', 'Apply estimation theory to various problems relevant to SI.', 'Construct confidence intervals in various situations.', 'Apply hypothesis testing for making decisions.', 'Test hypotheses and construct confidence intervals on the difference of means of two normal distributions for paired and independent samples.', 'Apply simple linear regression techniques to build empirical models.', 'Judge regression model adequacy.']","['General understanding of limits, derivatives, and basic function analysis [Calculus]', 'Not completed: Behavioral research methods 2: dwd (0HV50)', 'Not completed: Statistics for IE (2DD80)', 'Not completed: Probability and Statistics for ME (2DW10)']","['Group Assignment', 'Interim digital tests', 'Written examination']",0SV120
Data Management for Data Analytics,5 EC,Bachelor,"As we enter an era of big data and data science, core knowledge and skills in data modeling and data management are now recognized as essential in many disciplines. The primary goal of JBI050 is to master the core best-practices of data management systems, applied towards using contemporary tools to support effective data analytics. In particular, this course focuses on preparing students to meet contemporary data modeling and data management challenges which arise in applications in their own fields of study.","['Data modeling: conceptual modeling in the ER model', 'logical data modeling in the relational database model', 'optimization of logical models, basics of normalization', 'Querying databases: SQL basic queries, aggregation', 'Datalog basic queries, recursion']","['understand the basics of conceptual data modeling in the Entity Relationship model, and translating a natural language specification of a conceptual model into a relational database schema', 'understand the relational database model', 'understand and create advanced SQL and Datalog queries for retrieving relevant data, potentially spanning multiple database tables and involving recursion and aggregation of data', 'will acquire the ability to design, based on a problem description in a variety of application domains, a database suited to solve this problem', 'will be able to quickly master and make practical use of contemporary frameworks and technologies for relational data management']",['2IT60 (or JBI026 for cohorts before AY2023-24)'],"['Assignment', 'Written examination']",JBI050
,,,,[],[],[],[],2ITS60;
Vector Analysis,5 EC,BSc,"The course covers vector analysis and signals and systems, including Euclidean geometry, vector products, curvilinear coordinates, vector field operations, integral theorems, Fourier analysis, and discrete signal processing.","[""Euclid's postulates"", 'Euclidean (flat) space', 'Vectors as geometric objects and their representations', 'Normalized basis vectors and components', 'Relation between the space of vectors and R3', 'Parameterized curves: velocity, speed, and arc length', 'Vector products: dot, cross, triple, and quadruple scalar/vector products', 'Projections and vector relations: orthogonal and oblique projections, reciprocal vectors', 'Curvilinear coordinates: Jacobian of transformations, covariant and contravariant basis vectors, surface and volume elements, metric tensor, Lamé coefficients, ortho-curvilinear coordinates', 'Vector field operations: divergence, flux densities, balance equations, gradient, conservative fields, curl', 'Integral theorems: divergence theorem, Stokes-Ostrogradsky theorem', 'Second-order vector operations: div-rot, rot-grad, Laplacian', 'Helmholtz decomposition theorem, dyadic products, momentum balance for perfect fluids', 'Function transformations: scaling and shifting, periodic, even, and odd functions', 'Convolution and correlation: Heaviside, rect, delta functions', 'Fourier analysis: Fourier series, Fourier transform', 'Circuit laws in time and frequency domains: Kirchhoff laws, complex impedance, filters, transfer function', 'Discrete signal processing: sampling, reconstruction, aliasing, DFT', 'Two-dimensional analysis: 2D convolution, 2D Fourier transform, 2D DFT']","['Can analyze and manipulate signals in the time domain: knows special signal forms (Heaviside, delta), can evaluate integrals involving them, knows convolution product and its properties, can apply for signal smoothing.', 'Can analyze and manipulate signals in the frequency domain: knows definitions of Fourier series, Fourier transform and inverse, can explain physical significance, calculate transforms of simple signal forms, use transforms to filter signals.', 'Can explain the Discrete Fourier Transform and apply for digital processing of signals.', 'Can explain the concept of tensors and their role in formulating physics laws, manipulate expressions involving tensors.', 'Knows definition of vector-valued functions and derivatives; can calculate properties of parameterized curves and planes, compute arc length parameterization.', ""Can explain how families of curves generate contravariant and covariant curvilinear coordinate systems, explain 'physical coordinates' for orthogonal systems."", 'Can explain definitions of line and surface elements in arbitrary coordinate systems, set up scalar and vectorial line and surface integrals.', ""Can explain and reproduce concepts of gradient, divergence, curl, use them to formulate conservation equations and Maxwell's equations, apply Gauss and Stokes-Ostrogradsky theorems."", 'Can explain significance of solenoidal and irrotational vector fields, introduce scalar and vector potentials.']",[],"['Mid-term assessment 1: introductory Matlab exercises (0%) - conditional for successful completion', 'Mid-term assessment 2: Matlab exercises (20%)', 'Written final test (80%) - minimum grade 5.0']",32VAN
Statistics and Machine Learning,5 EC,BSc,The main focus of this course is on the theoretical and mathematical foundations of Data Mining and Machine Learning. A secondary focus is on low-level practical aspects (e.g. vanilla implementations of various models and algorithms).,"['Introduction to data mining, machine learning and optimization', 'Python for Data Mining and Machine Learning', 'Recap mathematical basics', 'Regression (linear and non-linear), regularization, bias-variance trade-off, Ridge regression, Lasso', 'Classification: Naive Bayes, K-Nearest Neighbors, Support vector machines and the Kernel Trick, Decision Trees and Random Forests', 'Evaluation of classifiers', 'Neural Networks (Multi-layer Perceptrons and Convolutional Neural Networks)', 'Backpropagation of Error, Stochastic Gradient Descent, training techniques', 'Unsupervised Learning 1, PCA, SVD, Recommender systems, K-Means clustering']","['distinguish the two main Machine Learning paradigms of supervised and unsupervised learning', 'assess the suitability of common machine learning methods for a given learning problem', 'compare weaknesses and strengths of common machine learning methods based on theoretical properties and practical considerations', 'implement, and evaluate some of the most widely used methods', 'reflect upon the choice of model, its theoretical properties and resulting influences on the result']","['2WCB0 (Calculus)', '2DI90 (Probability and statistics)', 'Data Analytics for Engineers (2IAB0)', '2DRR00: Linear Algebra and Applications', 'learned to program in Python', 'Data Mining and Machine Learning (2IIG0)']","['Assignment 1 (Interim examination, weight 20)', 'Assignment 2 (Interim examination, weight 20)', 'Written examination using notebook (Final examination, weight 60, minimum grade 5.0)']",2IRR50
,,,,[],[],[],[],2IO75
Algorithms,5 EC,BSc,"The course Algorithms builds on Data Structures (2IL50) by studying more advanced design techniques and algorithms for optimization problems, including backtracking, dynamic programming, greedy algorithms, graph algorithms (shortest paths, maximum flows, matchings), and NP-completeness.","['backtracking', 'dynamic programming', 'greedy algorithms', 'shortest paths', 'maximum flows', 'bipartite matching', 'NP-completeness']","['Students can solve simple optimization problems using techniques such as backtracking, greedy algorithms, and dynamic programming', 'Students can analyze the running time of such algorithms and prove their correctness', 'Students can explain standard algorithms for some important problems on graphs, such as shortest paths and maximum flows, and can explain their proofs of correctness', 'Students can apply these graph algorithms to solve related problems such as bipartite matching', 'Students have a basic understanding of complexity theory and can distinguish polynomial-time solvable from NP-hard problems']","['Enrolled for a degree programme of faculty Mathematics and Computer Science', 'Registered for a degree programme other than HBO-TOP Applied Physics, Pre-Master, Fulltime', 'Completed Data Structures (2IL50)']","['Homework assignment (Interim examination)', 'Written ANS examination (Final examination)']",2ILC0
,,,,[],[],[],[],2WAH0
,,,,[],[],[],[],2DW10
Linear Algebra for Data Science,5 EC,BSc,"Systems of linear equations are often used in economics and business. For this reason a course is included that concentrates on this topic: Linear Algebra. One of the methods discussed in this course is a method to decide whether a system of equations has none, one or multiple solutions. With this method the solution set itself can be determined and furthermore it gives insight in its geometric structure. For the special case that the number of equations equals the number of variables, a simple criterion can be deduced to check whether the system has precisely one solution. This criterion can also be used to actually calculate this unique solution. Furthermore, in this course several tools are introduced that will be used in other courses of the program.","['Systems of linear equations', 'Gaussian elimination', 'matrices', 'vectors', 'span', 'linear independence', 'linear transformations', 'inverses', 'determinants', 'vector spaces', 'subspaces', 'basis', 'dimension', 'rank', 'orthogonality', 'projections', 'eigenvalues', 'quadratic forms', 'definiteness']","['Explain and compare the four methods Elementary Row Reducing, Inverse, and Matrix Factorization to solve a set of linear equations', 'Choose and apply an appropriate method to solve a set of linear systems originating from optimization, dynamical systems, statistics and econometrics', 'Apply different techniques in linear algebra to compute linear transformations, the determinant and inverse of a matrix', 'Explain the concepts of vector spaces and subspaces, detect whether a set vectors are linearly dependent and compute the corresponding basis', 'Illustrate the relationship between different concepts of linear algebra that are needed in optimization by applying mathematical reasoning', 'Prove theorems in Linear Algebra using for instance proof by contradiction or proof by construction', 'Model the relationship between different variables using Least Squares Optimization']","['Elementary mathematical proof techniques (mathematical induction, proof by contradiction)', 'elementary matrix-vector calculus']","['Assignment', 'Interim examination', 'Written examination']",JBM075
,,,,[],[],[],[],2IT060
Graph Theory and Applications,5 EC,Bachelor,"Graphs are mathematical objects especially suited to model all kinds of networks, but also many other practical situations can be described by a graph, a multigraph or a directed graph. In this course, which is primarily intended for applied mathematics students, graphs will be formally defined, studied, and analyzed with respect to several properties (such as connectedness, planarity, and chromatic number). Special attention will be given to formally proving statements about graphs. Some connections between graph theory on the one hand, and set theory and (linear) algebra on the other hand, will be established. Moreover, several discrete optimization problems occurring in practice, like routing problems, scheduling problems and assignment problems, will be translated to graph problems. Efficient algorithms for several standard graph problems, like the shortest path problem, the maximum flow problem and the maximum matching problem, will be discussed and their efficiency will be analyzed. Finally, students will practice their modeling skills by translating well-defined problems inspired by real-world challenges to a graph setting, and they will apply the knowledge obtained in the course by solving the corresponding graph problems or finding algorithmic solution methods.","['degree sequences', 'connectivity', 'bipartite graphs', 'trees', 'Euler graphs', 'Hamilton graphs', 'vertex and edge colorings', 'planarity', 'flows in directed graphs', 'matchings', 'vertex covers', 'edge covers', 'cliques and cocliques', 'adjacency matrices', 'graph isomorphism and automorphism groups', 'Breadth-First Search', 'Depth-First Search', 'shortest path algorithms', 'minimum weight spanning tree', 'maximum flow', 'maximum cardinality matching', 'maximum weight matching']","['Understand and apply basic definitions and theorems from graph theory, concerning e.g. degree sequences, connectivity, bipartite graphs, trees, Euler graphs, Hamilton graphs, vertex and edge colorings, planarity, flows in directed graphs, matchings, vertex covers, edge covers, cliques and cocliques, adjacency matrices, graph isomorphism and automorphism groups.', 'Prove basic statements on graphs, and reason about (algorithmic) solutions to graph problems.', 'The student is aware of efficient standard algorithms for graph problems, is able to apply them, argue their correctness, and analyze their time complexity. Among these standard algorithms are Breadth-First Search, Depth-First Search, several shortest path algorithms and algorithms for finding a minimum weight spanning tree, a maximum flow in a directed graph, and a maximum cardinality (weight) matching in a bipartite graph.', 'Identify and devise models for problems that can be solved using graph concepts, theorems and algorithms covered in the course.', 'Apply the new graph theory knowledge and techniques to solve problems inspired by real-world challenges.', 'Design a (group) presentation concerning a graph model for a practical problem.']","['Knowledge on set theory and logic, as covered in the course 2MBA10 Sets, Logic and Mathematical language, is required for this course.']","['CBL Modelling assignments (interim examination, weight 15)', 'Homework assignments (interim examination, weight 15)', 'Written examination (final examination, weight 70, minimum grade 5.0)']",2MBD10
Behavioral research methods 2: dealing with data,5 EC,Bachelor,"This course introduces essential statistical methods, including t-tests, non-parametric tests, (multiple)regression, and scale analysis, building on the research design foundation from 0HV00. Hands-on assignments familiarize students with coding, data cleaning, and statistical analysis. This course gives the students the required basic knowledge about statistical methods for more advanced statistical techniques taught in 0HV110.","['statistical methods', 't-tests', 'non-parametric tests', 'multiple regression', 'scale analysis', 'data handling', 'data cleaning', 'statistical analysis']","['Critically assess data sets, recognizing assumptions in statistical procedures.', 'Conduct syntax-based data handling and appropriate statistical analyses.', 'Interpret statistical results and evaluate data reliability.', 'Apply a structured, methodical approach to quantitative data analysis.']","['Knowledge at the level of Behavioral Research Methods 1 (0HV00) is assumed.', 'Basic programming knowledge, preferably in R (e.g., 0HV130) is recommended.']","['Final examination with Digi STEP Ans', 'Interim test']",0HV50
Probability and Statistics for CS,5 EC,Bachelor College,"This course gives an introduction to probability and statistics. Uncertainty shows up in many places within computer science. In complex systems you may need to consider failure rates of components, communication delays or imprecision in data or sensor input, whereas in algorithms randomness is used as a tool to create simpler or faster solutions. In these situations considering only best and worst-case behavior leads a an overly optimistic or pessimistic representation. Instead, a better option is often to model this uncertainty and analyze the model. Probability theory gives us the tools to do this and get a more accurate representation of the behavior of complex systems or algorithms. Statistics, on the other hand, concerns what can be learned from data. In this course you will learn how to build probabilistic models, perform statistical analyses of real data, and the theory behind all this.","['Sample space, events, interpretations of probability, axioms of probability', ""Probability rules, conditional probability, independence, Bayes' rule, random variables"", 'Discrete random variables, probability and cumulative distribution functions, expectation, variance', 'Standard discrete distributions such as the uniform, binomial and Poisson distribution', 'Continuous random variables, probability density function, cumulative distribution function, expectation, variance', 'Standard continuous random variables such as the uniform, normal and exponential distribution, Poisson process', 'Central Limit Theorem (CLT) and its applications', 'Discrete joint distributions, marginal and conditional probability, independence, correlation', 'Linear combination of (normal) random variables', 'Average case analysis of algorithms', 'Discrete Markov chains and their properties, limiting distribution', 'Exploratory data analysis, population and sample mean, variance, standard deviations, Box plot and probability plot', 'Sample distribution and the CLT', 'Point estimators and their properties, bias, mean-squared error, relative efficiency', 'Confidence intervals for parameters of the normal distribution and proportions', 'Hypothesis testing, Type I and Type II errors, power of a test, p-value', 'Tests for the parameters of the normal distribution and proportions', 'Connection between confidence intervals and hypothesis testing', 'Examples of using probability and statistics to analyze the performance of random algorithms and real-world data sets']","['Perform elementary calculations using the rules of probability theory', 'Work with discrete and continuous random variables and apply the important standard distributions in appropriate settings', 'Use joint distributions and properties when using multiple random variables such as independence and the Central Limit Theorem', 'Use discrete Markov chains and determine their properties and limiting distributions', 'Perform an exploratory data analysis of a data set', 'Identify properties of point estimators', 'Construct and interpret confidence intervals in various relevant settings', 'Apply hypothesis testing in various relevant settings and interpret the results', 'Explain how probability and statistics can be used in practice, for example in the analysis of random algorithms and real-world data sets']","['Basic knowledge of Calculus (e.g. 2WBB0)', 'Basic knowledge of Linear Algebra (e.g. 2DRR00)', 'It is recommended to take the course Data Structure (2IL50) either in parallel or prior to 2DRR10.']","['Final examination (Digi STEP Ans)', 'Interim examination (Digital tests)']",2DRR10
Linear algebra & multivariable calculus,5 ECTS,Bachelor,"In relation to the learning objectives Students are able to analyze systems of linear equations • Identifying linear systems of equations • Matrix algebra • row operations, elimination and echelon forms • Rank and Nullity theorem Students are able to apply solution techniques in Linear algebra • Determinants • LU decomposition • Inverse of a matrix Students understand the connection between the most essential topics in linear algebra Apart from the above, this includes topics such as; • Trace • Linear transformations • Eigenvectors etc. • Change of basis • Diagonalization • Orthogonality Students are able to analyze problems in 3D space • Euclidean vectors • Cartesian and Curvilinear coordinates • Vector valued functions of a single variable • Functions of multiple variables and scalar fields • Representation of curves and surfaces • Vector fields • Gradient, Divergence and Curl operators • Vector equations in physics Students can apply the most prominent mathematical techniques of multivariable and vector calculus • Local coordinate system to a curve (Tangential vector) • Vector algebra • Length of a parameterized line • Line integrals • Partial differentiation and the chain rule • Multiple integration with variable bounds • Integral of a vector field along a curve • Flux integrals Students understand the use of the fundamental theorems of vector calculus • Gradient theorem • Stokes’ curl theorem • Gauss’ divergence theorem","['Systems of linear equations', 'Matrix algebra', 'Row operations and echelon forms', 'Rank and Nullity theorem', 'Determinants', 'LU decomposition', 'Inverse of a matrix', 'Trace', 'Linear transformations', 'Eigenvectors', 'Change of basis', 'Diagonalization', 'Orthogonality', 'Euclidean vectors', 'Cartesian and Curvilinear coordinates', 'Vector valued functions', 'Functions of multiple variables', 'Scalar fields', 'Curves and surfaces', 'Vector fields', 'Gradient, Divergence and Curl operators', 'Vector equations in physics', 'Local coordinate system to a curve', 'Vector algebra', 'Length of parameterized line', 'Line integrals', 'Partial differentiation and chain rule', 'Multiple integration', 'Integral of a vector field along a curve', 'Flux integrals', 'Gradient theorem', 'Stokes’ curl theorem', 'Gauss’ divergence theorem']","['Students are able to analyze systems of linear equations', 'Students are able to apply solution techniques in Linear algebra', 'Students understand the connection between the most essential topics in linear algebra', 'Students are able to analyze problems in 3D space', 'Students can apply the most prominent mathematical techniques of multivariable and vector calculus', 'Students understand the use of the fundamental theorems of vector calculus']","['Calculus variant 2 (2WBB0) / Calculus for BMT (8BA000)', 'Physics for biomedical engineering (8BA030)']","['Bi-weekly tests (20%)', 'Final written exam (80%)']",8BA060
,,,,[],[],[],[],5EIA0
,,,,[],[],[],[],2WA40
Organic Chemistry 1,5 EC,BSc,"This course covers both the theoretical and the practical aspects of organic chemistry and analytical chemistry. In the theoretical part, the main focus will be on the use of nuclear magnetic resonance spectroscopy, mass spectrometry and UV-Vis spectroscopy for organic structure elucidation; on the use of curved arrows to depict reaction mechanisms of ionic and radical reactions; the reactivity and sterochemistry of elimination and nucleophilic substitution reactions at sp3 carbon atoms ;the reactivity of alkenes and alkynes in addition reactions, and the reactivity of alkanes in radical reactions with halogens. In the practical part, the main focus will be on preparing organic chemistry experiments, the synthesis of organic compounds, the purification of mixtures of organic compounds, the characterization of organic compounds using a variety of analysis techniques, and the writing of a lab report.","['NMR spectroscopy', 'mass spectrometry', 'UV-Vis spectroscopy', 'curved arrow formalism', 'reaction mechanisms', 'elimination reactions', 'nucleophilic substitution reactions', 'alkene addition reactions', 'alkyne addition reactions', 'alkane radical halogenation', 'organic synthesis', 'purification of organic compounds', 'characterization of organic compounds', 'lab report writing']","['The student is able to predict reaction products, including stereochemistry, in the reactions of alkanes, alkenes, and benzenes.', 'The student is able to classify, explain, and apply fundamental reactions such as SN2, SN1, E2, E1, alkene addition, electrophilic aromatic substitution and radical halogenation.', 'The student is able to draw mechanisms using curved arrow formalism for reactions of alkanes, alkenes, alkynes and benzenes.', 'The student is able to recognize IUPAC names for alkanes, halocarbons, alkenes, alkynes and aromatics, including cyclic molecules and stereochemistry.', 'The student is able to identify and distinguish the structure of simple organic compounds based on their NMR, and Mass  spectra.', 'The student is able to describe the main principles of NMR spectroscopy, UV-Vis spectroscopy an Mass spectrometry.', 'The student is able to perform a chemical reaction.', 'The student is able to purify and analyze a chemical compound.', 'The student is able to understand the theoretical background for executing and interpretating analysis techniques, such as GC, NMR, IR, and TLC.', 'The student is able to perform GC analysis.', 'The student is able to analyze GC results.', 'The student is able to apply internal and external calibration methods.', 'The student is able to improve the separation of components in a known mixture using GC.', 'The student is able to judge the safety issues and environmental aspects of chemical compounds.', 'The student is able to write a lab report.', 'The student is able to look up scientific information.', 'The student is able to orally describe and explain the obtained results.']","['Basic (organic) chemistry and practical skills', 'Practical and Inorganic chemistry (6BBR02)', 'Practical intro. to chemist & chem. tech (6A1X0)']","['Digital test (SOWISO+STEP) - safety test', 'Lab report 1 - organic chemistry', 'Lab report 2 - analytical chemistry', 'Oral examination', 'Practical skills evaluation', 'Weekly Canvas Quiz', 'Written examination (Ans Delft)']",6BMR01
The thinking eye (drawing),5 ECTS,MSc,,[],[],[],[],2WS29
Statistics for IE,5 EC,Bachelor,"As many business processes can be modeled using random variables, statistics is an important toolbox for Industrial Engineers to analyze a problem or situation using quantitative data. This course covers the basics of probability theory and statistics for Industrial Engineering. The course consists of 4 building blocks: Probability Theory, Point and Interval Estimation, Inference, and Regression. Students will learn to recognize when to use which statistical methods and apply these in the context of IE problem solving.","['Continuous probability distributions', 'Expected value and variance', 'Normal, exponential, Erlang, Weibull, lognormal, Gamma distributions', 'Poisson process', 'Central Limit Theorem', 'Discrete simultaneous distributions', 'Covariance and correlation', 'Estimation theory (unbiased, mean squared error)', 'Confidence intervals', 'Hypothesis testing (type I and II errors, p-value, sample size)', 'Two-sample tests (paired and independent)', 'Simple and multiple linear regression', 'Model adequacy checking', 'Machine learning approaches']","['Understand the concept of continuous probability distributions including expected value and variance. They will know the important continuous distributions and will be able to apply the correct distribution in a given situation.', 'Understand the use of two-dimensional stochastic variables in the case of simple discrete distributions.', 'Understand the principles of statistics, apply estimation theory in various problems, and understand the concept of confidence intervals and construct them in various situations.', 'Understand the concept of hypothesis testing and apply hypothesis testing for making decisions.', 'Use the chi-square test to check distributional assumptions.', 'Test hypotheses and construct confidence intervals on the difference of means of two normal distributions for paired and independent samples.', 'Use multiple regression techniques to build empirical models, and assess regression model adequacy.', 'Understand differences in linear regression approaches and machine learning approaches to model data.', 'Interpret outputs of statistical software packages.']","['Knowledge of basic probability theory, discrete distributions', 'Calculus (differentiation and integration)', 'Parts of 2WBB0, 2DD40 (or instead 2DL10, or 2DL15)']","['Team assignment (interim examination, weight 30%)', 'Written examination (final examination, weight 70%)', 'Mandatory completion of online homework tests with result at least 80%']",2DD80
,,,,[],[],[],[],2WO20
Stochastic Processes,5 EC,Advanced,"A stochastic process is a collection of random variables. In this course we define and classify stochastic processes. We subsequently provide extensive treatments of the following stochastic processes: the Poisson process, Markov chains, Markov processes, birth-and-death processes. We also discuss several applications of stochastic processes. The modelling of various real-life situations (queues, technological systems, investment strategies, biological phenomena) as stochastic process receives special attention.","['Poisson process', 'Markov chains', 'Markov processes', 'birth-and-death processes', 'applications of stochastic processes', 'modelling of real-life situations']","['To have a thorough understanding of the properties of the Poisson process', 'To have insight into Markov chains, Markov processes and birth-and-death processes, and to be able to determine their stationary distribution', 'To get a feeling for the application of stochastic processes in the analysis and optimization of all kinds of systems and phenomena in industry and society', 'To be able to treat a modeling problem of moderate size in the area of stochastics.']",['2MBS20 Probability Theory and Modelling'],"['Homework assignment', 'Interim examination', 'Written examination']",2MBS30
Advanced Calculus for CE&C,5 EC,Bachelor,"This course covers several aspects of advanced calculus, including complex numbers, second-order differential equations, functions of two real variables, planes, lines, vectors, distance, partial derivatives, the chain rule(s), linear approximations, gradient, directional derivative, double integrals in cartesian and polar coordinates, triple integrals using cartesian, cylindrical and spherical coordinates, and vector fields.","['complex numbers', 'second-order differential equations', 'functions of two real variables', 'partial derivatives', 'chain rule', 'linear approximations', 'gradient', 'directional derivative', 'double integrals', 'triple integrals', 'vector fields']","['The student is able to compute with the different representations of complex numbers.', 'The student is able to solve second order linear homogeneous and inhomogeneous differential equations with constant coefficients.', 'The student is able to analyse functions of more than one variable using level curves, partial derivatives, the gradient, linear approximations and the tangent plane, and Taylor series.', 'The student is able to find and classify extrema by examining critical, singular and boundary points (with or without side conditions), using the Lagrange multipliers method.', 'The student is able to compute and work with double and triple integrals, by reducing them to repeated integrals with special attention to cartesian, polar and spherical coordinates.', 'The student is able to state the notion of vector fields and integrate vector fields along curves and through surfaces.']",['Calculus'],"['Digital test 1 (SOWISO+STEP)', 'Digital test 2 (SOWISO+STEP)', 'Digital test 3 (SOWISO+STEP)', 'Digital test 4 (SOWISO+STEP)']",6BBR05
,,,,[],[],[],[],5EMA0
Mathematics 2,5 EC,Bachelor,"Many industrial engineering problems (transportation, distribution, inventory, production, ....) can be modeled as optimization problems. Some of these problems are deterministic (all input is known beforehand), while in other problems uncertainties play a role (e.g., demand in inventory problems or arrivals of orders in production problems). In this course mathematical models and solution methods will be discussed for these type of problems. The course consists of two parts: Optimization and Stochastic Operations Research.","['Formulation of practical problems as LP problems', 'Standard LP problem', 'Simplex method', 'Optimality test', 'Dual LP problem', 'Weak and strong duality', 'Complementary slackness relations', 'Integer LP problems', 'Branch-and-bound-method', 'Transportation problems', 'Simplex method for Transportation problems', 'Markov chains', 'transient behavior', 'limiting behavior', 'cost models', 'Markov processes', 'Poisson processes', 'birth and death processes', 'Renewal theory', 'renewal-reward theorem', 'Queueing models', 'Exponential models (M/M/1, M/M/s, M/M/s/K)', 'Non-exponential models (M/G/1, G/M/1, G/G/1)', 'Mean value analysis for M/G/1 model', 'Limiting distribution for G/M/1 model', 'Approximations for G/G/1 model']","['Students are able to see which kind of problems can in principle be solved in the formulation of practical optimization problems', 'The student is able to formulate a discrete-time Markov chain, a continuous-time Markov chain and a queueing model for relatively simple practical situations', 'For discrete-time Markov chains, the student can calculate transient and limiting distributions, short-term and long-term costs and first passage times', 'For continuous-time Markov chains, the student can calculate the limiting distribution, long-term costs and first passage times', 'The student can apply the renewal-reward theorem in order to calculate the long-term cost rate in renewal processes', 'The student can calculate and interpret several performance measures in a number of queueing models']","['Basic course Calculus, in particular differentiation and integration', 'Mathematics 1: Elementary probability theory and discrete distributions, calculations with matrices, systems of linear equations', 'Statistics: Continuous distributions']","['Written examination', 'Interim examination', 'Final examination']",2DD50
Advanced Calculus I,2.5 EC,Pre master,"Differential equations (C6b)
Second order linear differential equations with constant coefficients.
Applications of integration (C7)
Volumes by slicing, solids of revolution, arc length and surface area. Mass, moments and centre of mass.
Functions of several variables (C9)
Functions of several variables: partial derivatives, linearization, gradient,directional derivative, Taylor approximation, implicit functions, differentiation of parameter dependent integrals
Double integrals (C11a)
Double integrals, change of variables, polar coordinates
Complex numbers (C14)
Definition and arithmetic of complex numbers. Roots of complex numbers.","['Second order linear differential equations with constant coefficients', 'Volumes by slicing', 'Solids of revolution', 'Arc length', 'Surface area', 'Mass, moments and centre of mass', 'Partial derivatives', 'Linearization', 'Gradient', 'Directional derivative', 'Taylor approximation', 'Implicit functions', 'Differentiation of parameter dependent integrals', 'Double integrals', 'Change of variables', 'Polar coordinates', 'Definition and arithmetic of complex numbers', 'Roots of complex numbers']","['Being able to solve second order linear differential equations with constant coefficients and understands the corresponding theory.', 'Being able to apply integration to compute arc length, volumes and surface areas.', 'Being able to analyze functions of several variables with respect to the following aspects: level curves, partial derivatives, gradient, directional derivative, linear approximation, Taylor series. Extending the concept of differentiability to functions of several variables.', 'Being able to compute a double integral by evaluating an iterated integral in cartesian or polar coordinates.', 'Being able to work with complex numbers']",['2WBB0 Calculus B or a similar course'],['Written examination'],2DL40
,,,,[],[],[],[],2ITS60
,,,,[],[],[],[],0LVX40
,,,,[],[],[],[],2IT50
Fundamentals of machine learning,5 EC,Advanced,"This course aims to offer a solid theoretical basis for modern machine learning methods. It will teach students the mathematical foundations of machine learning, introduce a number of elementary techniques and discuss methods for evaluation of model performance. These concepts are the fundamental building blocks of modern AI approaches, such as deep learning, and offer insight and understanding in the workings of such models.","['Introduction to supervised learning', 'Linear regression', 'Linear classification', 'Regularization', 'Model assessment', 'Model inference', 'Ensemble learning', 'Neural networks', 'Kernel methods', 'Unsupervised learning basics']","['Can explain the difference between classification and regression and is able to list methods for addressing these two different types of machine learning problems', 'Can recognize overfitting and can explain how it relates to model generalization and how to address it', 'Is able to compare different methods for learning representations and can provide examples of situations where to apply them', 'Is able to explain how neural networks can be trained for a certain machine learning task and can deconstruct a network into its fundamental building blocks', 'Can explain how kernels can be used to transform non-linear problems into linear ones and is able to apply them', 'Can summarize different ways to use ensemble learning and is able to identify potential benefits and downsides of this approach', 'Can discriminate between supervised and unsupervised learning and can list at least two methods for both of them', 'Is able to implement machine learning models in Python and can evaluate their performance', 'Can select an appropriate machine learning methods for a given problem and motivate this choice by comparing it to alternative options', 'Can predict the effect of model hyperparameters on their performance and propose a method for selection hyperparameter values']","['Basic linear algebra and calculus knowledge: derivatives, integrals, matrix and vector operations and notation', 'Basic probability theory and statistics: Gaussian distribution, expectation, variance']","['Assignment Interim examination', 'Written examination Final examination']",5XSL0
,,,,[],[],[],[],6A6X0
Mathematics 2,5 EC,Pre master,"Many industrial engineering problems (transportation, distribution, inventory, production, ....) can be modeled as optimization problems. Some of these problems are deterministic (all input is known beforehand), while in other problems uncertainties play a role (e.g., demand in inventory problems or arrivals of orders in production problems). In this course mathematical models and solution methods will be discussed for these type of problems. The course consists of two parts: Optimization and Stochastic Operations Research.","['Linear programming: problem formulation and standard LP problem', 'Simplex method and optimality test', 'Dual LP problem: weak and strong duality, complementary slackness relations', 'Integer LP problems: formulation and solution methods, branch-and-bound method', 'Transportation problems: definition, simplex method for transportation problems', 'Markov chains: definition, transient and limiting behavior, cost models', 'Markov processes: definition, limiting behavior, Poisson processes, birth and death processes', 'Renewal theory: definition of renewal process, renewal-reward theorem with applications', 'Queueing models: exponential models (M/M/1, M/M/s, M/M/s/K), non-exponential models (M/G/1, G/M/1, G/G/1), mean value analysis, approximations']","['Formulate a discrete-time Markov chain, a continuous-time Markov chain and a queueing model for relatively simple practical situations', 'For discrete-time Markov chains: calculate transient and limiting distributions, short-term and long-term costs and first passage times', 'For continuous-time Markov chains: calculate the limiting distribution, long-term costs and first passage times', 'Apply the renewal-reward theorem to calculate the long-term cost rate in renewal processes', 'Calculate and interpret several performance measures in a number of queueing models', 'See which kind of optimization problems can in principle be solved', 'Become familiar with solution methods for linear optimization problems', 'Understand problems for which solutions have to be necessarily integer valued']","['Basic course Calculus, in particular differentiation and integration', 'Mathematics 1: Elementary probability theory and discrete distributions, calculations with matrices, systems of linear equations', 'Statistics: Continuous distributions (needed after week 3 for the SOR part)', 'Mathematics 2 (2DD50) [not completed]']","['Written examination - Final examination (70% weight, minimum grade 5.0)', 'Written examination - Interim examination (15% weight)', 'Written examination - Interim examination (15% weight)']",2DD55
Formal Algorithm Analysis for Premaster,5 EC,Pre master,"In this course, you will develop basic skills and knowledge to create and reason about efficient algorithms to solve computational problems. We first introduce asymptotic notation to formally analyze the running time of an algorithm. After briefly discussing algorithmic complexity (NP-hardness), we discuss basic algorithm design techniques and how to formally prove an algorithm’s correctness.","['asymptotic notation', 'algorithmic complexity (NP-hardness)', 'algorithm design techniques', 'proving algorithm correctness', 'Master Theorem', 'proof by substitution', 'proof by loop invariant', 'data structures', 'sorting', 'searching', 'formal proving techniques', 'direct proof', 'indirect proof', 'case distinction', 'proof by induction', 'NP-hard problems']","['reason about the efficiency and correctness of both given and self-created algorithms by applying formal proving methods, such as the Master Theorem, proof by substitution, or proof by loop invariant.', 'select and apply suitable data structures for frequently appearing problems, depending on the given input data.', 'apply basic algorithm design techniques to solve variations of frequently appearing problems, such as sorting values or searching for a specific value in a data set.', 'create efficient algorithms to solve basic computational problems by modifying known algorithms and data structures.', 'recognize and apply different proving techniques for formal textual proofs, such as direct proof, indirect proof, case distinction, and proof by induction.', 'recognize computationally hard problems by relating a given problem to common examples of NP-hard problems.']",[],"['Final examination (Digi STEP Ans)', 'Intermediate homework assignments']",2IHA10
Combinatorial Optimization for Data Science,5 EC,Advanced,"All information regarding this course (incl. lecture and exam information) can be found on the site of TiU: https://uvt.osiris-student.nl/onderwijscatalogus/extern/cursussen

Please note: registration for the course needs to take place at Tilburg University. For registration please send an email to: jbds@tilburguniversity.edu
The EXAM will take place in Tilburg: separate registration for the EXAM is necessary.

IMPORTANT: this course is taught in Tilburg, which means that you need to enroll in Tilburg. Contact Marieke Bosscher (JBDS@uvt.nl) for enrolling for this course. Note that for Tilburg courses you need to register for exams separately several weeks before the exam takes place.",[],[],['prior knowledge JBM075'],['Written examination'],JBM090;
Foundations of Statistics,5 EC,BSc,"In this course you will learn about the foundations of Mathematical Statistics. Statistics concerns what can be learned from data. Applied statistics comprises a body of methods for data collection and analysis across the whole range of science, and in areas such as engineering, medicine, business, and law - wherever variable data must be summarized, or used to test or confirm theories, or to inform decisions. Theoretical statistics underpins this by providing a framework for understanding the properties and scope of methods used in applications. In this course the main emphasis in given to statistical inference, and in particular to the theoretical underpinnings of statistical inference. This does not mean we will not be concerned with applied matters, and throughout the course the student will be exposed to several applied situations, where inferences about real data must be done.","['Statistics and estimators: point estimators, maximum likelihood, the method of moments, Bayesian methods', 'Evaluation of the performance of estimators: mean squared error, bias-variance decomposition, uniformly minimum variance unbiased estimation, the Cramer-Rao lower bound, Rao-Blackwell’s theorem', 'Sufficiency and Completeness, the Lehmann-Scheffé’s theorem', 'Asymptotic notions: consistency, MSE consistency, asymptotic unbiasedness', 'Maximum likelihood estimation: Invariance property, consistency of the MLE for certain classes of models (finite classes, and Wald consistency conditions), asymptotic normality', 'Confidence regions and intervals: interpretation, pivotal quantity method, approximate pivots and asymptotic normality', 'Hypothesis testing: simple vs. composite hypothesis, type I and II errors, power function and p-value, relation between hyp. Testing and confidence intervals. Tests for the normal and binomial distribution', 'Optimality of hypothesis testing: most powerful tests and the Neyman-Pearson lemma, uniformly most powerful tests, unbiased tests, generalized likelihood ratio tests and Wilk’s theorem', 'Non-parametric methods: the empirical distribution function and the Glivenko-Cantelli lemma, GoF testing based on the ECDF, density estimation by histograms']","['carry out standard statistical analyses (on paper and with statistical software)', 'discuss estimation in parametric models, including basic statistical optimality analysis', 'derive and apply interval estimators and statistical hypothesis tests', 'adequately perform and document statistical calculations', 'explain the mathematical foundations of statistical inference tools']","['2MBS10 – Probability and Modeling', '2WS20 - Kansrekening']","['Assignment (Interim examination, weight 20)', 'Written examination (Final examination, weight 80, minimum grade 5.0)']",2MBS20
,,,,[],[],[],[],2DL50
Datamodeling and Databases,5 EC,BSc,"This course teaches students to design (the data structures of) information systems. With ""design"" we mean that the students learn to translate a natural language description of an organization’s information needs into a data model, expressed in the entity relationship model. Students must be capable of translating that model into a relational database structure. They must be able to optimize this structure by means of constraints and decomposition algorithms. Students also must become fluent in query languages, in order to express natural language questions in query languages, and in order to express formal queries in natural language. Students additionally acquire social awareness of the role of conceptual modeling in social and technical systems and can effectively apply this awareness in the design of conceptual models.","['Entity-Relationship Model (and equivalent UML constructs)', 'Designing E-R diagrams for business situations', 'The Relational Database model', 'Constraints and Decompositions', 'Query languages: translation from natural language to query languages and back; equivalence of query languages']","['Translate a natural language description of an organization’s information needs into a data model expressed in the entity relationship model', 'Translate that model into a relational database structure', 'Optimize this structure by means of constraints and decomposition algorithms', 'Become fluent in query languages', 'Express natural language questions in query languages', 'Express formal queries in natural language', 'Acquire social awareness of the role of conceptual modeling in social and technical systems and effectively apply this awareness in the design of conceptual models']","['Logic and set theory - 2IT60', 'Data Management for Data Analytics (JBI050)']","['Assignment', 'Written examination']",2ID50
,,,,[],[],[],[],0HV120
Linear Algebra 1,5 EC,Bachelor,"Systems of linear equations, matrices and vector spaces are the core topics in this course. Systems of linear equations and matrix arithmetic can be seen as the computational vehicles for working in vector spaces, but are also interesting in themselves and used everywhere in science.   Vector spaces are a convenient way of mathematically modelling and working with space (and to generalize!) and elementary vector space theory mostly focuses on linear aspects.  Vector spaces consist of vectors (just think of arrows with a certain direction and a certain length, arrows that can be added and multiplied by scalars - that's the algebra!) and provide a way to define and work with notions like distance, angle, dimension, linear objects, maps between linear objects.   We introduce vector spaces in an abstract setting so that the corresponding theory can be applied and used in various settings, for instance in  other (mathematics) courses ranging from vector analysis to probability theory to optimization to machine learning. Linear algebra is indispensable for all branches of mathematics, and also for many of the engineering sciences. It is also the starting point for studying more advanced non-linear objects and more advanced computational techniques (in other courses). Since this course is primarily aimed at mathematics students, we specifically pay attention to the way linear algebra is mathematically structured, and that includes attention for precise mathematical statements and proofs. It is advised to take both Linear Algebra 1 and Linear Algebra 2 (focussing more on linear maps between vector spaces like reflections and rotations), since together they cover the standard topics in linear algebra. In Linear Algebra 1 we also discuss how complex numbers, next to vector methods, can be used in planar geometry.","['Complex plane, complex number techniques applied to geometry in the complex plane', 'Vectors in the plane and in 3-space, inner product (length, distance, angle, perpendicularity), cross product, planes and lines in 3-space (vector parametric description, equation), basis vectors, coordinates', 'Systems of linear equations, matrices, row reduction, reduced row echelon form, Gaussian elimination', '(Abstract) vector space, vector space axioms, linear subspace, linear span, linear (in)dependence, basis, dimension, coordinates, intersections, vector space constructions (intersection, product/sum, quotient)', 'Matrices, special matrices (zero matrix, identity matrix, transpose), arithmetical operations (sum, scalar multiple, product, inverse, transpose), rank of a matrix', 'Determinant, defining properties, expansion methods, relation with linear independence, Cramer’s rule', 'Inner product, Cauchy-Schwarz’s inequality, length, angle, orthogonality, Pythagorean theorem, orthogonal complement, orthonormal basis, Gram – Schmidt procedure, projection, distance', 'Linear transformations between vector spaces, matrix representations of linear transformations, projections, reflections', 'Setting up a mathematical document using LaTeX']","['The student knows and understands the definitions of and (elementary) results about the notions mentioned in the following, and can handle complex numbers to analyze and solve planar geometry problems using computations and proofs', 'employ vectors in the plane and in 3-space with and without coordinates and standard inner product to describe and derive results about points, lines, planes and their relative position', 'can describe certain geometric transformations as linear maps and write such maps in matrix form', 'reduce matrices to reduced row echelon form', 'solve systems of linear equations using row reduction', 'carry out arithmetic operations with matrices, and determine the rank of a matrix', 'compute determinants, and use their properties', 'work with vectors in concrete and abstract vector spaces  with and without inner products to determine linear (in)dependence,  (orthonormal) bases and to describe lines, planes, linear subspaces and their  relative position (intersections, projections, distances)', 'work with linear transformations between vector spaces and their matrix representations', 'solve problems in linear algebra by using and combining the various computational techniques', 'develop proofs in situations regarding the various themes', 'relate the various concepts and techniques in order to solve problems', 'The student is familiar with the document preparation system LaTeX and is able to write a short mathematical document in LaTeX according to (basic) scientific requirements.']","['Completed none of the course modules listed below: Linear algebra 1 (2WF20), with at least a 6', 'High school mathematics (science oriented)', 'an interest in both theoretical and computational aspects of linear algebra', 'complex numbers as discussed in the Calculus course that runs in parallel will be used after complex numbers have been discussed in the Calculus course']","['Homework (Interim examination, weight 15)', 'Intermediate test (Interim examination, weight 10)', 'Written examination (Final examination, weight 75, minimum grade 5.0)']",2MBA20
,,,,[],[],[],[],JBI020;
Numerical Methods,5 EC,BSc,"This course introduces the basics of numerical methods and scientific computing. After this course students understand the concepts, and are able to recognize and solve (systems of) linear, nonlinear, and differential equations, as well as numerical interpolation and integration. The mathematical and numerical background of several numerical techniques will be introduced and the key concepts will be implemented and demonstrated. Python is used as the main programming environment, introducing also the functionalities provided by the modules NumPy, SciPy and Matplotlib.","['Programming and Algorithms', 'Numerical Errors (and stability) in computer simulations', 'Linear Equations: matrix calculations (inverse, determinant)', 'Gaussian elimination', 'Partial Pivot Ting', 'LU factorization', 'sparse systems', 'iterative methods (Jacobi, Gauss-Seidel)', ""Non-Linear equations: Newton's method"", 'Broyden’s method', 'Numerical interpolation and integration', 'Ordinary differential equations (explicit/implicit methods, systems of ODEs, higher-order methods)', 'Partial differential equations (discretization, implicit and explicit solutions, time stepping, characterization of PDE)', 'Optimization and data regression (Simplex method, least squares method)']","['The student understands the following topics: existence and origin of numerical errors, solution techniques for (systems of) linear and non-linear equation(s).', 'The student understands the fundamental principles for solving linear and non-linear algebraic and differential equation solvers, and being able to implement basic solution methods.', 'The students is able to use Python functionalities and NumPy/SciPy/Matplotlib features to solve a wide range of Chemical Engineering problems (solving ODEs, optimisation problems, interpolation and integration).', 'The student is able to validate, verify and classify solution techniques according to the order of convergence, absolute and relative error.', 'The student is able to formulate solution strategies for chemical engineering questions, by identification of the equation type and consequently breaking down the problem into sizable parts and suggesting the right numerical tool(s) (e.g. solution techniques for systems of linear and non-linear algebraic and (partial) differential equations, optimization problems, numerical integration and interpolation), and being able to implement them into a script or program.', 'The student is able to demonstrate generic programming abilities in Python, i.e. being able to set up an algorithm based on input/output, variables and functions, computations and control statements.']","['Programming', 'linear algebra', 'calculus', 'basic statistics']","['Assignment', 'Final exam (Digi STEP Ans)']",6BER03
Creative programming,5 EC,Bachelor,"This course aims to empower the students to learn computer programming, but with a creative and design-oriented focus. The main environment used is Processing (A Java-based programming language, http://processing.org) and Arduino (http://arduino.cc/) are introduced as platforms for experiments and for connecting the digital and the physical.","['Introduction to programming and software engineering', 'Variables and control flows', '2D graphics and animations', 'Arrays and other data structures', 'Functions', 'Algorithms', 'Object orientation', 'GUI and interactivity', 'Arduino and Serial communication', 'Networking']","['Students will learn programming first in a visual context by creating artistic visuals and interactive animations and later in a tangible context by integrating sensors and actuators.', 'Students are expected to gain first-hand experience with Processing programming in creating visuals, animations and tangible prototypes.', 'Students are expected to master fundamental programming concepts such as variables, control flows, functions, data structures and object-orientation, to build a vocabulary for communicating with software engineers.']",[],"['Final examination', 'Practical', 'Interim report', 'Homework assignment']",DBB100
"Sets, Logic and Mathematical Language",5 EC,Bachelor,A first introduction to the language of mathematics and algebraic concepts.,"['Set theory', 'Logical operators', 'Quantifiers', 'Functions and maps', 'Equivalence relations', 'Orders', 'Linear recurrences', 'Induction and recursion', 'Integer computations', 'gcd', 'lcm', 'Euclidian algorithm', 'Primes', 'Eratosthenes sieve', 'Factorisation', 'Chinese remainder theorem', 'Modular arithmetic', 'Cardinalities', 'Digital communication applications']","['The student knows the basic concepts and techniques of set theory, logic and abstract algebra can use it in calculations is familiar with logical reasoning.', 'The student can construct proofs on the topics mentioned.', 'The student can communicate within a mathematical setting', 'The student can experiment and conduct mathematical statements based on these experiments']",['High school mathematics'],"['Online test', 'Weekly homework', 'Written examination']",2MBA10
Discrete Mathematics,5 EC,Bachelor,"Many aspects of Data Science rely on computers to do the heavy lifting for handling data, computing results, running simulations, etc. To effectively use the computer as a tool, we will cover basic discrete mathematical structures that occur in many contexts in computer science and data science. You will learn the basic skills and knowledge of logic to formally reason about these structures, including relations, orderings, graphs (networks) and trees.","['logic', 'set theory', 'proving techniques', 'functions', 'relations', 'combinatorics', 'graph theory', 'rooted trees']","['apply basic terms and concepts of logic and set theory in reasoning and proving', 'use basic proving techniques (e.g., direct proof, proof by contradiction, induction)', 'identify and prove properties of functions and relations (e.g. injection, surjection, symmetry, transitivity, reflexivity, etc.)', 'apply the basics of combinatorics and counting (e.g., number of binary strings of given length, number of subsets of a set, number of permutations of a set)', 'reason about the basic definitions and concepts of graph theory', 'identify various properties and substructures in graphs (e.g., Euler tours, Hamiltonian Cycles, 2-connectivity)', 'reason about properties of rooted trees (e.g., height, depth, size of (un)balanced binary trees)']","['Enrolled for one of the following degree programmes: Data Science, Psychology & Technology', 'Discrete Structures (2IT80)']",['Final examination'],JBI026
,,,,[],[],[],[],4WBB0
Multivariable Calculus,5 EC,Bachelor,"Models in science and engineering are often formulated in the mathematical language of calculus. A solid command of the corresponding concepts and techniques is therefore a prerequisite for any physicist. This course is about these concepts and techniques, in particular, concerning functions of several variables.","['Functions of several variables', 'Domain', 'Image', 'Graph of functions', 'Level curves and surfaces', 'Limits and continuity', 'Implicit function theorem', 'Partial derivatives', 'Directional derivatives', 'Linear approximation and gradient', 'Total derivative', 'Chain rule', ""Taylor's theorem and expansion"", 'Multi-index notation for higher derivatives', 'Vector-valued functions and interpretation as ""change of coordinates"" or deformations', 'Jacobi matrices', 'Integration order and theorems on the exchangeability of order', 'Integration limits', 'Change of variable formula', 'Improper integrals', 'Convergence of improper integrals', 'Divergence of improper integrals', 'Change of variables formula and its general validity', 'Standard coordinate systems', 'Cartesian', 'Cylindrical', 'Spherical', 'Optimization in multivariable calculus', 'Local/global maximum and minimum', 'Critical points', 'Saddle points', 'Constraints', 'Lagrange multipliers', 'Lagrange equations']","['Graphically represent functions of several variables using graphs and level sets', 'Calculate partial and total derivatives, gradients, and directional derivatives', 'Calculate linearisations and apply them for approximations, including tangent planes to graphs and level sets', 'Calculate higher order derivatives and Taylor approximations', 'Find critical points of differentiable functions of several variables, and classify them in case of two variables', 'Find global extrema of differentiable functions on bounded closed domains', 'Apply the method of Lagrange to find extrema of differentiable functions under equality restrictions', 'Interpret bijective differentiable mappings as coordinate changes and as deformations', 'Calculate Jacobian matrices and interpret them as derivatives', 'Use the chain rule for differentiable functions of several variables', 'Apply the Implicit Function theorem to the solution of nonlinear systems of equations', 'Calculate integral of functions of several variables on rectangular and general domains', 'Use the change-of-variables theorem for these calculations, and identify suitable coordinates for the integrals']",[],"['Written final test', 'Mid-term assessments: six weekly homework assignments in groups']",31MCA
Programming,5 EC,Bachelor,"This course introduces imperative and object-oriented programming using Python. Topics: basic imperative programming (assignment, contionals, iterations, input/output, functions), typing, objects, a few collection classes, inheritance, specification of methods, coding style practice, and basic handling of large data sets.","['imperative programming', 'object-oriented programming', 'assignment', 'conditionals', 'iterations', 'input/output', 'functions', 'typing', 'objects', 'collection classes', 'inheritance', 'specification of methods', 'coding style practice', 'handling of large data sets']","['Apply computational thinking to solve programming problems.', 'Design and implement simple imperative and object-oriented programs from scratch on the basis of an informal specification.', 'Use basic aggregation, searching, and sorting algorithms in the design of simple programs.', 'Evaluate written code functionality by means of implementing unit tests.', 'Clean, explore, and analyze datasets to solve data science-related problems.', 'Apply the basic principles and techniques of code quality to implement programs.', 'Develop Python programs using off-the-shelf technologies (e.g. Jupyter Notebook, PyCharm, Git, GitLab).']","['Principles of Design and Programming (4CA10)', 'Programming and Linear Algebra (6BBR06)']","['Homeworkassignment', 'Written examination using notebook']",JBI010
,,,,[],[],[],[],0SAB0
,,,,[],[],[],[],2IIG5
Impact of technology engineering for society,5 EC,Bachelor,"Technological innovation is one of the key elements of human progress. New technologies can provide business opportunities, solve social problems, and allow users to do new things. However, even with clear expectations and active participation of a broad range of stakeholders, new technologies also raise ethical questions, can have serious implications for society and the environment, and pose new risks, often unknown and unknowable before the new technologies reach maturity. Society not only shapes technology but technology also shapes society. New technologies strongly depend on social acceptance and cannot escape public debates of regulation and ethics. Engineers who develop technologies must do that responsibly, since they do not just make things; they build society. They need to reflect on – and include – public values in this process. This requires methods and approaches to evaluate and compare technologies. This course provides theoretical and practical frameworks for assessing and designing responsible innovations. The course will consist of three parts: Three central lectures of TU/e-top-researchers in their field. These researchers will show that technological research plays a significant and dependable way to understand and solve the complexity of numerous social problems faced by humanity. Deepening seven online modules about assessment methods. In these modules, students will study, practice with, and complete a range of exercises about assessment methods, such as risk analysis, cost-benefit analysis, life cycle analysis, and systems thinking and systems analysis. Group assignment. In the group assignment, students will apply the theory learned in the online modules based on a case students have chosen, such as digital twins, autonomous cars, care robots, smart urban lighting, and human crowd dynamics.","['risk analysis', 'cost-benefit analysis', 'life cycle analysis', 'systems thinking and systems analysis', 'Value Sensitive Design', 'digital twins', 'autonomous cars', 'care robots', 'smart urban lighting', 'human crowd dynamics']","['explain the scope of engineers’ social and moral responsibilities in light of the societal impact of technological innovations', 'reflect on the changing nature, impact, and responsibilities of the engineering profession', 'explain the several qualitative and quantitative assessment methods, such as cost-benefit analysis, life-cycle analysis, and Value Sensitive Design that can be used to evaluate the environmental and societal impact of technology.', 'identify value conflicts in a design process, for example relating to costs and benefits, risks, and non-financial social and environmental impacts of technological change', 'apply qualitative and quantitative assessment methods in making morally justified decisions in engineering design concerning public values, such as sustainability, equality, and privacy', 'evaluate the effectiveness of different assessment methods with regard to designing responsible innovations']","['0LVX30 (2024-2) ITEC-Ethics of technology and engineering, or 0LVX10 (2024-4) ITEC-Ethics of technology and engineering.', 'Enrolled for one of the following degree programmes: Applied Mathematics, Architecture, Urbanism and Building Sciences, Biomedical Engineering, Chemical Engineering and Chemistry, Computer Science and Engineering, Industrial Design, Industrial Engineering, Medical Sciences and Engineering, Psychology & Technology, Sustainable Innovation', 'Registered for a degree programme other than: Applied Physics, Automotive Technology, Electrical Engineering, Mechanical Engineering', 'Completed none of the course modules listed below: ITEC engineering for society (0LVX40)']","['Group assignments (interim examination, test weight 50, minimum grade 6.0)', 'Individual assignments (interim examination, test weight 0)', 'Written examination (final examination, test weight 50, minimum grade 5.0)']",0LVX20
Computer architecture,5 EC,BSc,"Computer Architecture I introduces the design and working principles of digital computation and information processing. It uses a single-core RISC-V processor as a running example. Students will learn about the design and synthesis of digital hardware, the combination of this hardware in computer architectures, and the programming of the hardware through low-level software (i.e., assembler and its connection with the instruction set architecture).","['von Neumann model (datapath, control flow, storage elements)', 'single-cycle, multi-cycle, pipelining (principles)', 'Efficient pipelining (hazards and forwarding)', 'RISC-V processor architecture', 'RISC-V instruction set', 'memories (basic memory hierarchy; basic cache principles)', 'data representation systems (various binary formats)', 'machine and Assembly languages', 'Boolean logic', 'Finite State Machines (FSMs)', 'Logic synthesis (sequential and combinatorial circuits)', 'Verilog HDL', 'Custom hardware / special function units', 'RISCV design (Verilog)']","['describe the interface between hardware and software in computer systems', 'illustrate and distinct the operation of a single-cycle, multi-cycle and pipelined computer architecture', ""evaluate pro's and con's of the design choices made in the RISC-V Instruction Set Architecture and processor implementations"", 'synthesize a pipelined computer architecture using a hardware description language', 'develop custom hardware using synthesis tools', 'create software algorithms and programs in the RISC-V assembler language from a problem description in the C programming language']",['prior knowledge on C programming'],"['Final examination', 'Lab assignments', 'Online quizzes']",5EIC0
,,,,[],[],[],[],2IT801;
Logic and Set Theory,5 EC,BSc,"Logical reasoning is an indispensable tool when designing a solution to any complex technical problem. This course discusses the principles of correct logical reasoning. You learn to formulate statements in unambiguous logical language, and to manipulate statements in a structured and logically valid manner. At the end of the course you are able to give simple mathematical proofs, in particular using the technique of mathematical induction.","['Propositions', 'truth tables', 'equivalence', 'logical consequence', 'tautology', 'contradiction', 'contingency', 'Predicates', 'quantifiers', 'variable binding', 'Logical derivation', 'reasoning with propositions and predicates', 'conclusion', 'assumption', 'context', 'validity', 'Set', 'subset', 'intersection and union', 'complement', 'difference', 'the empty set', 'powerset', 'cartesian product', 'Relation', 'equivalence relation', 'equivalence class', 'Mapping (function)', 'image and source', 'injection', 'surjection', 'bijection', 'inverse function', 'composition of relations and functions', 'Partial ordering', 'linear ordering', 'Hasse diagram', 'maximal and minimal elements', 'Induction', 'strong induction', 'inductive definition']","['After completing the course, the student can formalise first-order properties with formulas of predicate logic', 'can prove that a first-order formula of predicate logic is a tautology using a natural-deduction style formal system', 'can reproduce the formal definitions of predicates and operations on sets (set comprehension, subset, intersection, union, complement, set difference, empty set, power set, Cartesian product)', 'can reproduce the formal definitions pertaining to relations (equivalence relation, equivalence class, composition of relations)', 'can reproduce the formal definitions pertaining to mappings (image and source, injection, surjection, bijection, inverse mapping, composition of mappings)', 'can prove simple first-order properties about sets, relations and functions using generally accepted mathematical proof techniques (e.g., direct proof, contradiction, case distinction)', 'can refute the validity of a first-order property about sets, relations and functions with a counterexample', 'can reproduce the formal definitions pertaining to partial orderings (linear partial ordering, minimal and maximal elements, minimum and maximum)', 'has a systematic approach (in particular, can systematically draw conclusions according to a predefined collection of axioms and inference rules)', 'can prove properties with induction']",['High-school Mathematics'],"['written examination', 'final examination', 'weekly tests', 'final exam']",2IT60
Probability and Statistics,2.5 EC,Pre master,"Many processes can be modeled using stochastics variables. In the first half of this course the basic theoretical framework and some of the most relevant (discrete and continuous) parametric probability distributions are given that are particularly useful for models in practical applications. In practice, these parameters are often unknown and need to be estimated from data, which is part of of statistics. . In the statistics part of this course we learn to construct confidence intervals for such parameters, state and test hypotheses and summarize datasets numerically and graphically.","['Introduction to probability', 'random variables', 'Important parametric distributions (discrete and continuous)', 'Mean and variance of a random variable', 'Central Limit Theorem and Law of Large Numbers', 'linear combination of random variables', 'Descriptive statistics', 'Estimation theory (unbiasedness and Mean Square Error)', 'confidence intervals', 'principles of hypothesis testing']","['Knowledge of the principles of probability', 'Ability to apply standard probability distributions', 'Knowledge of which probability distribution to use in a given problem', 'Knowledge of basic statistical methods for estimation and testing', 'Ability to apply statistical methods and know assumptions', 'Ability to draw conclusions from statistical methods', 'Ability to read and understand articles using basic statistical methods']","['Calculus: more in particular differentiation and integration', '2WAB0', '2WBB0', '2DL10', '2DL15', '2DB03']","['Online test (Interim examination, test weight 15)', 'Written examination (Final examination, test weight 85, minimum grade 5.0)']",2DL70
Complex Analysis,5 EC,Bachelor,"The theory of complex functions is a very rich and classical part of applied analysis with important applications in many areas of physics, algebra and geometry. Considered will be: holomorphic (analytic) functions, line integrals, theorems of Cauchy and Liouville, Taylor and Laurent series, complex logarithm, residue calculus and its applications, Fourier and Laplace transformation and their applications.","['Complex numbers: algebraic properties, fundamental topological concepts, sequences, continuity, series and analytic functions', 'Holomorphic functions: complex differentiability, Cauchy-Riemann, harmonic functions', 'Line integrals: curves, integrals along curves, connected sets', 'Cauchy Integral Theorem, Theorem of Goursat, homotopy of curves and invariance of complex integrals', ""Implications of the Cauchy Integral Theorem: Cauchy integral formula, Mean value Theorem, Taylor's theorem, Liouville's theorem, Fundamental theorem of Algebra, Identity theorem"", 'Laurent series and analysis of isolated singularities', 'Residue calculus: Residue formula and its application to real and complex integrals and to Fourier and Laplace transforms', 'Some basic applications of complex analysis, for example in electromagnetism, fluid dynamics, or image processing']","['Recall and state the definitions and properties in the theory of complex (holomorphic/analytic) functions and power series, in particular related to the exponential function, the logarithm, and the trigonometric functions', 'Compute and understand the meaning of derivatives in the setting of complex functions; relate complex differentiable functions to the Cauchy-Riemann equations for real functions of two real variables', 'Determine (regions of) convergence/uniform convergence of power series and related series, derivatives of such series, and determine closed expressions in fairly straightforward situations', 'Determine the existence of antiderivatives for holomorphic functions and their domain', 'Determine Taylor and Laurent series of functions around given points', 'Determine the character of singular points', 'Deduce (global) properties of holomorphic functions based on their (Taylor/Laurent) series representation around given points', 'Compute residues and understand their role in computing (real/complex) integrals', 'Solve real and complex integration problems, including Fourier and Laplace transforms']",['Completed none of the course modules listed below Complex Analysis (2WA80)'],"['Written examination - Interim examination (Test weight 15)', 'Written examination - Final examination (Test weight 85, Minimum grade 5.0)']",2MBC60
,,,,[],[],[],[],2ITS90
Probability and Modeling,5 EC,BSc,"In this course, you learn how to work with uncertainty, and what a probability model is. You learn how to compute with random variables and how to describe the relations between several of them. You learn about the subtleties of probability theory using paradoxes. Modeling and limit theorems, such as the law of large numbers and the central limit theorem, are treated with special attention.","['Probability spaces', 'Independent events', 'Combinatorics', 'Conditional probability', 'Bayes Theorem', 'Law of Total Probability', 'Random variables', 'Cumulative distribution functions', 'Probability mass functions', 'Probability density functions', 'Expectations', 'Variance', 'Covariance', 'Moments', 'Law of the subconscious statistician', 'Common discrete and continuous distributions', 'Random vectors', 'Independent random variables', 'Convolutions', 'Functions of random variables', 'Convergence in distribution', 'Law of Large Numbers', 'Markov inequality', 'Chebychev inequality', 'Central Limit Theorem']","['Reproducing and applying the definition of probability spaces (sample space, sigma field, probability measure)', 'Applying probabilities algebraically', 'Reproducing and applying the notion of independent events', 'Applying basic counting techniques from Combinatorics (permutations combinations, inclusion/exclusion)', 'Recognizing and applying conditional probabilities, Bayes Theorem, and the Law of Total Probability', 'Recognizing and applying the definition of random variables (continuous and discrete)', 'Recognizing and applying (joint) cumulative distribution functions, probability mass functions, probability density functions', 'Computing expectations, variance, covariance, and moments, and prove basic relations/properties of them', 'Recognizing and applying the law of the subconscious statistician', 'Recognizing and applying common discrete and continuous distributions (Bernoulli, Binomial, Geometric, Poisson, Negative binomial, exponential, gamma, normal, etc)', 'Recognizing and applying probabilistic models in practice', 'Recognizing and applying the definition of random vectors (continuous and discrete)', 'Recognizing and applying the notion of independent random variables', 'Applying convolutions to describe the laws of sums of random variable', 'Computing the density of a function of a continuous random variable', 'Applying the definition of convergence in distribution to specific examples (e.g., for maximum)', 'Applying the (Weak) Law of Large Numbers, and being able to adapt its proof to related settings', 'Applying and proving probability bounds such as the Markov and Chebychev inequality', 'Recognizing and applying the Central Limit Theorem and having an overview of its proof (without generating functions)']","['Simple combinatorics (in particular binomial coefficients)', 'Computing (one or more-dimensional) integrals', 'Computing sums', '2WA30 - Analyse 1 (helpful)']","['Assignment (Interim examination)', 'Written examination (Final examination)']",2MBS10
,,,,[],[],[],[],1BK60
Sociology & Social Network Analysis,5 EC,Advanced,"In this course, students analyze the complex interplay between technology, social networks, and society, building on insights from prior courses in this sequence. They learn how sociological theory can be applied to derive recommendations for the design of technology, such as social media and other digital technologies. They study how social networks, community characteristics, and tech design influence technologies’ adoption, form of use, and impact on our social life. In practical assignments, they learn how to handle network data. This course provides a culminating perspective, synthesizing insights from psychology, social dynamics, and decision-making to prepare students for nuanced design and research in human-technology interaction.",[],"['Explain the core concepts and research questions in sociological studies of technology.', 'Identify and apply social network theories to innovation diffusion.', 'Evaluate sociological theories in addressing issues within ICT and social media.', 'Develop design recommendations for technologies based on theoretical problem analyses.', 'Construct arguments about technology design, focusing on social impacts.', 'Critically assess the social consequences of technology design decisions.', 'Use network analysis software to create and interpret network visualizations.', 'Calculate and interpret centrality and social cohesion measures.', 'Simulate network diffusion processes and design appropriate interventions.']","['Behavorial research methods 1 (0HPH05)', 'Behavorial & social theories of HTI (0HSUB0)', 'HTI in social context (0HV80)', 'Risk, trust and social media (0LSUB0)', 'Business Insights and Networks (JBE140)']","['Assignment 1', 'Assignment 2', 'Digi STEP Ans final exam']",0HV150
Advanced Simulation,5 EC,Advanced,"Many real-life processes are too difficult or too complex to analyse in an exact, theoretical way. Throughout this course we discuss a variety of real-life processes that exhibit a stochastic behaviour, ranging from financial models, manufacturing networks, to models for particle systems in chemistry or physics. The course is very practical, in the sense that emphasis will be placed on developing simulation models for these processes. The main goal of the course is that the students not only learn and understand the required simulation techniques, but are also forced to actually write the simulation. Moreover, self-motivation of the student is stimulated by not having classical lectures. Instead, most of the topics should be learned through self-study, reading the lecture notes, watching online instruction videos, and learning from the provided sample code. Students will get the opportunity in instructions to ask questions to the lecturer. The practical aspect is also reflected in the way that the assessment takes place: students, working together in (oftentimes multidisciplinary) groups, will be given several assignments. Each assignment addresses a real-life problem. It is not only important that the students are capable of finding a suitable model for the problem, and writing a program that simulates this model, but it is also relevant that the student is able to interpret the outcomes, and use the simulation as a decision support tool to formulate recommendations on how the process might be improved.","['Stochastic processes', 'Financial models', 'Manufacturing networks', 'Models for particle systems in chemistry or physics', 'Simulation models', 'Discrete-event systems', 'Event-handling systems', 'Simulation accuracy', 'Data analysis', 'Technical report writing']","['Understands the behaviour of all stochastic processes that are discussed in the course.', 'Can develop/identify a suitable mathematical model for practical situations in which randomness plays an important role.', 'S/he can develop and implement a simulation for all the discussed stochastic processes, but also for more complicated models encountered in practice. S/he can develop the simulation engine and design the event-handling system.', 'Is capable of working in a team, efficiently and in a cooperative manner.', 'Can analyse real-life data and use this data (or abstractions thereof) in simulation experiments', 'Can apply techniques to analyse (and, if necessary, improve) the accuracy of the simulation outcomes.', 'Write a technical report containing (at least) a clear problem description, a description of the model and/or the simulation, the results and conclusions based on the simulation outcomes.', 'Is capable of searching appropriate literature on a specific topic to gain more insight or background information. Moreover, s/he can read a scientific paper containing a mathematical model or a practical real-life situation, and build an adequate simulation program for this model']","['Experience in programming, preferably in Python', 'Ability to write programs using Object Oriented Programming', 'Courses like 1BK50, 5LIS0, 2IP90, 2WH20, 2MBA30, JBI010 are good prerequisites']","['Assignment', 'Written examination using notebook']",2DI66
Data Science Ethics,5 EC,BSc,"Data scientists extract information from vast datasets about people, technological systems, companies, and the natural world for commercial, scientific and practical purposes. In this course, we introduce students to aspects of ethical thinking related to big data and familiarize them with applying ethical thinking to specific domains of data science application. Among these aspects of ethical thinking are basic ethical theories; value-sensitive design; specific values of consent, freedom, and identity; scientific values such as verifiability and openness; and techno-regulation of big data. In this course we investigate what ethical frameworks should guide the real-world activities of data scientists, as they aspire to produce accurate, profitable, and useful applications of new approaches to 'big data'; We examine these issues using case studies from current practice that raise value issues. Case studies considered in the course may include the use of private data from individuals and groups by both startups and established companies; the difficulty of sharing large data sets and the algorithms used to make sense of them, and its implications for scientific practice; and real-life difficulties of regulating data use in line with societal values.","['societal and ethical issues surrounding data science', 'major contemporary theories of ethics', 'value concepts relevant to data science', 'value-sensitive design', 'values of consent, freedom, and identity', 'scientific values such as verifiability and openness', 'techno-regulation of big data']","['recognize and describe societal and ethical issues surrounding data science', 'recognize and describe the main lines of major contemporary theories of ethics, and be able to apply these theories to evaluate practices in data science and the uses of “big data”', 'recognize, analyze, and describe major value concepts relevant to data science and how they can be implemented in technology and institutional design', 'recognize, analyze, and describe traditional values in science and the ethics of science, and how these traditional values encounter conflicts in the context of data science', 'develop well-reasoned positions in the societal and ethical debates surrounding data science in different domains of application', 'use research tools to investigate societal and ethical debates surrounding data science, and be motivated to do so']","['Enrolled for one of the following degree programmes: Data Science', 'Completed none of the course modules listed below: ITEC engineering ethics (0LVX10)']","['Assignment', 'Presentation', 'Report']",JBG000
Multivariable Mathematical Analysis,5 EC,BSc,"All information regarding this course (incl. lecture and exam information) can be found on the site of TiU:
https://uvt.osiris-student.nl/onderwijscatalogus/extern/cursussen

Please note: registration for the course needs to take place at Tilburg University. For registration please send an email to: jbds@tilburguniversity.edu
The EXAM will take place in Tilburg: separate registration for the EXAM is necessary.",[],[],['Enrolled for a degree programme of faculty Jheronimus Academy of Data Science'],['Written examination'],JBM080
,,,,[],[],[],[],2AS00
Calculus Variant 3,5 EC,Bachelor,Technical science uses mathematics as a language to describe phenomena and to solve problems. With trigonometry one can describe waves. In many problems an optimal setting of parameters should be found. This can be done with differentiation. Integral calculus is needed for the calculation of energy and power. Many models use differential equations. In this course you will learn these and other basic techniques but also the formal aspects of mathematics including some proofs.,"['Algebraic Skills, Functions', 'Limits', 'Differentiation', 'Transcendental functions', 'Integration', 'First-Order Differential Equations', 'Complex numbers']","['Understanding the conceptual definition of limits and being able to use them; able to compute various types of limits; able to determine whether a function is continuous, or can be extended to a continuous function.', 'Understanding the notion of differentiable functions and being able to use them; able to interpret derivatives in terms of tangent line; able to compute derivatives using the product, quotient, and chain rules; able to use implicit differentiation.', ""Understanding the notion of linear and higher order approximations of functions and being able to use them; able to determine Taylor polynomials of functions; able to apply l'Hopital's rule for computing limits."", 'Understanding the notion of one-to-one functions and their inverses and being able to use them; able to determine inverse functions of one-to-one (injective) functions; in particular, knowing the main properties of the natural logarithm and of the inverse trigonometric functions.', 'Understanding the notion of integration and being able to use them; able to compute definite and improper integrals using various techniques such as integration by substitution, integration by parts, and partial fractions; understanding sums and Sigma notation, Riemann sums.', 'Understanding the notion of differential equations and being able to use them; able to solve simple first-order differential equations (separable differential equations) and linear first-order differential equations.', 'Understand complex numbers and be able to compute with them; polar coordinates, complex exponential function, solve equations involving complex numbers.']",['VWO-Wiskunde B'],"['Midterm test', 'Online tests (weekly homework)', 'Start test: contribution to final grade', 'Starttest', 'Written examination']",2WCB0
Intermediate finance and accounting,5 EC,BSc,"The first part of this course builds upon the material taught in 1CV10. In particular, students learn how to create and analyze the cash flow statement. Besides, they learn how to use financial ratios to analyze and interpret the performance of a company.

In the second part of the course, students learn various (quantitative) methods and techniques to facilitate proper financial decision making. We start with techniques to evaluate deterministic cash flows streams. In particular, students learn how to work with the net present value and internal rate of return. Thereafter, students apply these techniques to value fixed income securities such as loans, mortgages and bonds. They also use these techniques to value firms, discuss how to structure firm capital and execute proper capital budgeting. Thereafter, students learn and apply the mean-variance model of Nobel laureate Markowitz and the capital asset pricing model. These models introduce (one-period) uncertainty and illustrate the trade-off between risk and return. Finally, students learn the basics of (financial) options, and how to use them to manage risk.

Two group assignments are part of this course. These assignments will deal with realistic business problems.","['Cash flow statements', 'Financial ratios', 'Net present value and internal rate of return', 'Fixed income securities (loans, mortgages, bonds)', 'Firm valuation, capital structure, capital budgeting', 'Mean-variance model and capital asset pricing model', 'Financial options and risk management']","['Create and analyze cash flow statements', 'Assess firm performance by computing appropriate financial ratios', 'Evaluate deterministic cash flow streams via net present value and internal rate of return', 'Analyze fixed income securities such as loans, mortgages and bonds', 'Calculate the value of a firm, discuss how to structure firm capital, and execute proper capital budgeting', 'Apply the mean-variance model and capital asset pricing model and interpret outcomes', 'Use financial options to manage risk']","['Financial & management accounting (1CV10)', 'Basic concepts in financial accounting (balance sheets and income statements)', 'Sufficient background in probability theory (joint probability distribution, expectation, variance, correlations, independence)', 'Able to write basic scripts in a programming language (e.g., Matlab, Python or R)']","['Group Assignment 1', 'Group Assignment 2', 'Written examination']",1CK40
Introduction to Machine Learning,5 EC,Bachelor,"Data mining is an interdisciplinary field in which the extraction of useful knowledge from data is discussed. The arising question here is of course what ""useful knowledge"" is. How can we specify a corresponding learning task, how can we gain the required knowledge and how do we evaluate if the extracted knowledge is indeed useful? This introductory course addresses these questions and discusses the following topics: the data mining end-to-end process: identification of present data mining task(s), data preprocessing, the training of a suitable data mining model, evaluation and interpretation of the data mining outcomes, data mining techniques for the learning tasks of regression, classification, clustering, dimensionality reduction and an introduction to deep learning, implementation of some of the most widely used methods in Python.","['the data mining end-to-end process: identification of present data mining task(s), data preprocessing, the training of a suitable data mining model, evaluation and interpretation of the data mining outcomes', 'data mining techniques for the learning tasks of regression, classification, clustering, dimensionality reduction and an introduction to deep learning', 'implementation of some of the most widely used methods in Python']","['understands and can explain the basic principles and techniques of data mining', 'is aware of various application areas of data mining', 'understands and can explain when data mining might be useful', 'can choose appropriate techniques for data preprocessing, basic modelling and evaluation', 'can make valid conclusions about the performance of the models, taking the impact of the employed optimisation method into account', 'can translate practical problems to data mining tasks and choose appropriate data mining models', 'has the skills for designing, implementing and evaluating data mining solutions in Python']","['JBI010 (Programming)', 'JBM015 (Data Statistics)', 'JBM075 (Linear Algebra)']","['Homework assignment 1', 'Homework assignment 2', 'Notebook exam']",JBI030
Probability and Statistics,5 EC,Bachelor,"This course gives an introduction to probability and statistics. In many situations it is impossible to predict how a complex system will behave. Models capturing this uncertainty are essential to study such systems. Probability theory gives us the tools to do this in a powerful manner. Statistics, on the other hand, concerns what can be learned from data. In this course you will learn how to build probabilistic models, perform statistical analyses of real data, and the theory behind all this.","['Introductory probability theory: sample space, events, the concept of probability, addition rules, conditional probability, product rules, independence, Bayes rule, definition of random variables', 'Discrete random variables: probability distribution, probability mass function, cumulative distribution function, expectation, variance, discrete uniform distribution, binomial distribution, geometrical distribution, negative binomial distribution, Poisson distribution, link Poisson-binomial, use of statistical tables', 'Continuous random variables: probability density, cumulative distribution function, expectation, variance, continuous uniform distribution, normal distribution, central limit theorem, law of the large numbers and application to simulations, exponential distribution, Erlang distribution, Poisson process', 'Modelling of simple situations in which randomness plays a role; knowledge of simple situations in computer science which can be described with probability distributions, computer simulations with R or Python', 'Descriptive statistics: random sample, graphical representation of data, measures of location and variance, boxplot, time sequence plot, normal probability plot, use of statistical software R or Python', 'Estimation theory: properties of (point)estimators, sampling distributions (T, chi-square, F)', 'Theory and practice of Confidence Intervals (C.I.): C.I. for mean of normal distribution, choice of sample size, interpreting a C.I., C.I. for variance of normal distribution, C.I. for proportion', 'Tests of Hypothesis: tests for the mean, variance and proportion, goodness-of-fit test', 'Introduction to linear regression']","['Perform elementary probability calculations with stochastic models', 'Identify situations where probabilistic models are adequate', 'Make use of probability distributions for modelling and analysis of situations where randomness occurs (or when it is considered to be a good modelling tool), and write computer programs to simulate such models', 'Perform elementary statistical analyses of data', 'Use statistical software in a proper way to obtain both qualitative and quantitative data analysis results', 'Use and construct point estimators, confidence/prediction intervals, and hypothesis tests', 'Recognize scenarios where linear regression is an adequate tool, and perform simple statistical analysis in such settings']","['Successful completion of a calculus course, including in particular integral calculus']",['Written examination'],2DI90
Linear Optimization for Data Science,5 EC,BSc,All information regarding this course (incl. lecture and exam information) can be found on the site of TiU: https://uvt.osiris-student.nl/onderwijscatalogus/extern/cursussen,[],[],"['Business analytics 1 (JBM030)', 'Linear Algebra for Data Science']",['Written examination'],JBM035
,,,,[],[],[],[],2DL10
Programming,5 EC,Introductory,"Course on hands-on Java programming, basic principles of object-oriented programming, and the Swing framework for graphics and user interaction","['Elementary imperative language concepts: variable, assignment, if-else, while, method, parameter, function, types, arrays, scope, I/O', 'Some advance topics: some collection classes, recursion', 'Object-oriented design and programming concepts: object, class, instance variable, instance method, inheritance, overriding, polymorphism, interface', 'GUI: Swing, event handling, simple graphics, GUI components (window, button), simple animation']","['can write simple Java programs from scratch', 'knows the principles of object-oriented programming', 'can, with aid, design simple object-oriented programs', 'can use the Swing framework', 'knows some principles of code quality and can apply these']","['Fundamentals of algorithmic pro for OMgt (1BK60)', 'App Programming (2IS60)', 'Programming and Modeling (CBL Component) (2MBA30)', 'Programming and modelling (2WH20)', 'Programming for Applied Physics (31PAP)', 'Computation for automotive (5AIA0)', 'Computation I: hardware/software int. (5EIA0)', 'Bio informatics (8CA00)', 'Creative programming (DBB100)', 'Program your Breakout (DBB214)', 'Programming (JBI010)']","['Assignment', 'Written examination using notebook']",2IP90
Calculus Variant 1,5 EC,Introductory,Technical science uses mathematics as a language to describe phenomena and to solve problems. With trigonometry one can describe waves. In many problems an optimal setting of parameters should be found. This can be done with mathematical techniques such as differentiation. Integral calculus is needed for the calculation of a center of gravity. Many models use differential equations. In this course you will learn these and other basic techniques with applications.,"['Algebraic Skills, Functions', 'Limits', 'Differentiation', 'Transcendental functions', 'Integration', 'First-Order Differential Equations', 'Vectors in the Plane and in Space']","['Understanding the conceptual definition of limits; able to compute various types of limits; able to determine whether a function is continuous, or can be extended to a continuous function.', 'Understanding the notion of differentiable functions; able to interpret derivatives in terms of tangent line; able to compute derivatives using the product, quotient, and chain rules; able to use implicit differentiation.', 'Understanding the concept of linear and (higher order) approximations of functions and apply them.', ""Able to determine linear approximations of functions; able to apply l'Hôpital's rule for computing limits."", 'Understanding the conceptual definition of one-to-one functions and inverses and apply them.', 'Able to determine inverse functions of one-to-one (injective) functions; in particular, knowing the main properties of the natural logarithm (as inverse of the exponential function) and of the inverse trigonometric functions.', 'Understanding the concepts of integration and apply them.', 'Able to compute definite and improper integrals using various tech integration by substitution and integration by parts; understanding sums and Sigma notation, Riemann sums.', 'Understanding the concepts of differential equations and apply them.', 'Able to solve simple first-order differential equations (separable differential equations).', 'Understanding the concepts of vectors and representations of lines and planes and apply them.', 'Able to find equations and parametric (vector) equations for lines in the plane and in space, for planes in space; able to interpret and compute with dot products and cross products; able to determine lengths of vectors, distances and angles between vectors.']",['VWO-Wiskunde B'],"['Midterm test', 'Online tests', 'Start test', 'Start test: contribution to final grade', 'Written exam']",2WAB0
Insurance and Credit Risk,5 EC,Advanced,"Insurance claim amounts and claim times are usually assumed to be random, hence probability theory is needed to determine key performance measures like the probability that an insurance company gets ruined or the deficit of the company at ruin. In this course, we discuss several models and methods which are relevant for the probabilistic analysis of insurance models. We also discuss some of the emerging models that are used to predict credit risk, which is the risk of facing bankruptcy.","['Collective risk models (insurance and reinsurance)', 'Ruin theory (exact, asymptotic and approximate ruin probabilities)', 'Rating agencies', 'Mixed binomial model', 'Vasicek one-factor model', 'Value-at-Risk', 'Economic Capital and Basel II', 'Active use of real data', 'Actual implementation of all models', 'Lecture notes on programming in Python']","['Understanding models which are being used in practice for determining and quantifying the credit risk position of institutions like banks and insurance companies.', 'Acquiring knowledge and insight on theories and methods which play a fundamental role in analysing stochastic financial and insurance models.']","['Introductory courses in calculus and probability theory', '2WB50 Stochastic simulation', '2DF20 Stochastics and simulation for finance']",['Written examination'],2DF30
Fundamentals of algorithmic programming for Operations Management,5 EC,Introductory,"The goal of this course is to teach students the fundamental algorithmic programming skills needed to make a computer solve operations management problems. The solutions to these problems may include simple algorithms to solve problems that are non-trivial and address -for instance- optimization problems that are common in operations management, such as optimizing the assignment of production orders to machines and optimizing the sequence in which customers should be served. The course also introduces the basic steps to configure programs with tool chains consisting of existing program libraries.","['variables and types', 'operators and expressions', 'conditional statements, loops and functions', 'Data preparation and reporting', 'Integration with tools and libraries', 'Basic algorithms for searching, sorting, and optimizing']","['understands the following programming constructs: variables and types, operators and expressions, conditional statements, loops, functions, data structures', 'can apply these constructs, to create algorithms that solve simple operations management problems, such as loading data from a file system and from the web, preparing data for further processing (filtering and transforming data elements)', 'can programmatically integrate existing tools and libraries for simple practical operations management problems, such as configuring and invoking a data analysis library', 'can use basic algorithms for searching, sorting and optimization to solve operations management problems', 'can demonstrate by means of an automated test suite to which degree algorithmic correctness has been verified']","['Registered for a degree programme other than HBO-TOP Applied Physics, Pre-Master', 'Completed none of the course modules listed below: Programming for PT (0HV120), Algorithmic prog for oper Mgt (1BK50), Fundamentals of algorithmic pro for OMgt (1BK60), Programming (2IP90), Programming Methods (2IPC0), Introduction to objectprogramming (2IPG0), Software Development for Engineers (2IS50), App Programming (2IS60), Programming and modelling (2WH20), Programming for Applied Physics (31PAP), Principles of design and programming (4CA10), Programming and Linear Algebra (6BBR06), Programming for data analytics (8BA080), Programming and genomics (8CA10), Programming (JBI010), Programming and engineering challenge (5EWC0), Programming and Modeling (CBL Component) (2MBA30), Creative programming (DBB100)']","['Assignment 1: Individual assignment that tests the ability to solve basic operations management problems using programming', 'Assignment 2: Individual assignment that tests the ability to solve basic operations management problems using programming', 'Digi STEP Ans: Final examination']",1BV30
Data Statistics,5 EC,Bachelor,"This course covers the fundamentals of statistical inference and testing and gives an introduction to statistical modeling. The first half of the course focuses on probability theory; the second half on estimation and testing of population characteristics based on sample data. After the course, students have acquired knowledge about probabilities, commonly used probability distributions, statistical parameters as expectation and variance, random samples and they can perform calculations relating to these notions. They can summarize data and use data to estimate parameters, to create confidence intervals and to perform hypothesis tests. Furthermore, they have the knowledge to interpret the corresponding results. Throughout the course, real-data examples will be used in the lectures and homework problems.","['Probability theory (the classical definition of probability, probability rules, conditional probability)', 'Random variables, probability distributions, probability density functions', '(Conditional) Expectation, variance, standard deviation, covariance, correlation', 'Sampling theory', 'Point estimators, confidence intervals, hypothesis testing', 'Estimation of the mean/variance using a random sample, confidence intervals and hypothesis testing for the (difference in) mean(s)']","['Perform elementary probability calculations with stochastic models', 'Identify situations where probabilistic models are adequate', 'Make use of probability distributions for modeling and analysis of situations where randomness occurs (or when it is considered to be a good modeling tool)', 'Perform elementary statistical analyses of data', 'Use and construct point estimators, confidence intervals, and hypothesis tests', 'Adequately document calculations that form the base of their probabilistic or statistical analysis']","['Calculus (2WBB0)', 'Linear Algebra for DS (JM070) as from 2023-2024', 'Basic calculus course or equivalent', 'Basic level of mathematical maturity', 'Probability and Statistics (2DI90) (cannot be completed)']","['Assignment (Interim examination) - 3 mid-terms, best 2 count for 30% of final grade', 'Written examination (Final examination) - closed book, counts for 70% of final grade']",JBM015
,,,,[],[],[],[],2WA79
,,,,[],[],[],[],6E5X0
,,,,[],[],[],[],+
Mathematics 1,5 EC,BSc,"This course is a sequel and addition to the basic Calculus course, focused on topics that are important for Industrial Engineering. You learn logic, performing calculations with matrices, and how to solve linear systems of equations. Probability theory plays a role in many models. This course makes a start with elementary probability theory including the necessary set theory. You will learn the uniform, Bernoulli, binomial, geometric, and Poisson distributions as well as the required mathematics for this: sequences and series.","['Set theory and Logic', 'Proposition logic', 'Predicate logic', 'Calculating with logical operators', 'Set and subsets, union and intersection, complement, empty set, powerset', 'Cartesian product, relations and several properties, orderings, multisets (bags)', 'Linear Algebra', 'Introduction of matrices, calculating with matrices', 'Solving systems of linear equations, row reduction of matrices, inverse of a matrix by row reduction', 'Sequences and series', 'Sequences, their properties and limit', 'Series, geometric series', 'Convergence of series, various tests for convergence, absolute convergence', 'Power series, Taylor series', 'Probability theory', 'Sample space, events, probability, axioms', ""Probability rules, conditional probability, independence, Bayes' theorem, random variable"", 'Discrete distributions, cumulative distribution function, expectation and variance', 'Uniform, Bernoulli, binomial, geometric, and Poisson distributions; connection of binomial and Poisson distributions']","['Being able to calculate with logical operators.', 'Being able to calculate and work with sets, relations, and multisets.', 'Knowing various matrix operations and computations.', 'Being able to solve systems of linear equations by Gauss and Gauss-Jordan elimination, and inverse matrices.', 'Knowing the notions of and notations for infinite sequences, series, and convergence.', 'Being able to determine whether a series is convergent, and computing the sum of a series in special cases.', 'Knowing the notions of power series and convergence of power series, and being able to compute the radius of convergence of a power series.', 'Understanding the concept of probabilities.', 'Knowing several probability rules and being able to apply them.', 'Understanding the notion of a random variable.', 'Understanding the concept of a discrete distribution, expectation and variance.', 'Being able to apply the most important discrete distributions and recognizing which distribution should be used in a certain situation']","['Some parts of 2WBB0 Calculus variant 2, which will be treated in 2WBB0 before using them in this course']","['Assignment', 'Online test', 'Written examination']",2DD40
Advanced Process Mining,5 EC,MSc,,[],[],[],[],2WB29
"Risk, Reliability and Resilience",5 EC,Advanced,"Managing risk, ensuring high reliability and building in resilience is critical for many systems and operations in society and technology that are subject to uncertainty, volatility, and potential disruptions. In order to achieve these goals, one typically needs to quantify uncertainty, assess the probability of adverse events, and implement strategies to enhance system dependability. These notions apply to a wide range of fields, such as finance (e.g. managing ruin risk for an insurance company or credit risk for a financial institution), maintenance (maximizing system availability while minimizing expenditure) and vital infrastructure networks (e.g. preventing breakdowns of complex technological systems or blackouts in power grids). In this course, you will study key mathematical concepts and models, together with several techniques and strategies, to evaluate and improve various relevant risk/reliability/resilience metrics. The focus will be on the mathematical analysis of stochastic models accoundting for the inherent randomness in the system as well as possible correlations.",[],"['Use compound Poisson processes and random-walk representations to model and analyze system dynamics in stochastic settings', 'Compare various options in terms of variability, risk, quality and resilience via the use of stochastic ordering notions', 'Apply the Cramér-Lundberg model to evaluate insurance risk, as well as extending this to a reinsurance setting', 'Evaluate the credit risk for financial institutions through the mixed Binomial model', 'Describe and find an optimal balance between the trade-offs associated with maintenance and repair strategies in terms of system availability, cost and complexity', 'Evaluate the reliability of multi-component Markovian systems and networks with various degrees of inter-dependencies and redundancy', 'Construct design strategies to ensure robustness and improve network resilience in the presence of uncertainty']",[],"['Assignments', 'Written examination']",2MBS90
,,,,[],[],[],[],2DL15
Calculus Variant 2,5 EC,Introductory,Technical science uses mathematics as a language to describe phenomena and to solve problems. With trigonometry one can describe waves. In many problems an optimal setting of parameters should be found. This can be done with mathematical techniques such as differentiation. Integral calculus is needed for the calculation of energy and power. Many models use differential equations. In this course you will learn these and other basic techniques but also the formal aspects of mathematics.,"['Algebraic Skills, Functions (C1)', 'Limits (C2)', 'Differentiation I (C3a)', 'Differentation II (C3b)', 'Transcendental functions (C4)', 'Integration (C5)', 'First-Order Differential Equations (C6a)', 'Vectors in the Plane and in Space (L1a)']",[],['VWO-Wiskunde B'],"['Midterm test', 'Online tests', 'Start test', 'Start test: contribution to final grade', 'Written examination']",2WBB0
Introduction machine learning,5 EC,Bachelor,"In an era where machine learning revolutionizes science and engineering, including biomedical innovation, this course offers a gateway to this transformative field. Gain a comprehensive understanding of machine learning principles, tailored for biomedical applications. Explore the inner workings of commonly used machine learning methods, from theory to practical application in solving (bio)medical challenges","['Fundamentals of machine learning', 'Model training and evaluation', 'Linear models for regression and classification', 'Non-parametric methods for regression and classification', 'Unsupervised machine learning models', 'Deep learning models', 'Application of machine learning in Python']","['Define key terminology of machine learning and define different types of machine learning tasks', 'Explain the basic principles behind common machine learning algorithm', 'Implement, train and evaluate machine learning models using Python libraries', 'Analyze performances of machine learning algorithms and interpret model outputs', 'Critically evaluate the strengths and limitations of various machine learning techniques in biomedical data analysis']","['8BA060 – Linear algebra & multivariate calculus', '8BA050 – Skills experience', '8BA080 – Programming for data analytics', 'Enrolled for a degree programme of faculty Biomedical Engineering']","['Assignment', 'Written examination']",8BB020
"Sets, Logic and Mathematical Language",5 EC,Bachelor,A first introduction to the language of mathematics and algebraic concepts.,"['Set theory', 'Logic', 'Abstract algebra', 'Functions and maps', 'Equivalence relations', 'Orders', 'Linear recurrences', 'Induction', 'Recursion', 'Integer computations', 'GCD', 'LCM', 'Euclidean algorithm', 'Primes', 'Eratosthenes sieve', 'Factorization', 'Chinese remainder theorem', 'Modular arithmetic', 'Cardinalities', 'Digital communication applications']","['The student knows the basic concepts and techniques of set theory, logic and abstract algebra', 'The student can use it in calculations', 'The student is familiar with logical reasoning', 'The student can construct proofs on the topics mentioned', 'The student can communicate within a mathematical setting', 'The student can experiment and conduct mathematical statements based on these experiments']",['High school mathematics'],"['Online test', 'Weekly homework', 'Written examination']",2MBA10;
