title,credits,level,description,topics,learning_outcomes,prerequisites,examination_methods,course_code
Measure and Probability Theory,5 EC,Advanced,"In this course, you will discover how measure theory brings together key concepts in analysis and probability theory. We will demonstrate why this unified language is essential, teach you the necessary tools, and illustrate how measure theory connects analysis and probability theory.","['Measures, measurable functions and sigma-algebras', ""Lebesgue's theory of integration"", 'Notions of convergences', 'Monotone Convergence Theorem, Fatou’s Lemma, and the Dominated Convergence Theorem', 'Product spaces and the Fubini-Tonelli Theorems', 'Conditional expectation and the Radon-Nikodym theorem']","['Define the Lebesgue integral and explain its differences from the Riemann integral', 'Compute Lebesgue integral of possibly non-Riemann integrable functions', 'Define sigma-algebras and explain their significance in measure theory and their use in probability theory', 'Define measurable functions and determine if a given function is measurable', 'State and apply key convergence theorems such as Fatou’s, monotone and dominated convergence', 'State and apply Fubini-Tonelli theorems', 'Describe and differentiate between the various notions of function convergence, and prove that a sequence of functions converges according to one of these notions', 'Define conditional probability/expectation in measure-theoretical terms and perform computations with them', 'Describe Lp spaces and perform computations with Lp functions', 'Translate statements between probabilistic language and measure theory']","['2WA30 – Analysis 1', '2WA40 – Analysis 2', 'familiarity with mathematical proofs']",['Written examination'],2MBA70
Automata and Formal Languages,5 EC,Bachelor,"This course covers fundamental concepts and theory in the fields of Automata Theory and Formal Language Theory including regular languages, context-free languages, and decidable languages and their computational models, viz. NFAs, PDAs, and TMs. In addition DFA-minimization and parsing are treated. The above is mainly covered by Chapters 1 to 5 of the textbook for this course.","['deterministic finite automaton (DFA)', 'non-deterministic finite automaton (NFA)', 'silent moves', 'regular expressions', 'table-filling method', ""Hopcroft's algorithm"", 'push-down automaton (PDA)', 'context-free grammar (CFG)', 'parse tree', 'top-down parsing', 'bottom-up parsing', 'closure properties', 'pumping lemma', 'Chomsky normal form', 'CYK-parsing', 'Turing machine (TM)', 'decidable language', 'recognizable language', 'reductions', 'A_TM', 'PCP']","['After completion of the course the student knows the concepts of a deterministic finite automaton (DFA) and of a non-deterministic finite automaton (NFA) with silent moves, is able to identify the languages accepted by these automata and is able to construct an automaton of either kind that accepts a given language.', 'The student understands the equivalence of regular expressions, DFAs and NFAs.', 'The student can apply the table-filling method and Hopcroft’s algorithm to minimize the number of states of a DFA.', 'The student knows the concepts of a push-down automaton (PDA) and of a context-free grammar (CFG), is able to identify the languages accepted by a PDA and generated by a CFG.', 'The student understands the notion of a parse tree and the notions of top-down and bottom-up parsing.', 'The student understands the equivalence of PDAs and CFGs, a number of closure properties of the class of context-free languages.', 'The student is able to apply and prove the pumping lemma for the classes of regular languages and context-free languages.', 'The student understands the notion of Chomsky normal form and can perform CYK-parsing.', 'The student understands the notion of a Turing machine (TM), of a decidable language and of a recognizable language.', 'The student is able to proof that a specific language is or is not decidable or recognizable.', 'The student is able to perform reductions from A_TM and PCP to various decision problems.']","['Enrolled for a degree programme of faculty Mathematics and Computer Science', 'Completed none of the course modules listed below: Automata, Language Theory and Complexity (2IT90), Automata, Language Theory and Complexity (2ITS90)', 'At least 1 of the courses below must have been passed: Logic and Set Theory (2IT60), Logic and set theory for P&T (2ITS60), Sets, Logic and Mathematical Language (2MBA10), Set theory and algebra (2WF40)']",['Written examination'],2IRR90
Linear Algebra for Data Science,5 EC,BSc,"Systems of linear equations are often used in economics and business. For this reason a course is included that concentrates on this topic: Linear Algebra. One of the methods discussed in this course is a method to decide whether a system of equations has none, one or multiple solutions. With this method the solution set itself can be determined and furthermore it gives insight in its geometric structure. For the special case that the number of equations equals the number of variables, a simple criterion can be deduced to check whether the system has precisely one solution. This criterion can also be used to actually calculate this unique solution. Furthermore, in this course several tools are introduced that will be used in other courses of the program.","['Systems of linear equations', 'Gaussian elimination', 'matrices', 'vectors', 'span', 'linear independence', 'linear transformations', 'inverses', 'determinants', 'vector spaces', 'subspaces', 'basis', 'dimension', 'rank', 'orthogonality', 'projections', 'eigenvalues', 'quadratic forms', 'definiteness']","['Explain and compare the four methods Elementary Row Reducing, Inverse, and Matrix Factorization to solve a set of linear equations', 'Choose and apply an appropriate method to solve a set of linear systems originating from optimization, dynamical systems, statistics and econometrics', 'Apply different techniques in linear algebra to compute linear transformations, the determinant and inverse of a matrix', 'Explain the concepts of vector spaces and subspaces, detect whether a set vectors are linearly dependent and compute the corresponding basis', 'Illustrate the relationship between different concepts of linear algebra that are needed in optimization by applying mathematical reasoning', 'Prove theorems in Linear Algebra using for instance proof by contradiction or proof by construction', 'Model the relationship between different variables using Least Squares Optimization']","['Elementary mathematical proof techniques (mathematical induction, proof by contradiction)', 'elementary matrix-vector calculus', 'Linear Algebra and Applications (2DBI00)']","['Assignment', 'Interim examination', 'Written examination', 'Final examination']",JBM075
Impact of technology engineering ethics,5 EC,,"Ethics of Technology and Engineering introduces students to normative skills that help engineers, designers, and researchers to make decisions concerning ethical questions. These skills are needed e.g., to understand the complex societal context of sustainable mobility and energy systems, to deal with and to identify privacy aspects of all kinds of smart systems, or to help solve controversial health and risk issues. Students acquire insights into basic ethical concepts (such as values, risks and responsibilities) and analyse the role these concepts play in the context of the development and design of technologies.","['ethical aspects of engineering in a societal context', 'normative analysis of engineering', 'ethical concepts such as values, risks and (shared) responsibility', 'classical ethical theories such as utilitarianism, deontology and virtue ethics']","['reflect on ethical aspects of engineering in a societal context', 'conduct a normative analysis of engineering with the help of ethical concepts (such as values, risks and (shared) responsibility)', 'conceive and evaluate solutions to engineering challenges with the help of classical ethical theories (such as utilitarianism, deontology and virtue ethics)']","['Enrolled for one of the following degree programmes: Applied Mathematics, Applied Physics, Architecture, Urbanism and Building Sciences, Biomedical Engineering, Computer Science and Engineering, Industrial Design, Industrial Engineering, Mechanical Engineering, Medical Sciences and Engineering, Psychology & Technology, Sustainable Innovation', 'Registered for a degree programme other than Automotive Technology, Chemical Engineering and Chemistry, Electrical Engineering', 'Completed none of the following course modules: Introduction to modeling (0LEB0), ITEC engineering ethics (0LVX30), USEbasic: ethics & history of technology (0SAB0), Data Science Ethics (JBG000)']","['Final Report', 'Report Outline', 'Report Sketch']",0LVX10
Stochastic Optimization Models for Data Science,5 EC,Bachelor College,"All information regarding this course (incl. lecture and exam information) can be found on the site of TiU:
https://uvt.osiris-student.nl/onderwijscatalogus/extern/cursussen

Please note: registration for the course needs to take place at Tilburg University. For registration please send an email to: jbds@tilburguniversity.edu
The EXAM will take place in Tilburg: separate registration for the EXAM is necessary.",[],[],['Enrolled for a degree programme of faculty Jheronimus Academy of Data Science'],['Written examination'],JBM100
Analysis 1,5 EC,Bachelor,"Large part of the behavior of the world around us can be described with the help of functions. These functions by themselves are usually too complicated to understand, but we can already learn a lot from approximations. This is where mathematical analysis comes in: Mathematical analysis is about making and proving rigorous statements about the approximate behavior of functions. In this course Analysis 1, we will work our way up to a rigorous statement that expresses that close to a certain input point, a function can be approximated by a constant function. This property, called continuity, is often a very desirable property for a function to have.","['Metric spaces and normed vector spaces', 'Real numbers, supremum and infimum', 'Sequences', 'Series, series of positive terms, convergence tests', 'Subsequences, lim inf, lim sup', 'Point-set topology of metric spaces', 'Closed, complete and compact sets in metric spaces', 'Limits and continuity of functions between metric spaces', 'Limits and continuity of real-valued functions']","['The student is able to apply logic and set theory to problems in basic real analysis and can give simple proofs.', 'The student can reproduce the definitions, propositions, lemmas, theorems and corollaries introduced in the course.', 'The student can determine the supremum and infimum of an indicated set of real numbers and can prove that the supremum and infimum are equal to the values found.', 'The student can determine whether a limit of a sequence exists and prove their answer using limit theorems.', 'The student can determine whether a series converges and prove their answer using tests for convergence and divergence.', 'The student can construct subsequences with a certain property, can determine the values of the lim inf and the lim sup of a sequence and can use conclusions about these numbers in the solution of other problems.', 'The student can prove simple statements in point-set topology of metric spaces.', 'The student can determine the limits of functions, can prove whether a function is continuous in a point, and can apply important theorems such as the intermediate value theorem and extreme value theorem.']","['Calculus', 'Elementary set theory and logic', 'Linear algebra']","['Homework', 'Written examination', 'Written examination']",2MBA40
Data Science Ethics,5 EC,Introductory,"Data scientists extract information from vast datasets about people, technological systems, companies, and the natural world for commercial, scientific and practical purposes. In this course, we introduce students to aspects of ethical thinking related to big data and familiarize them with applying ethical thinking to specific domains of data science application. Among these aspects of ethical thinking are basic ethical theories; value-sensitive design; specific values of consent, freedom, and identity; scientific values such as verifiability and openness; and techno-regulation of big data. In this course we investigate what ethical frameworks should guide the real-world activities of data scientists, as they aspire to produce accurate, profitable, and useful applications of new approaches to big data; We examine these issues using case studies from current practice that raise value issues. Case studies considered in the course may include the use of private data from individuals and groups by both startups and established companies; the difficulty of sharing large data sets and the algorithms used to make sense of them, and its implications for scientific practice; and real-life difficulties of regulating data use in line with societal values.","['ethical thinking', 'big data', 'ethical theories', 'value-sensitive design', 'consent', 'freedom', 'identity', 'scientific values', 'verifiability', 'openness', 'techno-regulation', 'case studies', 'private data', 'data sharing', 'algorithms', 'data regulation']","['recognize and describe societal and ethical issues surrounding data science', 'recognize and describe the main lines of major contemporary theories of ethics, and be able to apply these theories to evaluate practices in data science and the uses of big data', 'recognize, analyze, and describe major value concepts relevant to data science and how they can be implemented in technology and institutional design', 'recognize, analyze, and describe traditional values in science and the ethics of science, and how these traditional values encounter conflicts in the context of data science', 'develop well-reasoned positions in the societal and ethical debates surrounding data science in different domains of application', 'use research tools to investigate societal and ethical debates surrounding data science, and be motivated to do so']","['Enrolled for one of the following degree programmes: Data Science', 'Completed none of the course modules listed below: ITEC engineering ethics (0LVX10)']","['Assignment', 'Presentation', 'Report']",JBG000
Foundations of Statistics,5 EC,BSc,"Statistics concerns what can be learned from data. Applied statistics comprises a body of methods for data collection and analysis across the whole range of science, and in areas such as engineering, medicine, business, and law - wherever variable data must be summarized, or used to test or confirm theories, or to inform decisions. Theoretical statistics underpins this by providing a framework for understanding the properties and scope of methods used in applications. In this course the main emphasis in given to statistical inference, and in particular to the theoretical underpinnings of statistical inference. This does not mean we will not be concerned with applied matters, and throughout the course the student will be exposed to several applied situations, where inferences about real data must be done.","['Statistics and estimators: point estimators, maximum likelihood, the method of moments, Bayesian methods', 'Evaluation of the performance of estimators: mean squared error, bias-variance decomposition, uniformly minimum variance unbiased estimation, the Cramer-Rao lower bound, Rao-Blackwell’s theorem', 'Sufficiency and Completeness, the Lehmann-Scheffé’s theorem', 'Asymptotic notions: consistency, MSE consistency, asymptotic unbiasedness', 'Maximum likelihood estimation: Invariance property, consistency of the MLE for certain classes of models (finite classes, and Wald consistency conditions), asymptotic normality', 'Confidence regions and intervals: interpretation, pivotal quantity method, approximate pivots and asymptotic normalityHypothesis testing: simple vs. composite hypothesis, type I and II errors, power function and p-value, relation between hyp. Testing and confidence intervals. Tests for the normal and binomial distribution', 'Optimality of hypothesis testing: most powerful tests and the Neyman-Pearson lemma, uniformly most powerful tests, unbiased tests, generalized likelihood ratio tests and Wilk’s theorem', 'Non-parametric methods: the empirical distribution function and the Glivenko-Cantelli lemma, GoF testing based on the ECDF, density estimation by histograms']","['carry out standard statistical analyses (on paper and with statistical software)', 'discuss estimation in parametric models, including basic statistical optimality analysis', 'derive and apply interval estimators and statistical hypothesis tests', 'adequately perform and document statistical calculations', 'explain the mathematical foundations of statistical inference tools']","['2MBS10 – Probability and Modeling', '2WS20 - Kansrekening']","['Assignment', 'Written examination']",2MBS20
Graph Theory and Applications,5 EC,Bachelor,"Graphs are mathematical objects especially suited to model all kinds of networks, but also many other practical situations can be described by a graph, a multigraph or a directed graph. In this course, which is primarily intended for applied mathematics students, graphs will be formally defined, studied, and analyzed with respect to several properties (such as connectedness, planarity, and chromatic number). Special attention will be given to formally proving statements about graphs. Some connections between graph theory on the one hand, and set theory and (linear) algebra on the other hand, will be established. Moreover, several discrete optimization problems occurring in practice, like routing problems, scheduling problems and assignment problems, will be translated to graph problems. Efficient algorithms for several standard graph problems, like the shortest path problem, the maximum flow problem and the maximum matching problem, will be discussed and their efficiency will be analyzed. Finally, students will practice their modeling skills by translating well-defined problems inspired by real-world challenges to a graph setting, and they will apply the knowledge obtained in the course by solving the corresponding graph problems or finding algorithmic solution methods.","['degree sequences', 'connectivity', 'bipartite graphs', 'trees', 'Euler graphs', 'Hamilton graphs', 'vertex and edge colorings', 'planarity', 'flows in directed graphs', 'matchings', 'vertex covers', 'edge covers', 'cliques and cocliques', 'adjacency matrices', 'graph isomorphism and automorphism groups', 'Breadth-First Search', 'Depth-First Search', 'shortest path algorithms', 'minimum weight spanning tree', 'maximum flow', 'maximum matching in bipartite graphs']","['Understand and apply basic definitions and theorems from graph theory, concerning e.g. degree sequences, connectivity, bipartite graphs, trees, Euler graphs, Hamilton graphs, vertex and edge colorings, planarity, flows in directed graphs, matchings, vertex covers, edge covers, cliques and cocliques, adjacency matrices, graph isomorphism and automorphism groups.', 'Prove basic statements on graphs, and reason about (algorithmic) solutions to graph problems.', 'Be aware of efficient standard algorithms for graph problems, is able to apply them, argue their correctness, and analyze their time complexity. Among these standard algorithms are Breadth-First Search, Depth-First Search, several shortest path algorithms and algorithms for finding a minimum weight spanning tree, a maximum flow in a directed graph, and a maximum cardinality (weight) matching in a bipartite graph.', 'Identify and devise models for problems that can be solved using graph concepts, theorems and algorithms covered in the course.', 'Apply the new graph theory knowledge and techniques to solve problems inspired by real-world challenges.', 'Design a (group) presentation concerning a graph model for a practical problem.']","['Knowledge on set theory and logic, as covered in the course 2MBA10 Sets, Logic and Mathematical language']","['CBL Modelling assignments (Interim examination)', 'Homework assignments (Interim examination)', 'Written examination (Final examination)']",2MBD10
Cognitive Science and AI,5 EC,Bachelor,"This course offers an introduction to the field of cognitive science, including its methodological and theoretical assumptions, and its constituent disciplines: philosophy, psychology, neuroscience, linguistics and Artificial Intelligence. It provides a foundation for the third year course Language and AI (JBC090). Understanding human cognition helps data scientists understand the (human-generated) data they often use and the human decision makers they support with data science analyses. For this reason the course addresses topics from cognitive science such as the history of cognitive science, human attention and memory, problem solving, reasoning and decision making, language and provides an introduction to artificial intelligence (AI), covering topics from basic problem-solving methods (such as classical search algorithms) to dealing with more challenging circumstances (such as constraints or adversaries), with specific focus on designing intelligent solutions to a variety of different problem settings.","['History of cognitive science', 'Human attention and memory', 'Problem solving', 'Reasoning and decision making', 'Language', 'Artificial Intelligence (AI)', 'Classical search algorithms', 'Constraints and adversaries in AI', 'Philosophy of mind', 'Psychology', 'Neuroscience', 'Linguistics', 'Network representations', 'Human decision making']","['Recognize and understand major themes that relate to Philosophy of Mind, Psychology, Artificial Intelligence, Neuroscience, and Linguistics', 'Critically evaluate and discuss methodological aspects of cognitive science research and boundary conditions of cognitive science as a discipline', 'Explain the foundations, history, and philosophical status of AI', 'Apply fundamental AI approaches to problem-solving', 'Critically evaluate advantages and disadvantages of a variety of search algorithms', 'Understand the challenges faced by AI in adversarial circumstances, such as facing an opponent or working under constraints', 'Being able to formulate a discussion topic and defend and discuss this topic in groups']","['basic knowledge of statistics', 'basic knowledge of programming']","['Assignment (Interim examination)', 'Short quizzes (Interim examination)', 'Written examination (Final examination)']",JBC000
Queuing Systems,5 EC,Advanced,"Obtaining knowledge of the most common models in queueing theory. Developing insight in several fundamental properties of queueing systems and the impact of various stochastic characteristics. Gaining familiarity with basic techniques for analyzing queueing models (using probability generating functions and Laplace-Stieltjes transforms). Acquiring a sense how methods and results from queueing theory can be applied for improving the efficiency or evaluating the performance of real-life service facilities in society, industry and technology.","['queueing theory', 'queueing models', 'probability generating functions', 'Laplace-Stieltjes transforms', 'stochastic characteristics']","['Obtaining knowledge of the most common models in queueing theory', 'Developing insight in several fundamental properties of queueing systems and the impact of various stochastic characteristics', 'Gaining familiarity with basic techniques for analyzing queueing models (using probability generating functions and Laplace-Stieltjes transforms)', 'Acquiring a sense how methods and results from queueing theory can be applied for improving the efficiency or evaluating the performance of real-life service facilities in society, industry and technology']","['2MBS10 Probability theory (random variables, distribution functions, probability generating functions, Laplace-Stieltjes transforms)', '2MBS30 Stochastic processes (Poisson processes, discrete-time Markov chains, continuous-time Markov processes, birth-death processes, random walks, equilibrium distributions)']",['Written examination'],2MBS70
Combinatorial Optimization for Data Science,5 EC,Advanced,"All information regarding this course (incl. lecture and exam information) can be found on the site of TiU:
https://uvt.osiris-student.nl/onderwijscatalogus/extern/cursussen",[],[],['prior knowledge JBM075'],['Written examination'],JBM090
Datamodeling and Databases,5 EC,BSc,"This course teaches students to design (the data structures of) information systems. With 'design' we mean that the students learn to translate a natural language description of an organization's information needs into a data model, expressed in the entity relationship model. Students must be capable of translating that model into a relational database structure. They must be able to optimize this structure by means of constraints and decomposition algorithms. Students also must become fluent in query languages, in order to express natural language questions in query languages, and in order to express formal queries in natural language. Students additionally acquire social awareness of the role of conceptual modeling in social and technical systems and can effectively apply this awareness in the design of conceptual models.","['Entity-Relationship Model (and equivalent UML constructs)', 'Designing E-R diagrams for business situations', 'The Relational Database model', 'Constraints and Decompositions', 'Query languages: translation from natural language to query languages and back; equivalence of query languages']","['Design the data structures of information systems', ""Translate a natural language description of an organization's information needs into a data model in the entity relationship model"", 'Translate that model into a relational database structure', 'Optimize this structure by means of constraints and decomposition algorithms', 'Become fluent in query languages to express natural language questions in query languages and formal queries in natural language', 'Acquire social awareness of the role of conceptual modeling in social and technical systems and apply this awareness in the design of conceptual models']",['Logic and set theory - 2IT60'],"['Assignment (Interim examination)', 'Written examination (Final examination)']",2ID50
Probability and Statistics for CS,5 EC,BSc,"This course gives an introduction to probability and statistics. Uncertainty shows up in many places within computer science. In complex systems you may need to consider failure rates of components, communication delays or imprecision in data or sensor input, whereas in algorithms randomness is used as a tool to create simpler or faster solutions. In these situations considering only best and worst-case behavior leads a an overly optimistic or pessimistic representation. Instead, a better option is often to model this uncertainty and analyze the model. Probability theory gives us the tools to do this and get a more accurate representation of the behavior of complex systems or algorithms. Statistics, on the other hand, concerns what can be learned from data. In this course you will learn how to build probabilistic models, perform statistical analyses of real data, and the theory behind all this.","['Sample space, events, interpretations of probability, axioms of probability', ""Probability rules, conditional probability, independence, Bayes' rule, random variables"", 'Discrete random variables, probability and cumulative distribution functions, expectation, variance', 'Standard discrete distributions such as the uniform, binomial and Poisson distribution', 'Continuous random variables, probability density function, cumulative distribution function, expectation, variance', 'Standard continuous random variables such as the uniform, normal and exponential distribution, Poisson process', 'Central Limit Theorem (CLT) and its applications', 'Discrete joint distributions, marginal and conditional probability, independence, correlation', 'Linear combination of (normal) random variables', 'Average case analysis of algorithms', 'Discrete Markov chains and their properties, limiting distribution', 'Exploratory data analysis, population and sample mean, variance, standard deviations, Box plot and probability plot', 'Sample distribution and the CLT', 'Point estimators and their properties, bias, mean-squared error, relative efficiency', 'Confidence intervals for parameters of the normal distribution and proportions', 'Hypothesis testing, Type I and Type II errors, power of a test, p-value', 'Tests for the parameters of the normal distribution and proportions', 'Connection between confidence intervals and hypothesis testing', 'Examples of using probability and statistics to analyze the performance of random algorithms and real-world data sets']","['Perform elementary calculations using the rules of probability theory', 'Work with discrete and continuous random variables and apply the important standard distributions in appropriate settings', 'Use joint distributions and properties when using multiple random variables such as independence and the Central Limit Theorem', 'Use discrete Markov chains and determine their properties and limiting distributions', 'Perform an exploratory data analysis of a data set', 'Identify properties of point estimators', 'Construct and interpret confidence intervals in various relevant settings', 'Apply hypothesis testing in various relevant settings and interpret the results', 'Explain how probability and statistics can be used in practice, for example in the analysis of random algorithms and real-world data sets']","['Basic knowledge of Calculus (e.g. 2WBB0) and Linear Algebra (e.g. 2DRR00)', 'It is recommended to take the course Data Structure (2IL50) either in parallel or prior to 2DRR10.', 'Completed none of the course modules listed below: Probability and Statistics (2DI90)']","['Digi STEP Ans Final examination (Test weight 100, Minimum grade 5.0)', 'Digital tests Interim examination (Test weight 0, Minimum grade 5.0) - Weekly digital tests']",2DRR10
Algebraic Structures,5 EC,Bachelor,"Algebra aims at understanding computational structures from an abstract unified point of view, so as to apply the results in a variety of settings, ranging from theoretical settings (extending our knowledge of mathematics) to practical settings (like coding theory and cryptography, algebraic vision, or games like Rubik's cube). This leads to the course's focus on algebraic concepts like groups and rings, where the main ingredients are a set and one or more operations obeying certain rules. For instance, the ordinary integers together with the operation 'plus' (obeying certain properties, like commutativity) is an example of a group; the same ordinary integers with the two operations 'plus' and 'times' (again, with certain properties) is an example of a ring.","['groups', 'rings', 'polynomials (univariate, division with remainder, gcd, multivariate, leading monomials)', 'permutations and permutation arithmetic (cycles, conjugation, cycle structure, sign of a permutation)', 'algebraic structures (axioms for groups and rings, substructures)', 'ideals (principal, prime, maximal ideals; generators for ideals)', 'special structures (cyclic groups, normal subgroups, subrings, abelian groups, integral domains)', 'constructions (product groups, quotient groups, quotient rings)', 'group and ring homomorphisms (isomorphism, injective, surjective homomorphism, isomorphism theorems)', 'Gröbner basis computations', 'actions of groups on structured sets']","['The student knows the various concepts, techniques and basic results concerning groups and rings, their relevance for mathematics', 'is able to carry out meaningful computations in and with such structures, including some algorithmic aspects', 'is able to use and prove results (theorems, computational techniques) on such structures']","['Sets, Logic and Mathematical Language (2MBA10)', 'Linear Algebra (2MBA20)', 'Linear Algebra (2MBA50)']","['Interim examination (CBL-component, test weight 15)', 'Interim examination (Homework component, test weight 10)', 'Written examination (Final examination, test weight 75, minimum grade 5.0)']",2MBD20
Foundations of Data Analytics,5 EC,Introductory,Learning objectives and content,"['basic statistical concepts and techniques', 'visualization techniques', 'linear regression', 'clustering', 'decision tree mining', 'association rules learning', 'database schemes and queries', 'data cleaning', 'data transformations', 'data reduction', 'data discretization', 'data life cycle', 'hypothesis formulation', 'ethical considerations', 'Python with Jupyter Notebooks', 'data engineering tasks', 'communication of findings']","['Use basic statistical concepts and techniques and perform appropriate statistical tests', 'Choose and apply suitable visualization techniques', 'Analyze and model data using linear regression, clustering, decision tree mining and association rules learning', 'Read and make simple database schemes and simple queries to a database.', 'Clean data, choose and apply data transformations, data reduction, and data discretization', 'Understand, interpret, and document data and information in the context of realistic scenarios, structure open problems along the phases of the data life cycle, formulate hypotheses, incorporate ethical considerations and reflect on analysis strengths and limitations', 'Use tools for implementing data engineering tasks (Python with Jupiter Notebooks) in a structured way', 'Choose and communicate interesting findings in the language understandable for their end user (visually or textually).']","['Data analytics for engineers (2IAB0), with at least a 6']","['Written exam – 90% of the final grade', 'Assignment – graded using the designations Good (GO), Pass (PA), Fail (FL) or No Show (NS)', 'Online homework – 10% of the final grade']",2IAB1
Linear Optimization,5 EC,Advanced,"To determine the most effective use of limited resources, one often needs to solve an optimization problem. Mathematically, this amounts to deciding the value of of several variables, such that sevaral `constraint functions' of these variables are bounded, and the `objective function' is maximized.  This course covers the theory and applications of linear optimization, and the use of optimization software.",[],"['Insight into the basic theory of linear optimization', ""Farkas' Lemma and the LP duality theorem"", 'understanding of the simplex algorithm, ability to execute this algorithm', 'understanding of integer linear equations and -optimization', 'understanding of network optimization', 'ability to solve (integer) linear optimization problems using a computer', 'ability to handle a simple modeling assignment in the field of optimization']","['Set Theory', 'Graph Theory', 'Linear algebra', 'Algebra', 'Linear Algebra 2 (2MBA50) or Linear Algebra 1+2 (2MBD50)', 'Completed none of: Linear Optimization (2WO20)']",['Written examination'],2MBD40
Numerical Linear Algebra,5 EC,Bachelor,,[],[],"['An introductory course in numerical analysis (e.g., 2MBC10)', 'basic linear algebra (e.g., 2MBA20 and 2MBA50)']","['Assignment(s)Interim examination', 'Written examinationFinal examination']",2MBC30
Linear Algebra and Applications,5 EC,BSc,"This course offers a wide range of interesting linear algebra techniques and very nice applications, including Big Data applications. These techniques are almost indispensable for the current Big Data era, and are also relevant for the field of Artificial Intelligence, including Deep Learning.
You will learn how to solve linear systems, arguably the most common and important scientific problem.
Least squares methods (or regression, very useful in Engineering) can be used to determine an approximate line (or polynomial, or spline) through a number of points (used in fitting problems, Computer Graphics, games, movies).
Rotations and reflections may be useful for Computer Graphics and Robotics.
Angles between vectors can be used to compare tastes of movies, music, or books, and to predict such tastes for the future.
You will learn the idea behind Google PageRank and its connection with eigenvalues, how it is computed, and you can also apply similar techniques to finally determine which team or country is the best soccer team.
We can use text mining methods to determine the most important tweets or keywords from a set of tweets or similar data from social media; useful for effective communication. Similar data mining techniques may be used to study customer behavior.
The course is designed to be interesting for many students, including (but not restricted to!) students from Computer Science, Data Science, P&T, and Robotics.
The subjects are fascinating on their own, but also form an ideal preparation for subsequent courses such as Data Mining, Machine Learning, Numerical Linear Algebra, Computer Graphics, and Optimization.
The course offers a nice combination of theoretical (math) and practical (implementation) work, partly done in groups.
You can use a language you might already know (for instance Python, Matlab, R) or learn a new language (for instance Julia).","['Matrices, vectors', 'Linear systems and least squares problems', 'Rotations, projections, and reflections', 'Eigenvalues and eigenvectors', 'Singular value decomposition (SVD/PCA)', 'Implementing linear algebra']","['Being able to calculate with matrices and vectors, including various norms, angles between vectors.', 'Understanding their role in applications such as recommender systems.', 'Being able to solve linear systems with Gauss or Gauss-Jordan elimination.', 'Understanding their role in applications such as splines (for instance for Computer Graphics).', 'Being able to solve linear least squares problems, including those coming from fitting.', 'Being able to compute determinants of small matrices, and knowing several useful applications.', 'Being able to compute the eigenvalue decomposition and singular value decomposition for small matrices.', 'Understanding the role of eigenvalues and eigenvectors in Google PageRank and other Markov chain applications.', 'Understanding the basics of eigenvalue based clustering techniques.', 'Understanding the role of singular values and singular vectors in web analytics, data mining, and text mining.', 'Understanding the linear algebra notions of rank, low rank, orthogonality, (in)dependency, positive definiteness.', 'Being able to implement linear algebra methods in Python, Julia, Matlab or another language of choice.', 'Being able to compute reflections and projections in 2D.', 'Understanding the role of finite precision arithmetic on computers.', 'Being able to do computations relating the math of finite precision arithmetic.']","['2WBB0 Calculus B: very helpful (in particular vectors and big-O notation) but not strictly necessary', 'Registered for a degree programme other than Applied Physics', 'Completed none of the course modules listed below: Linear Algebra and Applications (2DBI00), Linear algebra 1 (2WF20), Linear Algebra for Data Science (JBM070), Linear Algebra for Data Analysis (JBM180)']","['Group work assignment (Interim examination, weight 20)', 'Homework assignment on laptop (Interim examination, weight 20)', 'Written examination (Final examination, weight 60, minimum grade 5.0)']",2DRR00
CBL Autonomous Systems Twinning,5 EC,Bachelor,"The goal of this challenge-based learning (CBL) course is to collaboratively create a cyber-physical system for mobile robots, using digital twins technology. This system is designed to be accessible to a group of target users, e.g., warehouse operators and elderly home caretakers. As a result, a virtual environment should be created based on a physical environment in which a real robot is located. This virtual environment contains a virtual version of our real-life robot as well. These two environments (and the robots) provide at least two different functionalities: (i) they have bidirectional communication between them, (ii) they interact with their environment, and (iii) their live status should be synchronized as well. For example, if the physical robot were to be moved, then the virtual robot should move to the same position, and vice versa. In this course, you will experiment with Python PL, Robot Operating System (ROS), a ROS Visualization tool (RViz), a 3D robotic simulator (Gazebo), and TurtleBot3. You should illustrate the usefulness of your work by demonstrating how the virtual environment has been designed and developed to mimic the real-life environment and help the group of target users.","['cyber-physical systems', 'digital twins', 'mobile robots', 'Python', 'Robot Operating System (ROS)', 'RViz', 'Gazebo', 'TurtleBot3']","['Practice the development of a cyber-physical system for mobile robots, using digital twins technology as a team and in a project setting', 'Develop professional skills like technical writing and presenting, group work, peer-reviewing, and project planning and management']","['Object-oriented programming skills in Java (e.g., 2IP90)', 'Experience with Python (e.g., 2IAB1)', 'Knowledge concerning path finding and computer vision (e.g., 2DRR00)', 'Knowledge concerning data communication, algorithms, and probabilities (e.g., 2IL50 and 2DRR10)']","['Assignment', 'Written interim examination']",2IRR10
Multivariable Mathematical Analysis,5 EC,Bachelor,"All information regarding this course (incl. lecture and exam information) can be found on the site of TiU:
https://uvt.osiris-student.nl/onderwijscatalogus/extern/cursussen",['Multivariable Mathematical Analysis'],[],['Enrolled for a degree programme of faculty Jheronimus Academy of Data Science'],['Written examination'],JBM080
Vector Analysis and Geometry,5 EC,Bachelor,"Vector analysis, the subject of this course, is sometimes called the language of mathematical physics, and its modern formulation has a strong (differential) geometrical character. This course provides a basis for understanding the theoretical background of physical theories as, for instance, electromagnetism and fluid mechanics.","['Parametrization of curves and surfaces', 'Line and surface integrals of scalar fields', 'Line and surface integrals of vector fields', 'Divergence, divergence theorem', ""Green's theorem"", ""Curl, Stokes' theorem in R^3"", 'Simplified cohomology', 'Differential forms in R^n', 'Generalised Stokes’ theorem in R^n']","['Being able to parametrise curves and surfaces.', 'Being able to formulate and evaluate double and triple integrals over given domains in two and three dimensional space using different coordinate systems amongst which polar, cylindrical and spherical coordinates.', 'To be able to visualize simple vector fields and compute field lines, in Cartesian as well as polar coordinates.', 'Being able to determine whether a vector field is conservative and compute the potential for a conservative vector field.', 'To know the geometrical and topological properties of the domain of an irrotational vector field for it to be conservative, and hence have a scalar potential.', 'To be able to formulate and evaluate line integrals of scalar and vector fields.', 'To be able to formulate and evaluate surface integrals of scalar and vector fields.', 'To know the notions of gradient, divergence and curl and to be able to use these notions and the identities involving them.', 'Being able to determine whether a vector field has a vector potential, and if so, compute it.', 'Being able to apply the theorems of Green, Stokes, and Gauss in computing line and surface integrals of vector fields.', 'To know the geometrical and topological properties of the domain of a solenoidal vector field for it to be source-free, and hence have a vector potential.', 'To know the modern geometrical formulation of n-dimensional smooth manifolds, including concepts such as tangent space, cotangent space, tangent bundle, cotangent bundle, tensor, vector field and differential form as sections of appropriate bundles.', 'To know the modern formulation of vector analysis on n-dimensional smooth manifolds in terms of differential forms and to be able to apply the generalised theorem of Stokes.', 'Being able to reproduce the given definitions and theorems and to be able to apply them.']","['2MBA20 Linear algebra 1', '2MBA60 Analysis 2', '2MBA40 Analysis 1', '2WBB0 Calculus variant 2']","['Written examination', 'Written midterm examination']",2MBC40
Linear Algebra 1,5 EC,BSc,"Systems of linear equations, matrices and vector spaces are the core topics in this course. Systems of linear equations and matrix arithmetic can be seen as the computational vehicles for working in vector spaces, but are also interesting in themselves and used everywhere in science.   Vector spaces are a convenient way of mathematically modelling and working with space (and to generalize!) and elementary vector space theory mostly focuses on linear aspects.  Vector spaces consist of vectors (just think of arrows with a certain direction and a certain length, arrows that can be added and multiplied by scalars - that's the algebra!) and provide a way to define and work with notions like distance, angle, dimension, linear objects, maps between linear objects.   We introduce vector spaces in an abstract setting so that the corresponding theory can be applied and used in various settings, for instance in  other (mathematics) courses ranging from vector analysis to probability theory to optimization to machine learning. Linear algebra is indispensable for all branches of mathematics, and also for many of the engineering sciences. It is also the starting point for studying more advanced non-linear objects and more advanced computational techniques (in other courses). Since this course is primarily aimed at mathematics students, we specifically pay attention to the way linear algebra is mathematically structured, and that includes attention for precise mathematical statements and proofs. It is advised to take both Linear Algebra 1 and Linear Algebra 2 (focussing more on linear maps between vector spaces like reflections and rotations), since together they cover the standard topics in linear algebra. In Linear Algebra 1 we also discuss how complex numbers, next to vector methods, can be used in planar geometry.","['Complex plane', 'complex number techniques applied to geometry in the complex plane', 'Vectors in the plane and in 3-space', 'inner product', 'cross product', 'planes and lines in 3-space', 'basis vectors', 'coordinates', 'Systems of linear equations', 'matrices', 'row reduction', 'reduced row echelon form', 'Gaussian elimination', 'Abstract vector space', 'vector space axioms', 'linear subspace', 'linear span', 'linear (in)dependence', 'basis', 'dimension', 'coordinates', 'intersections', 'vector space constructions', 'Matrices', 'special matrices', 'arithmetical operations', 'rank of a matrix', 'Determinant', 'defining properties', 'expansion methods', ""Cramer's rule"", 'Inner product', ""Cauchy-Schwarz's inequality"", 'length', 'angle', 'orthogonality', 'Pythagorean theorem', 'orthogonal complement', 'orthonormal basis', 'Gram–Schmidt procedure', 'projection', 'distance', 'Linear transformations between vector spaces', 'matrix representations of linear transformations', 'projections', 'reflections', 'Setting up a mathematical document using LaTeX']","['Understands definitions and results about complex numbers, vectors, matrices, vector spaces, determinants, inner products, and linear transformations', 'Handle complex numbers to analyze and solve planar geometry problems', 'Employ vectors in the plane and in 3-space with coordinates and inner product to describe points, lines, planes and their relative positions', 'Describe geometric transformations as linear maps and write such maps in matrix form', 'Reduce matrices to reduced row echelon form', 'Solve systems of linear equations using row reduction', 'Carry out arithmetic operations with matrices, and determine the rank of a matrix', 'Compute determinants and use their properties', 'Work with vectors in concrete and abstract vector spaces with and without inner products', 'Work with linear transformations between vector spaces and their matrix representations', 'Solve problems in linear algebra by using and combining various computational techniques', 'Develop proofs in situations regarding the various themes', 'Relate various concepts and techniques to solve problems', 'Write a short mathematical document in LaTeX according to basic scientific requirements']","['High school mathematics (science oriented)', 'Interest in both theoretical and computational aspects of linear algebra; complex numbers as discussed in the Calculus course that runs in parallel will be used']","['Homework', 'Interim examination', 'Written examination']",2MBA20
Programming and Modeling (CBL Component),5 EC,Introductory,"The course ""Programming and Modelling"" introduces the programming language Python and the concepts of programming, such as assignments, conditionals, iteration, and classes and methods. You will also learn to use the most common data types, such as lists, sets, tuples and dictionaries. At the end of this course you will be able to develop software in Python in a structured way and well-documented way. You will also learn how to test your software. Finally, the course will provide examples, exercises and assignments from the mathematical modeling cycle, focusing on implementing and developing algorithmic tools.","['Introduction to Programming and Python', 'Basic Python operations', 'Functions, docstrings', 'Strings, testing', 'Lists, dictionaries, tuples', 'Working with data files, working with modules, numpy, pyplot', 'Object-oriented programming (OOP): classes, objects', 'OOP: methods, introduction to gitlab', 'OOP: inheritance', 'Coding and testing habits, solving systems of equations', 'Mathematical models: describe context, and explain solution strategy', 'Implement the selected strategy and carry out experiments', 'Visualize and explain results of models', 'Recursion, sorting and searching']","['demonstrate your knowledge of the principles of imperative programming by writing simple imperative programs from scratch on the basis of an informal specification.', 'describe some general algorithmic techniques and apply these in writing programs and designing simple algorithms.', 'explain the main aims and principles of object-oriented programming and show this by designing and implementing object-oriented programs.', 'explain how object-oriented constructs contribute to maintainability, flexibility, and reusability of code, and apply these principles in a limited fashion to your own code.', 'develop Python programs using off-the-shelf technologies (e.g. Jupyter Notebook, PyCharm, Git, GitLab).', 'explain the basic principles of code quality and get acquainted with coding style guides and apply these to your own programs', 'know how to read and write a data set and clean it in Python for analysis purposes. They can visualize and plot data in appropriate diagrams.', 'can implement basic mathematical models/algorithms for a concrete real-life problem in the context of Continuous Mathematics, Discrete Mathematics, and Stochastics, given a proposed solution methodology.', 'can then present and interpret the mathematical results in the original problem context.']","['Enrolled for a degree programme of faculty Mathematics and Computer Science', 'Completed none of the course modules listed below: Programming (2IP90), Programming and modelling (2WH20), Programming for Applied Physics (31PAP), Programming (JBI010)']","['Modelling component - Interim examination (Test weight 40): consists of 2 graded modelling assignments to be carried out in couples.', 'Practical / Experiment - Interim examination (Test weight 20): consists of a midterm assessment (Graded programming assignment) to be carried out in couples and individual homework ex', 'Programming exam - Final examination (Test weight 40, Minimum grade 5.0): individual final notebook exam.']",2MBA30
Algorithmic Aspects of Game Theory,5 EC,Advanced,"We plan for the following content:
• An introduction to fundamental game theoretic concepts including the abstract definition of games, specific games with examples, strategies and equilibria with a focus on Nash equilibria.
• Algorithmic and complexity theoretic investigation of problems relating to finding equilibria (Mini-max theorem, Nash’s theorem, Sperner’s lemma, Brower’s fixed point theorem, a light discussion on the complexity classes PPAD and PLS in this context)
• A light exploration of collaborative games, specifically coalition formation games with basic concepts stability/rationality concepts studied in this context and a more detailed analysis of stable matching and the Gale-Shapely algorithm.
• Additionally, we plan on discussing mechanism design theory in the context of one specific type of games which we will still determine but will be one of routing/congestion games, tournaments or auctions.","['non-cooperative games and strategies', 'Nash equilibria', 'Mini-max theorem', 'Nash’s theorem', 'Sperner’s lemma', 'Brower’s fixed point theorem', 'complexity classes PPAD and PLS', 'collaborative games', 'coalition formation games', 'stable matching', 'Gale-Shapely algorithm', 'mechanism design', 'routing/congestion games', 'tournaments', 'auctions']","['be familiar with the abstract definitions of non-cooperative games and strategies, some specific kinds of games, and how they can be used to model real-world situations', 'understand the notion of Nash and other types of equilibria and what they mean in settings modeled by games', 'know how to argue about the existence of equilibria, the complexity deciding their existence, and the complexity of finding them', 'understand the adaptation of some of the above to cooperative games', 'have gotten a light introduction to mechanism design including classic design objectives, impossibility results and approaches how to resolve them']","['Data Structures', 'Discrete Structures']","['Interim examination', 'Written examination']",2IBA10
Differential Geometry,5 EC,Advanced,"Understands the concepts and axiomatics of a vector space and its dual in the finite-dimensional setting in relation to the Kronecker tensor formalism and the distinction between covariant, contravariant and mixed tensors. Can use tensor calculus to represent general tensors relative to an appropriate basis. Tensors of particular interest are: Kronecker tensor, (Riemannian and Lorentzian) metric tensor, torsion tensor, curvature tensor, Levi-Civita tensor. Understands common notational issues such as holor symbols, ad hoc polymorphism and summation convention and can routinely manipulate these. Understands the concept of a differentiable manifold and that of a general vector bundle and sections of it, notably tensor fields. Understands how abstract geometric definitions are related to basis and coordinate chart induced numerical (holonomic or anholonomic) representations. Understands various geometrically meaningful point and derivative operators acting on tensor fields, notably musical isomorphism, Hodge star, Lie derivative, exterior derivative, covariant derivative (in relation to a linear connection) and the standard, symmetric and antisymmetric tensor product. Develops strong heuristics concerning the meaning of all abstract geometric concepts by applying these to solve practical and fundamental problems in various physical science and engineering domains when given a short introductory explanation of the context.","['Basic linear algebra', 'Manifolds: Charts and atlases, transition maps, active versus passive transformations', 'Vector bundles: Tangent and cotangent bundle and general vector bundles, sections (tensor fields) and holor representations', 'Differential operators: Linear connections with application to parallel transport, exterior derivative, Lie derivative', 'Riemannian and Lorentzian manifolds: Metrics, geodesics, Levi-Civita connection, holor index raising and lowering induced by the musical isomorphism']","['Understands the concepts and axiomatics of a vector space and its dual in the finite-dimensional setting in relation to the Kronecker tensor formalism and the distinction between covariant, contravariant and mixed tensors.', 'Can use tensor calculus to represent general tensors relative to an appropriate basis.', 'Understands common notational issues such as holor symbols, ad hoc polymorphism and summation convention and can routinely manipulate these.', 'Understands the concept of a differentiable manifold and that of a general vector bundle and sections of it, notably tensor fields.', 'Understands how abstract geometric definitions are related to basis and coordinate chart induced numerical (holonomic or anholonomic) representations.', 'Understands various geometrically meaningful point and derivative operators acting on tensor fields.', 'Develops strong heuristics concerning the meaning of all abstract geometric concepts by applying these to solve practical and fundamental problems in various physical science and engineering domains.']","['2MBA20 Linear Algebra 1', '2MBA40 Analysis 1', '2MBA50 Linear Algebra 2', '2MBA60 Analysis 2']",['Written examination'],2MBC70
Calculus Variant 3,5 EC,BSc,Technical science uses mathematics as a language to describe phenomena and to solve problems. With trigonometry one can describe waves. In many problems an optimal setting of parameters should be found. This can be done with differentiation. Integral calculus is needed for the calculation of energy and power. Many models use differential equations. In this course you will learn these and other basic techniques but also the formal aspects of mathematics including some proofs.,"['Algebraic Skills, Functions', 'Limits', 'Differentiation I', 'Differentiation II', 'Transcendental functions', 'Integration', 'First-Order Differential Equations', 'Complex numbers']",[],['VWO-Wiskunde B'],"['Midterm test', 'Online tests', 'Start test: contribution to final grade', 'Starttest', 'Written examination']",2WCB0
Stochastic Processes,5 EC,BSc,"A stochastic process is a collection of random variables. In this course we define and classify stochastic processes. We subsequently provide extensive treatments of the following stochastic processes: the Poisson process, Markov chains, Markov processes, birth-and-death processes. We also discuss several applications of stochastic processes. The modelling of various real-life situations (queues, technological systems, investment strategies, biological phenomena) as stochastic process receives special attention.","['Poisson process', 'Markov chains', 'Markov processes', 'birth-and-death processes', 'applications of stochastic processes']","['To have a thorough understanding of the properties of the Poisson process', 'To have insight into Markov chains, Markov processes and birth-and-death processes, and to be able to determine their stationary distribution', 'To get a feeling for the application of stochastic processes in the analysis and optimization of all kinds of systems and phenomena in industry and society', 'To be able to treat a modeling problem of moderate size in the area of stochastics.']",['2MBS20 Probability Theory and Modelling'],"['Homework assignment', 'Interim examination', 'Written examination']",2MBS30
Mathematics and Practice in Historical Perspective,5 EC,Bachelor,"This course focuses on the development of mathematics over the centuries and its role in society. It includes getting a feel for the mathematics of earlier times (in particular, numbers and algebra, analysis, geometry, probability and statistics, proofs in mathematics), and furthermore links the mathematics to the people involved and to the societal circumstances. In part of the course you can concentrate on a topic of your own choice. But note: mathematical maturity is required.","['Outline of the history of mathematics', 'Historical sources', ""Axioms, the need for proof; the role of the Greeks (Euclid's Elements); modern developments regarding rigor"", 'The development of (non-Euclidean) geometry, numbers and algebra, calculus and analysis; probability and statistics, mathematical modeling.', 'More recent developments in mathematics and its applications, such as discrete optimization', 'scientific and societal aspects related to the themes mentioned, e.g., the role of the mathematician in modern society']","['is familiar with a broad outline of the history of mathematics and its applications, including more recent developments', 'has some understanding of the mathematical contents of the topics discussed in the broad outline', 'is familiar with a selected set of historical sources (including understanding their mathematical contents)', 'is familiar with the more detailed development of at least one field within mathematics, including its mathematical contents', 'is aware of the relevance of mathematics for scientific and societal developments', 'is able to answer in writing, and orally, historical questions about mathematics and the role of mathematicians in society on the basis of a literature study', 'is able to use and properly cite sources in connection with historical questions regarding mathematics']","['First year courses in the mathematics curriculum', 'Analysis 1 (2MBA40)']","['Assignment 1 - Interim examination - Test weight 50 - Minimum grade 5.0', 'Assignment 2 - Final examination - Test weight 40 - Minimum grade 5.0', 'Homework - Interim examination - Test weight 10']",2MBA90
Data Science Research Methods,5 EC,Advanced,"In all areas of society—for example, in tech firms, the financial industry, and the public sector—it has become standard practice to base decisions on empirical evidence obtained through systematic and scientifically rigorous methods. This course teaches students how to apply techniques they already know—such as regression analysis, instrumental variables estimation, and machine learning—to achieve this objective.","['Potential outcomes model, treatment effects, experiments', 'Selection on observables and matching', 'Difference-in-difference estimation', 'Regression discontinuity design']","['Students know the potential outcomes framework and can use it to define causal effects. They understand the link between the potential outcomes framework and regression analysis and can interpret regression coefficients as causal effects when appropriate.', 'Students can formally describe the main econometric techniques for estimating causal effects.', 'Students are able to interpret and evaluate estimation results.', 'Students are able to analyze a provided data set using statistical software and interpret the results (application, analysis, evaluation).', 'Students can reason which estimator can or cannot be used to answer a given question using data.']",['prior knowledge Statistics (JBM010) and JBM040 Business Analytics / JBM045 Econometrics for Data Science'],"['Assignments (Interim examination) - Test weight 30', 'Written examination (Final examination) - Test weight 70, Minimum grade 5.50']",JBM025
Advanced Simulation Methods for Ordinary Differential Equations,5 EC,Bachelor,,"['equations of motion, first order ODE system, initial conditions, initial value problem, differential-algebraic equations (DAEs), phase space, orbit/trajectory, flow, Hamiltonian system, classification of ODEs', 'basic integration methods, explicit/implicit Euler method, trapezoidal rule, implicit midpoint rule, Newton iteration, local discretisation error, consistency, global discretisation error, convergence', 'test equation, stability of numerical schemes, stability region, A- stability, upper bound for the global discretisation error, one-step methods for ODE-systems, stiff ODE systems, error estimate using Richardson extrapolation', 'derivation of Runge-Kutta methods, Butcher array, local discretisa- tion error, conditions for consistency, linear invariants.', 'Newton iteration for implicit Runge-Kutta methods, explicit Runge-Kutta methods, stability function, stability region, local error, step size control, local extrapolation, embedding.', 'Hamiltonian systems, (phase) flow, area preservation, symplectic mapping/flow, theorem of Poincaré.', 'symplectic time integration methods, symplectic Euler methods, implicit midpoint rule, symplectic Runge-Kutta methods, quadratic invariants, Störmer-Verlet scheme.', 'stiff ODE system, (linear) differential-algebraic equations (DAEs), consistent initial conditions, Weierstrass-Kronecker canonical form, general DAE, index, semi-explicit DAE, Hessenberg index-1/index-2 systems.', 'basic schemes for DAE systems, BDF methods, ODE system with invariants, stabilized ODE system.', 'examples of large-scale particle systems and applications (crowd, epidemiology, molecular), numerical implementation aspects of integrators: identification of the linear algebra operations (vector operations, matrix-vector op- erations, inner-product), linear update operator', 'basic consideration of parallelization, distributed vs shared memory computing architectures, MPI and GPU parallelization (vs hyperthreading) paradigms', 'Communication and Computation times, basic aspects of paral- lelization in different coding languages Python and Matlab, pros & cons, Matlab parallel programming toolbox, Python CuPy for Cuda-GPU, mpi4pi for MPI', 'domain partitioning and parallelization, truncation, communication vs computation time, scaling', 'specific considerations for the linear update operators, optimal strategies for large-scale applications']","['construct and implement sophisticated numerical methods for ODE and DAE systems, and assess them in terms of accuracy and stability', 'apply dedicated methods for specific ODE systems, such as symplectic methods for Hamiltonian systems', 'implement and employ high performance parallelization techniques (MPI and GPU) for numerical methods for ODEs', 'identify and implement the most efficient HPC strategy based on the mathematical details of the use case', 'balance accuracy, high-performance, and object-orientation (for reuse) in advanced numerical software development', 'implement the cycle Research question → Mathematics → Implementation → Simulation → Reflection']","['Linear algebra 1 (2MBA20)', 'Ordinary differential equations (2MBC20)', 'Programming and Modeling (2MBA30)']","['Opdracht/assignments Interim examination', 'Test Interim examination', 'Written examination Final examination']",2MBC50
Partial Differential Equations and Applications,5 EC,Bachelor,,"['Motivation for first-order (nonlinear) PDEs', 'Transport equation', 'Burger’s equation', 'Hamilton-Jacobi equation', 'Optics', 'Method of characteristics', 'Linear equation', 'Quasilinear equation', 'Fully nonlinear', 'Calculus of variations', 'Lagrangian problem', 'Hamiltonian equation', 'Optimal control', 'Pontryagin’s maximum principle', 'Dynamic Programming Principle', 'Hopf-Lax formula', 'Hamilton-Jacobi equations', 'One-sided differentials', 'Notion of viscosity solutions', 'Comparison principle', 'Rademacher’s theorem', 'Well-posedness of Hamilton-Jacobi equations', 'Extension to second-order equations', '1D scalar conservation laws', 'Integral (distributional) solutions', 'Rankine-Hugoniot condition', 'Shocks', 'rarefaction waves', 'entropy condition', 'Lax-Oleinik formula', 'Entropy solution']","['Students can provide concrete motivation for first-order PDEs.', 'Students can identify the different types of PDEs.', 'Students can solve quasilinear first-order equations using the method of characteristics and determine if solutions can be globally extended.', 'Students can recall the Direct method of the Calculus of Variations, the Pontryagin maximum principle, and the dynamic programming principle.', 'Students can derive Euler-Lagrange equations (first-order optimality conditions) corresponding to optimal control problems.', 'Students can recall the notion of viscosity solutions and the comparison principle.', 'Students can solve simple Hamilton-Jacobi equations and can relate the solutions to solutions of a corresponding optimal control problem.', 'Students can recall the notion of distributional solutions, entropy solutions, the Rankine-Hugoniot condition, and the entropy condition.', 'Students can solve simple scalar conservation laws via the Lax-Oleinik formula and can relate the solutions to solutions of a corresponding Hamilton-Jacobi equation.']","['2MBA40 Analysis 1', '2MBA60 Analysis 2', '2MBC20 Theory and Applications of ODEs']","['Homework exercises', 'Written examination']",2MBC90
Business Insights and Networks,5 EC,Bachelor,"This course focuses on the relations and networks among organizations. Substantively, the focus is on the theory about why and how organizations create, maintain, and dissolve interorganizational relations and on the insights that organizations can draw from understanding the structure of interorganizational networks by analyzing the opportunities and challenges inherent in them. Such insights allow organizations to successfully navigate their business environment. Within this, we have a special focus on how networks support and hinder innovation. Methodologically, students learn how to analyze interorganizational networks through the use of Social Network Analysis (SNA). Employing the R software, students learn how to construct and handle network datasets, how to visualize the data, and how to analyze it (using mathematical and statistical algorithms). Finally, students learn how to apply the theory of interorganizational networks to substantively interpret the results from the analysis and translate them to business opportunities. The course consists of 8 lectures, 3 lab sessions, 1 interactive network game session, a group homework assignment that is conducted throughout the course, and an individual programming quiz","['organizational theory', 'interorganizational business problems and opportunities', 'external relationships', 'social networks', 'interorganizational networks for innovation', 'social network analysis', 'network datasets', 'organizational network structure', 'business insights', 'R software', 'data visualization', 'interorganizational relations', 'network analysis']","['are familiar with basic concepts of organizational theory, with a specific focus on interorganizational business problems and opportunities;', 'are knowledgeable about why and how organizations maintain external relationships;', 'are knowledgeable about the most important theoretical concepts and models in the field of social networks;', 'have insights into the role of interorganizational networks for innovation;', 'are knowledgeable about the most important measurements and measurement models in social network analysis;', 'are able to construct, clean, integrate, and process network datasets;', 'have a basic level of fluency in analyzing the structure and key players in interorganizational networks;', 'are able to draw useful business insights through the analysis of an organizational network at both network and firm levels;', 'are able to perform social network analyses and visualization using R software;', 'are able to develop their own research questions with regard to interorganizational networks.']","['be able to program in R', 'understand (logistic) regression', 'have a basic understanding of innovation (in organizations and society) and knowledge protection (i.e., patenting, licensing, know-how, etc.)', 'have basic knowledge about data visualization']","['Assignment (Interim examination)', 'Digi STEP Ans (Final examination)', 'Programmng Quiz (Interim examination)']",JBE140
Introduction to Machine Learning,5 EC,Bachelor,"Data mining is an interdisciplinary field in which the extraction of useful knowledge from data is discussed. The arising question here is of course what ""useful knowledge"" is. How can we specify a corresponding learning task, how can we gain the required knowledge and how do we evaluate if the extracted knowledge is indeed useful? This introductory course addresses these questions and discusses the following topics: the data mining end-to-end process: identification of present data mining task(s), data preprocessing, the training of a suitable data mining model, evaluation and interpretation of the data mining outcomes, data mining techniques for the learning tasks of regression, classification, clustering, dimensionality reduction and an introduction to deep learning, implementation of some of the most widely used methods in Python.","['data mining end-to-end process', 'data preprocessing', 'training of data mining models', 'evaluation and interpretation of data mining outcomes', 'regression', 'classification', 'clustering', 'dimensionality reduction', 'introduction to deep learning', 'implementation of data mining methods in Python']","['understands and can explain the basic principles and techniques of data mining', 'is aware of various application areas of data mining', 'understands and can explain when data mining might be useful', 'can choose appropriate techniques for data preprocessing, basic modelling and evaluation', 'can make valid conclusions about the performance of the models, taking the impact of the employed optimisation method into account', 'can translate practical problems to data mining tasks and choose appropriate data mining models', 'has the skills for designing, implementing and evaluating data mining solutions in Python']","['JBI010 (Programming)', 'JBM015 (Data Statistics)', 'JBM075 (Linear Algebra)']","['Homework assignment 1', 'Homework assignment 2', 'Notebook exam']",JBI030
Linear Algebra for Data Analysis,5 EC,Bachelor College,"This course offers a wide range of interesting linear algebra techniques and very nice applications, including Big Data applications. These techniques are almost indispensable for the current Big Data era, and are also relevant for the field of Artificial Intelligence, including Deep Learning. You will learn how to solve linear systems, arguably the most common and important scientific problem. Least squares methods (or regression, very useful in Engineering) can be used to determine an approximate line (or polynomial, or spline) through a number of points (used in fitting problems, Computer Graphics, games, movies). Rotations and reflections may be useful for Computer Graphics and Robotics. Angles between vectors can be used to compare tastes of movies, music, or books, and to predict such tastes for the future. You will learn the idea behind Google PageRank and its connection with eigenvalues, how it is computed, and you can also apply similar techniques to finally determine which team or country is the best soccer team. We can use text mining methods to determine the most important tweets or keywords from a set of tweets or similar data from social media; useful for effective communication. Similar data mining techniques may be used to study customer behavior. The course is designed to be interesting for many students, including (but not restricted to!) students from Computer Science, Data Science, P&T, and Robotics. The subjects are fascinating on their own, but also form an ideal preparation for subsequent courses such as Data Mining, Machine Learning, Numerical Linear Algebra, Computer Graphics, and Optimization. The course offers a nice combination of theoretical (math) and practical (implementation) work, partly done in groups. You can use a language you might already know (for instance Python, Matlab, R) or learn a new language (for instance Julia).","['Matrices and vectors', 'Matrix and vector norms', 'Angles between vectors', 'Recommender systems', 'Linear systems and least squares problems', 'Gaussian elimination', 'Gauss and Gauss-Jordan form', 'Normal equations', 'Data fitting', 'Rotations, projections, and reflections', 'Computer Graphics and robotics', 'Eigenvalues and eigenvectors', 'Eigenvalue decomposition', 'Determinants', 'Google PageRank', 'Clustering', 'Markov chains', 'Singular value decomposition (SVD/PCA)', 'Orthogonality', 'Rank and linear dependency', 'Low-rank matrices', 'TSVD', 'Web Analytics', 'Data/text mining', 'Feature extraction', 'Implementing linear algebra', 'Flops and memory costs', 'Finite precision arithmetic', 'Rounding errors', 'Linear algebra with Python, Julia, or Matlab']","['Being able to calculate with matrices and vectors, including various norms, angles between vectors.', 'Understanding their role in applications such as recommender systems.', 'Being able to solve linear systems with Gauss or Gauss-Jordan elimination.', 'Understanding their role in applications such as splines (for instance for Computer Graphics).', 'Being able to solve linear least squares problems, including those coming from fitting.', 'Being able to compute determinants of small matrices, and knowing several useful applications.', 'Being able to compute the eigenvalue decomposition and singular value decomposition for small matrices.', 'Understanding the role of eigenvalues and eigenvectors in Google PageRank and other Markov chain applications.', 'Understanding the basics of eigenvalue based clustering techniques.', 'Understanding the role of singular values and singular vectors in web analytics, data mining, and text mining.', 'Understanding the linear algebra notions of rank, low rank, orthogonality, (in)dependency, positive definiteness.', 'Being able to implement linear algebra methods in Python, Julia, Matlab or another language of choice.', 'Being able to compute reflections and projections in 2D.', 'Understanding the role of finite precision arithmetic on computers.', 'Being able to do computations relating the math of finite precision arithmetic.']","['2WBB0 Calculus B: very helpful (in particular vectors and big-O notation) but not strictly necessary', 'Linear Algebra for Data Science (JBM075) not completed', 'Linear Algebra and Applications (2DBI00) not completed', 'Linear Algebra for Data Science (JBM070) not completed', 'Linear algebra 1 (2WF20) not completed', 'Linear Algebra and Applications (2DRR00) not completed', 'Must be registered for a degree programme other than Applied Physics']","['Group work assignment (Interim examination, weight 20, minimum grade 5.0)', 'Homework Assignment on laptop (Interim examination, weight 20, minimum grade 5.0)', 'Written examination (Final examination, weight 60, minimum grade 5.0)']",JBM180
Data Structures,5 EC,Bachelor,"There are many aspects to the study of data structures, and the algorithms that operate upon them. In this course, the student will learn the basic skills and knowledge to develop efficient algorithms to solve computational problems and to make informed choices between different solutions for the same problem.","['heaps', 'hash tables', 'binary search trees', 'union-find', 'InsertionSort', 'MergeSort', 'QuickSort', 'minimum spanning trees', 'breadth-first search', 'depth-first search', 'topological sorting', 'incremental algorithms', 'recursion', 'divide and conquer', 'O-notation', 'recurrences', 'sorting in linear time', 'lower bounds for sorting', 'Selection Algorithms', 'red-black trees', 'augmenting data structures', 'adjacency list', 'adjacency matrix', 'DFS', 'BFS']","['After completing the course, you have a working knowledge of fundamental data structures: heaps, hash tables, binary search trees, and union-find', 'After completing the course, you have a working knowledge of basic sorting algorithms such as InsertionSort, MergeSort, and QuickSort', 'After completing the course, you have a working knowledge of basic graph algorithms such as minimum spanning trees, breadth- and depth-first search, and topological sorting', 'apply basic algorithm design techniques (incremental, recursive, divide-and-conquer)', 'use standard proof techniques (induction, invariants) to establish the correctness of algorithms', 'characterize the efficiency of algorithms by performing a worst-case asymptotic analysis', 'use the skills above to make informed choices between different solutions for the same computational problem']","['Being able to work with basic programming constructs such as linked lists, arrays, and loops', 'Being able to apply standard proving techniques such as proof by induction and proof by contradiction', 'Being familiar with sums and logarithms such as discussed in Chapter 3 and Appendix A of the textbook', 'Enrolled for Computer Science and Engineering', 'Not registered for HBO-TOP Applied Physics, Pre-Master, Fulltime']","['Interim examination (weight 40, min grade 5.50)', 'Written examination using notebook (final examination, weight 60, min grade 5.0)']",2IL50
Discrete Optimization Modeling,5 EC,BSc,"Discrete optimization concerns the problem of finding an optimal solution to a mathematical optimization problem in which some variables are only allowed to take values from a finite (discrete) set. Discrete optimization problems arise very frequently in practice both in theory and practice. For example, many graph theoretic problems are intrinsically discrete. But also many problems arising in (industrial) applications have discrete elements, e.g., the most efficient way of producing a finite number of items on a finite set of machines, or minimizing the total movements of a driller to produce a circuit board, which is needed in the production of computer chips.  In this course, we demonstrate many techniques to model discrete optimization problems by means of mixed-integer programming. Next to the derivation of models for many classical discrete problems, we will also discuss general techniques for creating a discrete optimization model. In particular, to be able to to find effective models, we will discuss means to compare different models for the same problem, and we will also demonstrate how state-of-the-art software can be used to solve discrete optimization problems.","['mixed integer-and linear programming modeling', 'library of known models', 'column generation and separation routines', 'modeling of fairness', 'traveling salesperson problems', 'cutting stock']","['create an abstract model of a real world problem and discuss weaknesses and strengths of the model (level of details in model vs. solvability of the model)', 'provide standard mixed-integer linear programming models of classical problems (such as traveling salesperson problems, cutting stock etc.)', 'implement an abstract model by means of linear and mixed-integer linear programming', 'solve mixed-integer programs using a black box solver and evaluate the solver’s performance', 'turn a black box solver into a gray box solver by implementing separation routines and column generation routines']","['Graph Theory', 'Linear Optimization', 'Linear Algebra']",['Written examination'],2MBD80
Stochastic Simulation and Modeling,5 EC,BSc,"Many real-life processes are too difficult or too complex to analyse in an exact, theoretical way. Throughout this course we discuss a variety of real-life processes that exhibit a stochastic behaviour, ranging from financial models, manufacturing networks, to models for particle systems in chemistry or physics. The course is very practical, in the sense that emphasis will be placed on developing simulation models for these processes. Many of the lectures will be interactive, with the lecturer and the students writing a simulation together, step by step. The main goal of the course is that the students not only learn and understand the required simulation techniques, but are also forced to actually write the simulation.","['Random number generators', 'Generating random variables', 'Monte-Carlo simulation', 'Discrete-event simulation of several stochastic processes and queueing networks', 'Random walks, birth-and-death processes', 'Epidemic models', 'Financial risk models', 'Interacting particle systems', 'Communication networks', 'Manufacturing systems and networks', 'Input and output analysis (distribution fitting, warmup-interval, confidence intervals)']","['Understand the behaviour of all stochastic models that have been discussed in the course.', 'Identify the appropriate simulation model to describe the practical situations involving randomness.', 'Design and implement a simulation model, for all discussed models, but also for complicated models based on real-life situations, in a programming language of their choice.', 'Work efficiently in a team, when developing and implementing a simulation model.', 'Analyse data taken from real life in order to use (abstractions of) this data in simulation experiments.', 'Analyse (and, if necessary, improve) the accuracy of the simulation outcomes', 'Interpret the results of simulation experiments.', 'Write a comprehensive report in which all aspects of the development and implementation of the simulation model are described, as well as a summary of the results, and', 'conclusions and recommendations for the problem owner, based on these results']",['Stochastic simulation (2WB50)'],"['Assignments (50% of grade)', 'Individual test: laptop exam with programming exercises or written exam (50% of grade, minimum grade 5 required)']",2MBS40
Linear Optimization for Data Science,5 EC,BSc,"IMPORTANT: this course is taught in Tilburg, which means that you need to enroll in Tilburg. For registration please send an email to: jbds@tilburguniversity.edu. Note that for Tilburg courses you need to register for exams separately several weeks before the exam takes place.",['Linear Optimization'],[],"['prior knowledge JBM075', 'Linear Algebra for Data Science']",['Written examination'],JBM035
Programming,5 EC,Bachelor,"Course on hands-on Java programming, basic principles of object-oriented programming, and the Swing framework for graphics and user interaction","['Elementary imperative language concepts: variable, assignment, if-else, while, method, parameter, function, types, arrays, scope, I/O', 'Some advance topics: some collection classes, recursion', 'Object-oriented design and programming concepts: object, class, instance variable, instance method, inheritance, overriding, polymorphism, interface', 'GUI: Swing, event handling, simple graphics, GUI components (window, button), simple animation']","['can write simple Java programs from scratch', 'knows the principles of object-oriented programming', 'can, with aid, design simple object-oriented programs', 'can use the Swing framework', 'knows some principles of code quality and can apply these']","['Fundamentals of algorithmic pro for OMgt (1BK60)', 'App Programming (2IS60)', 'Programming and Modeling (CBL Component) (2MBA30)', 'Programming and modelling (2WH20)', 'Programming for Applied Physics (31PAP)', 'Computation for automotive (5AIA0)', 'Computation I: hardware/software int. (5EIA0)', 'Bio informatics (8CA00)', 'Creative programming (DBB100)', 'Program your Breakout (DBB214)', 'Programming (JBI010)']","['Assignment (Interim examination)', 'Written examination using notebook (Final examination)']",2IP90
Insurance and Credit Risk,5 EC,Advanced,"Insurance claim amounts and claim times are usually assumed to be random, hence probability theory is needed to determine key performance measures like the probability that an insurance company gets ruined or the deficit of the company at ruin. In this course, we discuss several models and methods which are relevant for the probabilistic analysis of insurance models. We also discuss some of the emerging models that are used to predict credit risk, which is the risk of facing bankruptcy.","['Collective risk models (insurance and reinsurance)', 'Ruin theory (exact, asymptotic and approximate ruin probabilities)', 'Rating agencies', 'Mixed binomial model', 'Vasicek one-factor model', 'Value-at-Risk', 'Economic Capital and Basel II']","['Understanding models which are being used in practice for determining and quantifying the credit risk position of institutions like banks and insurance companies.', 'Acquiring knowledge and insight on theories and methods which play a fundamental role in analysing stochastic financial and insurance models.']","['Introductory courses in calculus and probability theory', '2WB50 Stochastic simulation', '2DF20 Stochastics and simulation for finance']",['Written examination'],2DF30
"Sets, Logic and Mathematical Language",5 EC,Bachelor,A first introduction to the language of mathematics and algebraic concepts.,"['Sets', 'Constructions with sets', 'Logical operators', 'Quantifiers', 'Functions and maps', 'Equivalence relations', 'Orders', 'Linear recurrences', 'Induction and recursion', 'Computations with integers', 'gcd', 'lcm', 'Euclidian algorithm', 'Primes', 'Eratosthenes sieve', 'Factorization', 'Chinese remainder theorem', 'Modular arithmetic', 'Cardinalities', 'Applications in digital communication']","['The student knows the basic concepts and techniques of set theory, logic and abstract algebra', 'The student can use it in calculations', 'The student is familiar with logical reasoning', 'The student can construct proofs on the topics mentioned', 'The student can communicate within a mathematical setting', 'The student can experiment and conduct mathematical statements based on these experiments']",['High school mathematics'],"['Online test', 'Weekly homework', 'Written examination']",2MBA10
Mathematics for AI,5 EC,Bachelor,"This course teaches concepts of linear algebra and probability theory necessary for AI applications, and some fundamental concepts in AI and machine learning, including the implementation of the concepts in Python.","['Linear algebra', 'Vector calculus', 'Probability theory', 'Optimization', 'Bayesian networks', 'Classification with Support Vector Machines']","['understand the linear algebra concepts that underlay neural networks and basic clustering methods, and implement them using Python', 'explain how to differentiate vector functions, and compute gradients, divergences, and curls', 'explain how backpropogation works in neural networks, linearize vector functions, and apply this in optimization problems', 'understand basic concepts from probability theory such as independence, and derive conditional probabilities given a probability mass function or probability density function', 'explain how optimization is done in different AI methods, and implement basic optimization algorithms in Python', 'explain how inference and parameter learning is done in Bayesian networks, explain what type of AI task can be done with different Bayesian networks, and implement inference and learning algorithms in Python', 'explain how classification is done with support vector machines, explain duality, and implement a support vector machine in Python']","['Calculus', 'Data Statistics', 'Logic and Set Theory', 'Linear algebra']","['Midterm test 1', 'Midterm test 2', 'Python test', 'Written examination']",JBI120
Discrete Mathematics,5 EC,Bachelor,"Many aspects of Data Science rely on computers to do the heavy lifting for handling data, computing results, running simulations, etc. To effectively use the computer as a tool, we will cover basic discrete mathematical structures that occur in many contexts in computer science and data science. You will learn the basic skills and knowledge of logic to formally reason about these structures, including relations, orderings, graphs (networks) and trees.","['logic', 'set theory', 'proving techniques', 'functions', 'relations', 'combinatorics', 'counting', 'graph theory', 'Euler tours', 'Hamiltonian Cycles', '2-connectivity', 'rooted trees']","['apply basic terms and concepts of logic and set theory in reasoning and proving', 'use basic proving techniques (e.g., direct proof, proof by contradiction, induction)', 'identify and prove properties of functions and relations (e.g., injection, surjection, symmetry, transitivity, reflexivity, etc.)', 'apply the basics of combinatorics and counting (e.g., number of binary strings of given length, number of subsets of a set, number of permutations of a set)', 'reason about the basic definitions and concepts of graph theory', 'identify various properties and substructures in graphs (e.g., Euler tours, Hamiltonian Cycles, 2-connectivity)', 'reason about properties of rooted trees (e.g., height, depth, size of (un)balanced binary trees)']","['Enrolled for one of the following degree programmes: Data Science, Psychology & Technology', 'Completed none of the course modules listed below: Discrete Structures (2IT80)']",['Final examination'],JBI026
Data Statistics,5 EC,Bachelor,"This course covers the fundamentals of statistical inference and testing and gives an introduction to statistical modeling. The first half of the course focuses on probability theory; the second half on estimation and testing of population characteristics based on sample data. After the course, students have acquired knowledge about probabilities, commonly used probability distributions, statistical parameters as expectation and variance, random samples and they can perform calculations relating to these notions. They can summarize data and use data to estimate parameters, to create confidence intervals and to perform hypothesis tests. Furthermore, they have the knowledge to interpret the corresponding results. Throughout the course, real-data examples will be used in the lectures and homework problems. Pen-and-paper exercises will be used to give students a deeper understanding and to train the basis statistical skills.","['Probability theory (the classical definition of probability, probability rules, conditional probability)', 'Random variables, probability distributions, probability density functions', '(Conditional) Expectation, variance, standard deviation, covariance, correlation', 'Sampling theory', 'Point estimators, confidence intervals, hypothesis testing', 'Estimation of the mean/variance using a random sample, confidence intervals and hypothesis testing for the (difference in) mean(s)']","['Perform elementary probability calculations with stochastic models', 'Identify situations where probabilistic models are adequate', 'Make use of probability distributions for modeling and analysis of situations where randomness occurs (or when it is considered to be a good modeling tool)', 'Perform elementary statistical analyses of data', 'Use and construct point estimators, confidence intervals, and hypothesis tests', 'Adequately document calculations that form the base of their probabilistic or statistical analysis']","['Calculus (2WBB0)', 'Linear Algebra for DS (JM070) as from 2023-2024', 'Basic calculus course or equivalent (able to understand/perform simple differential calculus operations)', 'Basic level of mathematical maturity', 'Registered for a degree programme other than HBO-TOP Applied Physics, Pre-Master, Fulltime', 'Completed none of the course modules listed below: Probability and Statistics (2DI90)']","['Assignment (3 homework assignments, best 2 count for 15% each)', 'Written examination (closed book, counts for 70% of final grade, minimum grade 5.50)']",JBM015
Algorithmic Aspects of Data Analysis,5 EC,Advanced,"This course teaches students how data analysis problems can be formulated in precise mathematical terms, how to apply algorithmic techniques to solve the resulting optimization or decision problems, and how to implement the resulting algorithms. We will use an important data-analysis task, namely clustering, as a vehicle. The course will give an overview of different approaches to clustering, starting with evaluation metrics—how can we define what a good clustering looks like—and with a focus on algorithms for computing a clustering. We explore how certain data structures and algorithmic techniques can be used to gain considerable speedups. We will discuss how the curse of dimensionality affects the clustering problem, and discuss dimension-reduction techniques that can be used to mitigate these effects.","['clustering', 'evaluation metrics', 'algorithmic techniques', 'data structures', 'curse of dimensionality', 'dimension-reduction techniques']","['understand how certain data-analysis tasks, and in particular clustering, can be formulated as well-defined optimization or decision problems', 'can reason about algorithmic speedups for data-analysis tasks, and understand that choosing the right algorithmic techniques can make a significant performance difference', 'can describe and compare different algorithms to detect clusters in various types of data', 'can implement various algorithms for clustering in an effective manner']","['Data Structures (2IL50)', 'Programming (JBI010)']","['Assignment', 'Written examination']",JBI045
Stochastics and Simulation for Finance,5 EC,Bachelor,"In insurance and finance, randomness plays a major role. Insurance claim amounts and claim times are usually assumed to be random, and hence probability theory is needed to determine key performance measures like the ruin probability. Similarly, the stock market contains many random features, and knowledge of stochastic processes is needed to operate effectively in financial markets. In this course, we present methods that are relevant for the analysis of financial models and insurance models. A special feature of the course is that, next to theory, there is considerable attention for practice: Active use of real data, Actual implementation of all models, Lecture notes on programming in Python, Two assignments, to be made in pairs, using real data and real implementations.","['Random variables and transform methods', 'Sums of random variables', 'Poisson process and compound Poisson process', 'Multiplicative model and Lognormal distribution', 'Basic simulation for financial and insurance models in Python']","['Acquiring knowledge and insight in theories and methods which play a fundamental role in understanding stochastic financial and insurance models.', 'Being able to implement a stochastic simulation for all the models discussed in the course.']","['Introductory courses in calculus and probability theory.', 'Basic programming experience.']",['Written examination'],2DF20
Computer Systems,5 EC,BSc,"Introduction to Computer Systems, on the structure and working of general-purpose machines that can execute computer programs, spanning the conceptual gap between simple switches on the one hand and the abstract machine that constitutes a ""computer"" on the other.","['Combinatorial circuits: switching patterns like invert, and, or; physical quantities, like voltages and currents, and discrete digital information, like bits; from relays and transistors to basic gates; truth tables, (algebraic) propositional calculus, Karnaugh maps, normal forms; designing two- and multi-level circuits', 'Sequential circuits: the concept of state to represent the past; finite state machines; Mealy and Moore machines; feedback to implement states; flip-flops: R-S, latch, clocked; designing sequential circuits', 'Number representations and conversions', 'Arithmetic circuits: adders, subtracters, multipliers, shifters', 'Computer building blocks: ALUs, registers, data paths, control units, memory, input & output, interrupts', 'Instruction sets: Machine Language and Assembly Language', 'instruction formats; programming in Assembly Language; translating programming language constructs', 'Aspects of Operating Systems: concurrency, synchronization, semaphores, communication, buffering, virtual memory']","['They can reason with and simplify propositional formulas, using truth tables, algebraic rewriting, and/or Karnaugh maps', 'They can design simple combinatorial circuits', 'They can calculate with positive and negative numbers in difference number bases, especially in base 2. They can determine the flags that are set as outcome of such a calculation', 'They can construct state machines problem descriptions and are able to transform these into sequential circuits', 'They can implement assembly instructions onto simple processor layouts, including fetching the instruction from memory', 'They can construct assembly language programs for simple tasks using the PP2 or ARM32 instruction set and can translate algorithms in a Java like language into assembly']","['Mastery of Propositional Logic, e.g. as in Ch.1 through Ch.7 of ""Logical Reasoning: A First Course"" by Nederpelt & Kamareddine', 'Mastery of elementary Programming Principles: variables, assignment, composition, selection, repetition, procedures/functions, arrays, and how to use these to construct simple programs', '2IT60 Logic and set theory', '2IP90 Programming']","['Practical / Experiment - Interim examination', 'Written examination - Final examination']",2IC30
Data Management for Data Analytics,5 EC,Bachelor,"The primary goal of JBI050 is to master the core best-practices of data management systems, applied towards using contemporary tools to support effective data analytics. In particular, this course focuses on preparing students to meet contemporary data modeling and data management challenges which arise in applications in their own fields of study.","['Data modeling: conceptual modeling in the ER model', 'logical data modeling in the relational database model', 'optimization of logical models, basics of normalization', 'SQL basic queries, aggregation', 'Datalog basic queries, recursion']","['understand the basics of conceptual data modeling in the Entity Relationship model, and translating a natural language specification of a conceptual model into a relational database schema', 'understand the relational database model', 'understand and create advanced SQL and Datalog queries for retrieving relevant data, potentially spanning multiple database tables and involving recursion and aggregation of data', 'will acquire the ability to design, based on a problem description in a variety of application domains, a database suited to solve this problem', 'will be able to quickly master and make practical use of contemporary frameworks and technologies for relational data management']",['2IT60 (or JBI026 for cohorts before AY2023-24)'],"['Assignment', 'Written examination']",JBI050
Programming,5 EC,BSc,"This course introduces imperative and object-oriented programming using Python. Topics: basic imperative programming (assignment, contionals, iterations, input/output, functions), typing, objects, a few collection classes, inheritance, specification of methods, coding style practice, and basic handling of large data sets.",[],"['Apply computational thinking to solve programming problems.', 'Design and implement simple imperative and object-oriented programs from scratch on the basis of an informal specification.', 'Use basic aggregation, searching, and sorting algorithms in the design of simple programs.', 'Evaluate written code functionality by means of implementing unit tests.', 'Clean, explore, and analyze datasets to solve data science-related problems.', 'Apply the basic principles and techniques of code quality to implement programs.', 'Develop Python programs using off-the-shelf technologies (e.g. Jupyter Notebook, PyCharm, Git, GitLab).']","['Programming for PT (0HV120)', 'Algorithmic prog for oper Mgt (1BK50)', 'Fundamentals of algorithmic programming (1BV30)', 'Programming (2IP90)', 'Programming and Modeling (CBL Component) (2MBA30)', 'Programming for Applied Physics (31PAP)', 'Programming for data analytics (8BA080)']","['Homework assignment (Interim examination)', 'Written examination using notebook (Final examination)']",JBI010
Discrete Structures,5 EC,BSc,"In this course we will cover basic discrete mathematical structures that occur in many contexts in computer science. You will learn the basic skills and knowledge to formally reason about these structures. Among others we will cover relations and orderings, counting arguments, and graphs and trees.","['proof techniques', 'contradiction', 'case distinction', 'induction and double counting', 'functions', 'relations and orderings', 'graphs', 'directed graphs and planar graphs', 'rooted and unrooted trees', 'Hamiltonian and Eulerian graphs', 'k-connectivity', 'combinatorial counting', 'counting functions', 'number of subsets', 'inclusion/exclusion principle']","['Write clear and concise proofs in natural language using various proving techniques such as contradiction, case distinction, induction and double counting.', 'Apply definitions of and formally reason about functions, relations and orderings.', 'Apply definitions of and formally reason about graphs, directed graphs and planar graphs.', 'Apply definitions of and formally reason about rooted and unrooted trees.', 'Identify and reason with various properties of graphs such as Hamiltonian, Eulerian, k-connectivity.', 'Apply the basics of combinatorial counting such as counting functions, number of subsets or using the inclusion / exclusion principle.']","['Knowledge of logic and set theory', 'Basic knowledge of proving techniques such as direct proof, proof by case distinction, proof by contradiction, induction.', 'Discrete structures (2IT50) or Graph theory and Combinatorics (2WF60) or Discrete Mathematics (JBI026) must not be completed.']","['Final examination (Digi Ans, test weight 60, minimum grade 5.0)', 'In-class interim test (test weight 40, minimum grade 5.50)']",2IT80
Mathematics 1,5 EC,BSc,"This course is a sequel and addition to the basic Calculus course, focused on topics that are important for Industrial Engineering. You learn logic, performing calculations with matrices, and how to solve linear systems of equations. Probability theory plays a role in many models. This course makes a start with elementary probability theory including the necessary set theory. You will learn the uniform, Bernoulli, binomial, geometric, and Poisson distributions as well as the required mathematics for this: sequences and series.","['Set theory and Logic', 'Proposition logic', 'Predicate logic', 'Calculating with logical operators', 'Set and subsets, union and intersection, complement, empty set, powerset', 'Cartesian product, relations and several properties, orderings, multisets (bags)', 'Linear Algebra', 'Introduction of matrices, calculating with matrices', 'Solving systems of linear equations, row reduction of matrices, inverse of a matrix by row reduction', 'Sequences and series', 'Sequences, their properties and limit', 'Series, geometric series', 'Convergence of series, various tests for convergence, absolute convergence', 'Power series, Taylor series', 'Probability theory', 'Sample space, events, probability, axioms', 'Probability rules, conditional probability, independence, Bayes theorem, random variable', 'Discrete distributions, cumulative distribution function, expectation and variance', 'Uniform, Bernoulli, binomial, geometric, and Poisson distributions; connection of binomial and Poisson distributions']","['Being able to calculate with logical operators.', 'Being able to calculate and work with sets, relations, and multisets.', 'Knowing various matrix operations and computations.', 'Being able to solve systems of linear equations by Gauss and Gauss-Jordan elimination, and inverse matrices.', 'Knowing the notions of and notations for infinite sequences, series, and convergence.', 'Being able to determine whether a series is convergent, and computing the sum of a series in special cases.', 'Knowing the notions of power series and convergence of power series, and being able to compute the radius of convergence of a power series.', 'Understanding the concept of probabilities.', 'Knowing several probability rules and being able to apply them.', 'Understanding the notion of a random variable.', 'Understanding the concept of a discrete distribution, expectation and variance.', 'Being able to apply the most important discrete distributions and recognizing which distribution should be used in a certain situation']","['Some parts of 2WBB0 Calculus variant 2, which will be treated in 2WBB0 before using them in this course']","['Assignment', 'Online test', 'Written examination']",2DD40
Mathematical Analysis and Probability Theory for Data Science,5 EC,Bachelor,"All information regarding this course (incl. lecture and exam information) can be found on the site of TiU:
https://uvt.osiris-student.nl/onderwijscatalogus/extern/cursussen

Please note: registration for the course needs to take place at Tilburg University. For registration please send an email to: jbds@tilburguniversity.edu
The EXAM will take place in Tilburg: separate registration for the EXAM is necessary.


IMPORTANT: this course is taught in Tilburg, which means that you need to enroll in Tilburg. Contact Marieke Bosscher (JBDS@uvt.nl) for enrolling for this course. Note that for Tilburg courses you need to register for exams separately several weeks before the exam takes place.",[],[],['Enrolled for a degree programme of faculty Jheronimus Academy of Data Science'],['Written examination'],JBM060
"Risk, Reliability and Resilience",5 EC,Advanced,"Managing risk, ensuring high reliability and building in resilience is critical for many systems and operations in society and technology that are subject to uncertainty, volatility, and potential disruptions. In order to achieve these goals, one typically needs to quantify uncertainty, assess the probability of adverse events, and implement strategies to enhance system dependability. These notions apply to a wide range of fields, such as finance (e.g. managing ruin risk for an insurance company or credit risk for a financial institution), maintenance (maximizing system availability while minimizing expenditure) and vital infrastructure networks (e.g. preventing breakdowns of complex technological systems or blackouts in power grids). In this course, you will study key mathematical concepts and models, together with several techniques and strategies, to evaluate and improve various relevant risk/reliability/resilience metrics. The focus will be on the mathematical analysis of stochastic models accoundting for the inherent randomness in the system as well as possible correlations.","['compound Poisson processes', 'random-walk representations', 'stochastic ordering notions', 'Cramér-Lundberg model', 'insurance risk', 'reinsurance setting', 'credit risk', 'mixed Binomial model', 'maintenance and repair strategies', 'system availability', 'reliability of multi-component Markovian systems', 'networks with inter-dependencies and redundancy', 'robustness and network resilience']","['Use compound Poisson processes and random-walk representations to model and analyze system dynamics in stochastic settings', 'Compare various options in terms of variability, risk, quality and resilience via the use of stochastic ordering notions', 'Apply the Cramér-Lundberg model to evaluate insurance risk, as well as extending this to a reinsurance setting', 'Evaluate the credit risk for financial institutions through the mixed Binomial model', 'Describe and find an optimal balance between the trade-offs associated with maintenance and repair strategies in terms of system availability, cost and complexity', 'Evaluate the reliability of multi-component Markovian systems and networks with various degrees of inter-dependencies and redundancy', 'Construct design strategies to ensure robustness and improve network resilience in the presence of uncertainty']",[],"['Assignments Interim examination (Test weight 20)', 'Written examination Final examination (Test weight 80, Minimum grade 5.0)']",2MBS90
Linear Algebra 2,5 EC,BSc,"Linear algebra 2 is a sequel to 2MBA20 (Linear Algebra 1) and adresses linear maps between vector spaces, i.e., maps that are compatible with the linear structures of vector spaces. As (geometric) examples for linear maps, we have projections, reflections and rotations. The derivative of a function of two (or more) variables can also be viewed as a linear map, and linear maps are crucial in the study of quantum mechanics. There are many more applications since linear maps occur in many branches of mathematics and the sciences. In this course, we will discuss how linear maps can be described and dealt with by representing them via matrix representations. We also address how the nature of a linear map can be determined by simply looking at a given matrix representation. (For instance, how do you recognize that such a matrix represents a reflection?) This will involve switching between different bases (i.e., basis transformations) and an important technique to find characteristic properties (called eigenvalues and eigenvectors). We will use these techniques to proceed by studying interesting special classes of linear maps like orthogonal maps (linear maps that preserve shapes, like reflections and rotations) and symmetric maps (which can be used to analyse quadratic curves and surfaces like ellipses and hyperboloids). The techniques covered in this course also enable us to decompose matrices into products of simpler matrices in order to simplify certain mathematical tasks. E.g., such decompositions can be used to simplify the process of solving systems of linear equations like, e.g., certain types of linear differential equations.","['Linear maps', 'Special classes of linear maps (orthogonal and symmetric maps)', 'Eigenvalues and eigenvectors', 'Jordan Normal Form', 'Basis transformations', 'Matrix representations of linear maps', 'Invariant subspaces']","['work with the concept of a linear map between vectors spaces, both for vector spaces that are handled as abstract objects and for concrete vector spaces', 'set up matrix representations of linear maps', 'deal with and perform basis transformations', 'calculate eigenvalues, eigenvectors, eigenspaces and invariant subspaces for both linear maps and square matrices', 'work with important special classes of maps like symmetric and orthogonal ones', 'use eigenvalue/eigenvector techniques to analyse linear maps in order to determine their (geometric) meaning', 'work with the Jordan Normal Form of a matrix', 'know all definitions involved in the above and develop proofs for elementary statements about the involved mathematical objects', 'have basic knowledge of the computer algebra system Mathematica or Sage']",['2MBA20 (or 2WF20) Linear Algebra 1'],"['Computer algebra assignment', 'Homework', 'Written examination']",2MBA50
Calculus Variant 2,5 EC,BSc,Technical science uses mathematics as a language to describe phenomena and to solve problems. With trigonometry one can describe waves. In many problems an optimal setting of parameters should be found. This can be done with mathematical techniques such as differentiation. Integral calculus is needed for the calculation of energy and power. Many models use differential equations. In this course you will learn these and other basic techniques but also the formal aspects of mathematics.,"['Algebraic Skills, Functions', 'Limits', 'Differentiation I', 'Differentiation II', 'Transcendental functions', 'Integration', 'First-Order Differential Equations', 'Vectors in the Plane and in Space']","['Algebraic manipulation of trigonometric, exponential and logarithmic functions', 'Understanding the conceptual definition of limits; able to compute various types of limits; able to determine whether a function is continuous, or can be extended to a continuous function', 'Understanding the notion of differentiable functions; able to interpret derivatives in terms of tangent line; able to compute derivatives using the product, quotient, and chain rules; able to use implicit differentiation', ""Higher order derivatives; linear approximations of a function; Taylor polynomials; l'Hopital's rule and Taylor polynomials as tools to determine limits"", 'Able to determine inverse functions of one-to-one (injective) functions; in particular, knowing the main properties of the natural logarithm and of the inverse trigonometric functions', 'Able to compute definite and improper integrals using various techniques such as integration by substitution, integration by parts, and partial fractions; understanding sums and Sigma notation, Riemann sums', 'Able to solve simple first-order differential equations (separable differential equations) and linear first-order differential equations', 'Able to find equations and parametric (vector) equations for lines in the plane and in space, for planes in space; able to interpret and compute with dot products and cross products; able to determine lengths of vectors, distances and angles between vectors']",['VWO-Wiskunde B'],"['Midterm test', 'Online tests (homework)', 'Start test', 'Start test: contribution to final grade', 'Written examination']",2WBB0
Applied Number Theory and Algebra,5 EC,Advanced,To understand the applicability and diversity of actual applications of number theory and algebra. The students should understand and evaluate the efficiency of several algorithms as well and recognize their suitability for applications within mathematical problems as well as in real-world situations.,"['Multi-precision arithmetic: Representation of integers, Efficient integer arithmetic, Efficient polynomial arithmetic', 'Modular algorithms: Euclidean algorithm, Efficient modular arithmetic (exponentiation), Montgomery multiplication', 'Multiplicative structure of Zn*: Order of an element, Primitive roots, Algorithms', 'Prime number distribution, probabilistic primality testing, prime number generation', 'arithmetic and multiplicative functions, convolution, principle of inclusion/exclusion, counting necklaces. Moebius inversion', 'applications to cryptography: schoolbook RSA and Diffie-Hellman', 'Polynomials: division, Euclid’s algorithm, factorization of polynomials, irreducible polynomials', 'Finite fields: inverse elements, finite fields, characteristic, order of field, order of element, primitive elements, multiplicative group, Fermat’s Theorem', 'Structure and classification of finite fields, uniqueness, subfields, minimal polynomials, automorphisms', 'applications to coding theory: Error detection and correction, minimum distance, Repetition and product codes, Hamming codes, Linear codes, generator matrix, parity check matrix, cyclic codes, decoding']",[],['2MBD20 - Algebraic Structures'],"['Homework Assignment', 'Written examination']",2MBD30
Security,5 EC,Bachelor,"The overall aim of the course is to provide students with the basics of network and systems security, as well as traditional mitigation strategies adopted to enhance the security of IT networks.","['Key Notions and Terms; Security Attributes/Objectives/Services, Security Protocols, and Attacks & Attacker Models', 'Cryptographic primitives; including symmetric encryption, asymmetric encryption, and Cryptographic Data Integrity Algorithms such as Hash functions, Message Authentication Codes, and Digital Signatures', 'Authentication, Authorization and Trust; User Authentication, Access Control basics, and Cryptographic Key Management & Distribution', 'Network and Internet Security; SSL/TLS, SSH, Wireless Network Security, IP Security, and Network Endpoint Security (Firewall, IDS)', 'Attacks and Attacker Models; Attacks on IT systems with techniques such as Buffer Overflow and SQL Injection and Web app security', 'Key Management and Public-Key Certificates', 'Virtual Private Networks (VPN)', 'Firewalls']","['After the course, the student can identify the security services and objectives provided by various network security protocols discussed in the course, explain their multiple configurations based on the specific security requirements of the network, and explain the security guarantees provided by such protocols with reference to specific threats and attacker models.', 'After the course, the student can identify and explain vulnerabilities affecting specific configurations of computer systems, and explain countermeasures that can be deployed to mitigate such vulnerabilities.', 'After the course, the student can describe and apply specific tools to provide security services in a general-purpose IT system.']","['Networks (2IRR20) and basic knowledge of computer organization & memory management (as is treated e.g. in Operating Systems, 2INC0)', 'Completed none of the course modules listed below: Computer networks and security (2IC60)']","['Homework (Interim examination, 10%)', 'Lab participation (Interim examination, 20%)', 'Written examination (Final examination, 70%, minimum grade 5.0)']",2IRR40
Theory and Applications of Ordinary Differential Equations (CBL component) (2MBC20),5 EC,Bachelor,"Ordinary differential equations occur as models of processes in which the state of a system determines its change. Therefore they describe population dynamics, chemical reactions, vibrations, electrical circuits etc. In this course we will introduce several methods from the analysis of differential equations that help us to understand such systems, and we will apply this in a modelling project that focusses on a concrete problem.","['Initial value problems for ordinary differential equations', 'Elementary solution techniques for different types of equations', 'Existence and uniqueness of solutions', 'Maximal solutions, global existence and blowup', 'Linear ordinary differential equations with constant coefficients', 'Phase space analysis', 'Types of equilibria', 'Stability of non-linear autonomous systems', 'Vector fields, flows and diffeomorphisms', 'Principle of linearized stability', 'Modelling assignment']","['Recognize and solve elementary types of scalar ODEs, and linear (systems of) ODEs with constant coefficients', 'Understand and apply the basic existence and uniqueness results on initial value problems for ODEs, determine qualitative properties and behavior of ODEs with respect to global existence or blowup of solutions, their dependence on initial values and parameters', 'Apply geometric concepts (flows, vector fields, diffeomorphisms) in the interpretation of autonomous ODEs and their solution properties and techniques, and connect these concepts to the applications', 'Recognize first integrals and Lyapunov functions for ODEs, and use these to derive qualitative results', 'Find stationary points of autonomous ODEs, and analyze their stability', 'Design a simple ODE model of a real world problem, reflect on its assumptions and validity, apply the general theory to it, interpret the results, and critically assess the interplay between modelling, theory, and numerics in this design']","['Analysis 1,2', 'Linear Algebra1,2', 'Ordinary differential equations (2WA70)']","['Graded homework', 'Modelling report', 'Written examination']",2MBC20
Impact of technology engineering for society,5 EC,Bachelor,"Technological innovation is one of the key elements of human progress. New technologies can provide business opportunities, solve social problems, and allow users to do new things. However, even with clear expectations and active participation of a broad range of stakeholders, new technologies also raise ethical questions, can have serious implications for society and the environment, and pose new risks, often unknown and unknowable before the new technologies reach maturity. Society not only shapes technology but technology also shapes society. New technologies strongly depend on social acceptance and cannot escape public debates of regulation and ethics. Engineers who develop technologies must do that responsibly, since they do not just make things; they build society. They need to reflect on – and include – public values in this process. This requires methods and approaches to evaluate and compare technologies. This course provides theoretical and practical frameworks for assessing and designing responsible innovations.","['assessment methods', 'risk analysis', 'cost-benefit analysis', 'life cycle analysis', 'systems thinking', 'systems analysis', 'Value Sensitive Design']","['explain the scope of engineers’ social and moral responsibilities in light of the societal impact of technological innovations (LO1)', 'reflect on the changing nature, impact, and responsibilities of the engineering profession (LO2)', 'explain the several qualitative and quantitative assessment methods, such as cost-benefit analysis, life-cycle analysis, and Value Sensitive Design (LO3) that can be used to evaluate the environmental and societal impact of technology', 'identify value conflicts in a design process, for example relating to costs and benefits, risks, and non-financial social and environmental impacts of technological change (LO4)', 'apply qualitative and quantitative assessment methods in making morally justified decisions in engineering design concerning public values, such as sustainability, equality, and privacy (LO5)', 'evaluate the effectiveness of different assessment methods with regard to designing responsible innovations (LO6)']",['0LVX30 (2024-2) ITEC-Ethics of technology and engineering or 0LVX10 (2024-4) ITEC-Ethics of technology and engineering'],"['Group assignments (Interim examination, test weight 50, minimum grade 6.0)', 'Individual assignments (Interim examination, test weight 0)', 'Written examination (Final examination, test weight 50, minimum grade 5.0)']",0LVX20
Introduction to Cryptology,5 EC,Advanced,"Keeping information private from preying eyes and ears and making sure that even small modifications introduced to a message in transmission get detected is the goal of cryptography. The art and science of secret writing goes back to at least to Julius Caesar who described encryption in De Bello Gallico. This course gives an introduction to cryptology, covering historical encryption schemes as well as RSA (the most common system on the internet) to show how the systems work and are attacked.","['Classical systems (Caesar cipher, Vigenère, Playfair, rotor machines)', 'shift register sequences', 'DES', 'RC4', 'RSA', 'Diffie-Hellman key exchange', 'Shamir secret sharing', 'cryptanalysis by using statistics', 'factorization', 'attacks on WEP (aircrack)']","['the concepts of symmetric and public-key cryptography', 'how the classical schemes can be broken with statistical methods', 'design of modern symmetric systems (DES, RC4)', 'how number theory is used to construct public-key cryptosystems', 'how cryptosystems are composed of cryptographic primitives and how to analyze the security of the system based on the parts']","['for mathematics students: 2MBD20 Algebraic Structures', 'for computer science and other students: 2DRR00 (Linear Algebra and Applications) (or another Linear Algebra course), and 2IT80 (Discrete structures), and 2WF90 (Algebra for Security) or equivalent courses in algebra and number theory (groups, rings, fields, finite fields, Fermat’s little theorem, Chinese Remainder theorem, extended Euclidean algorithm)']","['Homework (Interim examination, test weight 30)', 'Written examination (Final examination, test weight 70)']",2MBD60
Law and Data Science,5 EC,Introductory,"The course consists of modules, each module dealing with a specific area of law (eg. private law, IP law and privacy and data protection). Law seeks to regulate our daily lives in multiple areas and disciplines, including data science. This course seeks to provide students with an introduction as to how law impacts or affects the practice of data science. For example, data is highly valuable, but can also be highly sensitive which has resulted in rules surrounding data protection which data scientists need to be aware of and adhere to.","['The functions of law and the various sources of law.', 'Where law fits within the modalities of regulation.', 'The relevance of law for data science (by providing concrete real-life examples).', 'Basic concepts of private law, such as the distinction between contract law, tort law and property law.', 'Eg. the assessment of unfair contract terms.', 'The relevance of IP law to data science through the application of real-life case studies illustrating the role of IP in the context of data science.', 'Such examples would include the application of copyright, database protection and patents.', 'The relationship between privacy and data protection.', 'Illustrate the importance of complying with data protection principle and regulations in the context of data science by the use of a real-life case study to illustrate this relationship.', 'The challenges posed by big data for data protection and vice versa.']","['Distinguish and describe the relationships between law and data science.', 'Explain where law fits within the modalities of regulation and their relevance for data science.', 'Explain the relevance and implications of Private law, IP law and privacy and data protection principles for data science.', 'Apply legal principles to basic data science case studies and identify the problems or issues that they pose within the context of data science and law.']","['Registered for a degree programme other than HBO-TOP Applied Physics, Pre-Master, Fulltime']","['group/take home assignments', 'Written examination']",JBL125
Logic and Set Theory,5 EC,BSc,"Logical reasoning is an indispensable tool when designing a solution to any complex technical problem. This course discusses the principles of correct logical reasoning. You learn to formulate statements in unambiguous logical language, and to manipulate statements in a structured and logically valid manner. At the end of the course you are able to give simple mathematical proofs, in particular using the technique of mathematical induction.","['Propositions', 'truth tables', 'equivalence', 'logical consequence', 'tautology', 'contradiction', 'contingency', 'Predicates', 'quantifiers', 'variable binding', 'Logical derivation', 'reasoning with propositions and predicates', 'conclusion', 'assumption', 'context', 'validity', 'Set', 'subset', 'intersection and union', 'complement', 'difference', 'the empty set', 'powerset', 'cartesian product', 'Relation', 'equivalence relation', 'equivalence class', 'Mapping (function)', 'image and source', 'injection', 'surjection', 'bijection', 'inverse function', 'composition of relations and functions', 'Partial ordering', 'linear ordering', 'Hasse diagram', 'maximal and minimal elements', 'Induction', 'strong induction', 'inductive definition']","['can formalise first-order properties with formulas of predicate logic', 'can prove that a first-order formula of predicate logic is a tautology using a natural-deduction style formal system', 'can reproduce the formal definitions of predicates and operations on sets (set comprehension, subset, intersection, union, complement, set difference, empty set, power set, Cartesian product)', 'can reproduce the formal definitions pertaining to relations (equivalence relation, equivalence class, composition of relations)', 'can reproduce the formal definitions pertaining to mappings (image and source, injection, surjection, bijection, inverse mapping, composition of mappings)', 'can prove simple first-order properties about sets, relations and functions using generally accepted mathematical proof techniques (e.g., direct proof, contradiction, case distinction)', 'can refute the validity of a first-order property about sets, relations and functions with a counterexample', 'can reproduce the formal definitions pertaining to partial orderings (linear partial ordering, minimal and maximal elements, minimum and maximum)', 'has a systematic approach (in particular, can systematically draw conclusions according to a predefined collection of axioms and inference rules)', 'can prove properties with induction']","['High-school Mathematics', 'Logic and set theory for P&T (2ITS60)', 'Set theory and algebra (2WF40)', 'Sets, Logic and Mathematical Language (2MBA10)']","['Written examination', 'weekly tests']",2IT60
Regression Models and Applications,5 EC,BSc,"Regression analysis is widely used in many fields to build elegant models that describe how some variables, called explanatory variables, influence another variable, called the response variable. The focus of this course is on the important special cases of (multiple) linear regression (for continuous explanatory variables such as weight) and the classical Analysis of Variance ANOVA (for categorical explanatory variables such as disease category). Besides, we introduce non-linear regression to handle cases in which linearity assumptions do not hold. We approach the subject from a theoretical perspective. We build on the course Foundations of Statistics (2MBS20) and show how to construct parameter estimators, confidence intervals, and statistical tests to analyze multivariate data. We discuss how to verify model assumptions and perform model selection. We pair theory with the use of the R programming language to perform statistical analyses of datasets","['linear regression', 'non-linear regression', 'Analysis of Variance (ANOVA)', 'parameter estimators', 'confidence intervals', 'statistical tests', 'multivariate data analysis', 'model assumptions', 'model selection', 'R programming language']","['categorize linear and non-linear regression models based on their definitions, assumptions, and fundamental properties', 'apply the mathematical theory behind linear regression', 'conduct estimation and hypothesis testing for linear regression', 'identify suitable regression models through model selection', 'evaluate them through model validation', 'analyze linear and non-linear models with a statistical software', 'define an appropriate model for the case study in hand', 'answer real-world modeling questions with linear and non-linear regression']","['2WS20 – Probability Theory', '2WF30 - Linear algebra 2', '2WF20 (Linear algebra 1) and 2mbs20 (Foundations of Statistics)']","['Assignment (Interim examination)', 'Written examination (Final examination)']",2MBS50
Capstone Heuristic Algorithms,5 EC,Bachelor College,"There are various algorithms and algorithmic techniques that allow us to efficiently solve algorithmic problems with guarantees on both the solution quality and the running time of the algorithms. However, there are also algorithmic problems that are provenly hard and for which we cannot provide such guarantees in general. These problems are often encountered in practice and good solutions are required for practical applications, regardless of the fact that we cannot provide any guarantees on these solutions. In this course we cover heuristic algorithmic techniques for optimization problems that cannot provide guarantees on the computed solutions, but do have strong theoretical foundations, including local search, simulated annealing, and evolutionary algorithms. Furthermore, we cover tools that can be used to solve hard problems optimally, but without any guarantees on the running time of the algorithm, including ILP solvers and SAT solvers. Finally, we cover how the performance of algorithms can be evaluated experimentally, in the absence of any formal guarantees.","['local search', 'simulated annealing', 'evolutionary algorithms', 'ILP solvers', 'SAT solvers', 'experimental evaluation of algorithms']","['understands various heuristic techniques and their theoretical foundations', 'can apply various heuristic techniques to hard optimization problems', 'can formulate hard optimization problems as ILP or SAT problems and can solve them using ILP and SAT solvers', 'can reason about the relative effectiveness and efficiency of different heuristic techniques for a given problem', 'can implement various heuristic techniques and experimentally evaluate their effectiveness and efficiency for a given problem on provided datasets']","['Algorithms (2ILC0)', 'Enrolled for Computer Science and Engineering']","['Assignment (Interim examination)', 'Digi STEP Ans (Final examination)']",2IRR60
Linear Algebra 1+2,5 EC,BSc,"This course is intended for students who are taking a double bachelor in mathematics and physics. It covers the content from the courses 2MBA20 and 2MBA50, Linear Algebra 1 and Linear Algebra 2. Vector spaces are a convenient way of modelling and working with space (and to generalize). Linear maps between vector spaces are functions that are ‘compatible’ with the linear structure of vector spaces. These concepts arise everywhere in mathematics, and we introduce them in an abstract setting so that the corresponding theory can be applied and used in various settings, for instance in other (mathematics) courses ranging from vector analysis to probability theory to optimization to machine learning. Linear algebra is also the starting point for studying more advanced non-linear objects and more advanced computational techniques (in other courses). We will describe properties of vector spaces and inner product spaces (the latter being a vector space with some extra structure allowing us to speak of ‘distance’ and ‘angle’ between vectors), as well as properties of linear maps. We will see that linear maps can be given a matrix representation and see how using matrices allows us to solve systems of linear equations in a systematic way. We will analyze the nature of linear maps and learn how to find characteristic properties (called eigenvalues and eigenvectors). We will use these techniques to study interesting special classes of linear maps like orthogonal maps (linear maps that ‘preserve’ shapes, like reflections and rotations) and symmetric maps (which can be used to analyze quadratic curves and surfaces like ellipses and hyperboloids). The techniques covered in this course also enable us to decompose matrices into products of ‘simpler’ matrices in order to simplify certain mathematical tasks. E.g., such decompositions can be used to simplify the process of solving systems of linear equations like, e.g., certain types of linear differential equations.","['vector spaces', 'inner product spaces', 'linear maps', 'matrix representation', 'systems of linear equations', 'eigenvalues and eigenvectors', 'orthogonal maps', 'symmetric maps', 'basis transformations', 'determinants', 'Jordan Normal Form', 'quadratic forms', 'linear differential equations']","['The student knows and understands the definitions of and (elementary) results about the notions mentioned in the following, and can reduce matrices to reduced row echelon form', 'solve systems of linear equations using row reduction', 'work with vectors in concrete and abstract vector spaces with and without inner products to determine linear (in)dependence', 'work with the concept of a linear map between vectors spaces, both for vector spaces that are handled as abstract objects and for concrete vector spaces', 'set up matrix representations of linear maps and work with both linear maps and matrix representations', 'deal with and perform basis transformations', 'carry out arithmetic operations with matrices, and determine the rank of a matrix', 'compute determinants', 'calculate eigenvalues, eigenvectors, eigenspaces and invariant subspaces for both linear maps and square matrices', 'work with the Jordan Normal Form of a matrix', 'work with important special classes of linear maps like symmetric and orthogonal ones', 'use eigenvalue/eigenvector techniques to analyse linear maps and quadratic forms in order to determine their (geometric) meaning', 'solve systems of linear differential equations using eigenvalue/eigenvector techniques', 'compute (orthonormal) bases', 'solve problems in linear algebra by using and combining the various computational techniques', 'develop proofs in situations regarding the various themes', 'relate the various concepts and techniques in order to solve problems', 'The student is familiar with the document preparation system LaTeX and is able to write a short mathematical document in LaTeX according to (basic) scientific requirements.']",[],"['Homework component', 'Midterm', 'Written examination']",2MBD50
Analysis 2,5 EC,Bachelor,"Many phenomena in the world around us can be described with the help of functions. These functions by themselves are usually too complicated to understand, but we can already learn a lot from approximations. This is where mathematical analysis comes in: Mathematical analysis is about making and proving rigorous statements about the approximate behavior of functions. In Analysis 2 we continue our rigorous study of the approximate behavior of functions. We will now learn to approximate functions by affine functions and by polynomials, which are still simple, but can approximate better than the constant functions seen in Analysis 1. We will also see how these approximations give us important information about the functions we study.","['Differentiability of functions between (finite-dimensional) vector spaces', 'Directional and partial derivatives, gradient, Jacobian', 'Mean-value inequality', 'Higher-order derivatives', 'Taylor polynomials', 'Banach Fixed Point Theorem, Implicit function theorem', 'Function sequences and function series', 'Power series and Taylor series', 'Riemannian integration in one and in multiple dimensions, change-of-variables theorem.']","['The student is able to apply logic and set theory to problems in basic real analysis and can give simple proofs.', 'The student can reproduce the definitions, propositions, lemmas, theorems and corrollaries introduced in the course.', 'The student can compute the derivative and higher derivatives of a function between vector spaces and can convert between different representations, and can apply this information to give polynomial approximations of functions.', 'The student can apply the Mean-Value Inequality to estimate the difference between function values.', 'The student can determine whether a function series or sequence converges and prove their answer.', 'The student can apply the Banach Fixed Point Theorem and the Implicit Function Theorem in stylized situations.', 'The student can perform Riemann integration in multiple dimensions, possibly using Fubinis or the change-of-variables theorem.', 'The student can determine in which points a power series converges and prove their answer, and in some cases prove what function the series converges to.']","['Calculus', 'Elementary set theory and logic', 'Linear algebra', 'Analysis 1']","['Homework', 'Written examination', 'Written examination']",2MBA60
Complex Analysis,5 EC,Bachelor,"The theory of complex functions is a very rich and classical part of applied analysis with important applications in many areas of physics, algebra and geometry. Considered will be: holomorphic (analytic) functions, line integrals, theorems of Cauchy and Liouville, Taylor and Laurent series, complex logarithm, residue calculus and its applications, Fourier and Laplace transformation and their applications. For students interested in mathematical physics, algebra or number theory, spectral theory, control theory, differential geometry, image analysis and digital signal processing, this course is crucial.","['Complex numbers: Algebraic properties, fundamental topological concepts, sequences, continuity, series and analytic functions', 'Holomorphic Functions: Complex differentiability, Cauchy-Riemann, harmonic functions', 'Line integrals: Curves, integrals along curves, connected sets', 'Cauchy Integral Theorem, Theorem of Goursat, homotopy of curves and invariance of complex integrals', 'Implications of the Cauchy Integral Theorem: Cauchy integral formula, Mean value Theorem, Taylor’s theorem, Liouville’s theorem, Fundamental theorem of Algebra, Identity theorem', 'Laurent series and analysis of isolated singularities', 'Residue calculus: Residue formula and its application to real and complex integrals and to Fourier and Laplace transforms', 'Some basic applications of complex analysis, for example in electromagnetism, fluid dynamics, or image processing']","['recall and state the definitions and properties in the theory of complex (holomorphic/analytic) functions and power series, in particular related to the exponential function, the logarithm, and the trigonometric functions', 'compute and understand the meaning of derivatives in the setting of complex functions; relate complex differentiable functions to the Cauchy- Riemann equations for real functions of two real variables', 'determine (regions of) convergence/uniform convergence of power series and related series, derivatives of such series, and determine closed expressions in fairly straightforward situations', 'determine the existence of antiderivatives for holomorphic functions and their domain', 'determine Taylor and Laurent series of functions around given points', 'determine the character of singular points', 'deduce (global) properties of holomorphic functions based on their (Taylor/Laurent) series representation around given points', 'compute residues and understand their role in computing (real/complex) integrals', 'solve real and complex integration problems, including Fourier and Laplace transforms']","['knowledge of complex numbers, holomorphic functions, line integrals, Cauchy integral theorem, and related concepts (as listed under assumed previous knowledge)']","['Written examination: Interim examination (test weight 15)', 'Written examination: Final examination (test weight 85, minimum grade 5.0)']",2MBC60
Multidisciplinary CBL,5 EC,Advanced,"All programs within the Bachelor College offer at least one Challenge-Based Learning (CBL) project per semester during the first two years. This course is a part of that sequence, providing students with the opportunity to collaborate and communicate in multidisciplinary teams while working across disciplinary borders. Students can choose from a variety of projects on different topics, organized by different combinations of departments. Each project addresses an open challenge in either Engineering Design or Scientific Inquiry. These challenges are intentionally designed to be complex and extensive, requiring more than what can be accomplished by an experienced team within an extended timeframe. Therefore, the initial step for students in a project is to define a research question or design goal that they can reasonably address within the course's timeframe. The projects follow a structured format and adhere to the timeline of a linear design process, such as the Classical Engineering model, the CBL framework ""Engage – Investigate – Act,"" the Double Diamond model, or the Design Thinking model. These models share characteristics of subsequent diverging and converging phases, along with iterative processes.","['multidisciplinary collaboration', 'Challenge-Based Learning (CBL)', 'open design process', 'scientific inquiry', 'project definition', 'design thinking', 'engineering design']","['understand, evaluate, and execute an open design process or an open scientific inquiry', 'acquire, apply, and integrate (new) disciplinary knowledge and skills (self-directed, student-controlled)', 'collaborate effectively in a multidisciplinary team', 'provide and receive constructive feedback through peer- and self-assessment', 'act responsibly in every stage of the project, considering societal and environmental impact', 'understand and apply project-specific disciplinary knowledge and skills']","['Engineering design (4WBB0) not accomplished', 'all Bachelor students TUE >= cohort 2023']","['Groupgrade Final examination', 'Individual assessment Interim examination']",4CBLW00
Introduction to Numerical Analysis,5 EC,BSc,"This course introduces the student to the basic concepts of numerical analysis --- the study of the numerical methods and algorithms that are at the core of computer simulations, and which use numerical approximations to solve problems in mathematical analysis that cannot be solved exactly. The numerical methods will be analysed with respect to their properties (such as accuracy) and effectiveness, and will be applied to simple, real-world problems using scientific computing software.","['Finite precision arithmetic, round off error, error propagation, condition number', 'Interpolation', 'Numerical differentiation', 'Numerical integration', 'Solution of nonlinear equations', 'Solution of initial value and two-point boundary value problems']","['understand, explain, and recognize the effect of floating-point representation, machine precision, round-off errors, and condition number on the accuracy of numerical approximations', 'use basic interpolation techniques to approximate functions', 'approximate the integral of functions using basic numerical integration techniques', 'approximate the derivatives of functions using difference formulas', 'numerically solve for the solution of nonlinear algebraic equations', 'analyse numerical methods with respect to accuracy (or error), stability, and convergence', 'numerically solve (systems of) ordinary differential equations', 'apply numerical methods to compute the solution to a realistic modeling problem using scientific computing software (e.g., Python), and evalute the error in the obtained approximation']","['Calculus', 'Analysis 1', 'Linear Algebra 1 & 2', 'Introduction numerical analysis (2WN20)']","['Homework assignment', 'Homework assignment 1', 'Homework assignment 2', 'Written examination']",2MBC10
Networks,5 EC,Bachelor,"The course is organized as an introduction into networks. We will discuss why we need networks, how networks function and what the main issues are. The course offers a dual approach: theoretical exploration network theory, involving study and reporting on contemporary literature; and practical application through hands-on lab sessions, providing tangible experience.","['OSI model', 'protocol concept', 'connection', 'application', 'service', 'network topology', 'network components', 'physical media', 'overview of relevant services', 'link layer', 'network layer and routing', 'Internet protocol', 'naming', 'addressing', 'transport layer', 'TCP', 'UDP', 'reliability and multiplexing', 'performance characteristics', 'quality of service']","['Understanding the organization of computer networks, including heterogeneous networks of networks such as the Internet, or the Internet of Things', 'Understanding the Internet structure and how standard problems are solved in that context', 'Being able to analyze simple network protocols', 'Being able to independently study literature concerning computer networks']","['Basic programming skills for lab sessions', '2IC30 - Computer Systems', 'Computer networks and security (2IC60)']","['Essay', 'Homework Assignments', 'Written examination']",2IRR20
Statistics and Machine Learning,5 EC,Advanced,The main focus of this course is on the theoretical and mathematical foundations of Data Mining and Machine Learning. A secondary focus is on low-level practical aspects (e.g. vanilla implementations of various models and algorithms).,"['Introduction to data mining, machine learning and optimization', 'Python for Data Mining and Machine Learning', 'Recap mathematical basics', 'Regression (linear and non-linear), regularization, bias-variance trade-off, Ridge regression, Lasso', 'Classification: Naive Bayes, K-Nearest Neighbors, Support vector machines and the Kernel Trick, Decision Trees and Random Forests; Evaluation of classifiers', 'Neural Networks (Multi-layer Perceptrons and Convolutional Neural Networks), Backpropagation of Error, Stochastic Gradient Descent, training techniques', 'Unsupervised Learning: PCA, SVD, Recommender systems, K-Means clustering']","['distinguish the two main Machine Learning paradigms of supervised and unsupervised learning', 'assess the suitability of common machine learning methods for a given learning problem', 'compare weaknesses and strengths of common machine learning methods based on theoretical properties and practical considerations', 'implement, and evaluate some of the most widely used methods', 'reflect upon the choice of model, its theoretical properties and resulting influences on the result']","['2WCB0 (Calculus)', '2DI90 (Probability and statistics)', 'Data Analytics for Engineers (2IAB0)', '2DRR00 (Linear Algebra and Applications)', 'Python programming']","['Assignment 1 (Interim examination, weight 20%)', 'Assignment 2 (Interim examination, weight 20%)', 'Written examination using notebook (Final examination, weight 60%)']",2IRR50
,,,,[],[],[],[],2DF40
Probability and Modeling,5 EC,BSc,"In this course, you learn how to work with uncertainty, and what a probability model is. You learn how to compute with random variables and how to describe the relations between several of them. You learn about the subtleties of probability theory using paradoxes. Modeling and limit theorems, such as the law of large numbers and the central limit theorem, are treated with special attention.","['probability spaces', 'combinatorics', 'conditional probabilities', 'Bayes Theorem', 'Law of Total Probability', 'random variables', 'cumulative distribution functions', 'probability mass functions', 'probability density functions', 'expectations', 'variance', 'covariance', 'moments', 'common discrete and continuous distributions', 'random vectors', 'independent random variables', 'convolutions', 'functions of continuous random variables', 'convergence in distribution', 'Law of Large Numbers', 'Markov inequality', 'Chebychev inequality', 'Central Limit Theorem']","['Reproducing and applying the definition of probability spaces', 'Applying probabilities algebraically', 'Reproducing and applying the notion of independent events', 'Applying basic counting techniques from Combinatorics', 'Recognizing and applying conditional probabilities, Bayes Theorem, and the Law of Total Probability', 'Recognizing and applying the definition of random variables', 'Recognizing and applying joint cumulative distribution functions, probability mass functions, probability density functions', 'Computing expectations, variance, covariance, and moments', 'Recognizing and applying the law of the subconscious statistician', 'Recognizing and applying common discrete and continuous distributions', 'Recognizing and applying probabilistic models in practice', 'Recognizing and applying the definition of random vectors', 'Recognizing and applying the notion of independent random variables', 'Applying convolutions to describe the laws of sums of random variable', 'Computing the density of a function of a continuous random variable', 'Applying the definition of convergence in distribution to specific examples', 'Applying the Weak Law of Large Numbers', 'Applying and proving probability bounds such as the Markov and Chebychev inequality', 'Recognizing and applying the Central Limit Theorem']","['Simple combinatorics (in particular binomial coefficients)', 'Computing (one or more-dimensional) integrals', 'Computing sums', '2WA30 - Analyse 1']","['Interim examination', 'Final examination']",2MBS10
