title,credits,level,description,topics,learning_outcomes,prerequisites,examination_methods,course_code
Calculus in One Variable B1,7.5 credits,BSc,"The aim of the course is to give a basic introduction to calculus one variable. Particular emphasis is put on the role that the subject plays in applications in different areas of technology, in order to give the future engineer a good foundation for further studies in mathematics as well as in other subjects. The aim as also to develop the student ability to solve problems, to assimilate mathematical text and to communicate mathematics.","['Number concept', 'Calculation with fractions', 'Inequalities', 'Square roots', 'Curves and equations of second degree', 'Plane geometry', 'Analytic geometry', 'The circle, ellipse, hyperbola', 'Arithmetic and geometric sums', 'The binomial theorem', 'Modulus of a number', 'Trigonometry', 'Powers and logarithms', 'The concept of a function', 'Properties of elementary functions: graphs, formulas', 'Sequences of numbers', 'Limits with applications: asymptotes, the number e, series', 'Continuous functions', 'Derivatives: definition and properties, applications', 'Derivatives of elementary functions', 'Properties of differentiable functions: the mean value theorem with applications', 'Curve sketching', 'Local extrema', 'Optimization', 'Some simple mathematical models', 'Problem solving']","['within the framework of the course with confidence be able to handle elementary functions of one variable, including limits and derivatives of them', 'be able to discuss the logical structure of mathematics, in the way it appears e.g. in plane geometry', 'be able to give a general account of how derivatives may be used to study mathematical models in the applications', 'be able to account for the contents of definitions, theorems and proofs', 'be able to demonstrate a good algebraic computational ability', 'in the context of problem solving be able to integrate knowledge from different parts of the course', 'be able to show capability to explain mathematical reasoning in a structured and logically clear way']",[],"['Written test comprising theory and problem solving', 'Computer quizzes', 'Oral and written assignment']",FMAB65
Introduction to Programming,10.5 credits,BSc,"The students shall learn to write small and medium-sized computer programs and attain basic knowledge of imperative programming, object-orientation and functional programming and software development tools that are useful during their continued education.","['Imperative programming', 'Object-orientation', 'Functional programming', 'Simple algorithms', 'Common data types for collections: sequences, sets, maps', 'Basic object-orientation: object, class, encapsulation, inheritance, polymorphism, immutable objects, mutable state', 'Basic functional programming: functions as values, anonymous functions, pattern matching, usage of higher-order functions', 'Linux terminal', 'Typesetting with LaTeX', 'Introduction to version management with Git', 'Machine code programming']","['be able to explain fundamental concepts in imperative programming, object-orientation and functional programming', 'be able to explain and give examples of use of simple algorithms', 'be able to describe and give examples of use of common data types for collections, such as sequences, sets and maps', 'know about different software development tools and basic computer usage, such as terminal, file systems, version management, type setting tools, and basic understanding of the relation between source code and machine code', 'be able to develop and implement algorithms to solve simple problems', 'be able to implement classes from given requirements', 'be able to structure programs, using classes and methods', 'be able to use several different tools to write, test and debug programs', 'be able to use several different software development tools, such as the Linux terminal, LaTeX, Git, software repositories', 'be able to estimate the degree of difficulty of writing different programs', 'be able to judge difficulties and advantages with mutable versus immutable data', 'be able to evaluate pros and cons of different software development tools and assess their utility']",[],"['compulsory laboratory work', 'oral presentation of project and theory questions', 'written exam']",EDAB05
Calculus in One Variable B2,7.5 credits,BSc,"The aim of the course is to give a basic introduction to calculus one variable. Particular emphasis is put on the role that the subject plays in applications in different areas of technology, in order to give the future engineer a good foundation for further studies in mathematics as well as in other subjects. The aim as also to develop the student's ability to solve problems, to assimilate mathematical text and to communicate mathematics.","['Complex numbers and polynomials', 'The concept of primitive function', 'Simple integration methods: partial integration and change of variable', 'Partial fractions', 'Definition of the Riemann integral', 'Riemann sums', 'Geometrical and other applications of integrals', 'Improper integrals', 'Differential equations of first order: linear and with separable variables', 'Linear differential equations with constant coefficients', 'Solution of homogeneous and certain inhomogeneous equations', 'Applications of differential equations', 'The Taylor and Maclaurin formulae', 'Expansions of the elementary functions', 'Understanding the remainder term', 'Applications of Maclaurin expansions', 'Problem solving within calculus in one variable']","['within the framework of the course with confidence be able to handle elementary functions of one variable, including integrals of them', 'be able to set up and solve some types of linear and separable differential equations that are important in the applications', 'be able to give a general account of and illustrate the meaning of mathematical concepts in calculus in one variable that are used to construct and study mathematical models in the applications', ""in simple cases be able to use Taylor's formula with remainder to draw conclusions about the local behaviour of a function"", 'be able to account for the contents of definitions, theorems and proofs', 'be able to demonstrate a good algebraic computational ability and without difficulties be able to calculate with complex numbers', 'in the context of problem solving be able to demonstrate an ability to independently choose and use mathematical concepts and methods in one-dimensional analysis, and to construct and analyse simple mathematical models', 'in the context of problem solving be able to integrate knowledge from different parts of the course', 'be able to show capability to explain mathematical reasoning in a structured and logically clear way']",['FMAB65 Calculus in One Variable B1'],"['Written test comprising theory and problem solving', 'Computer quizzes', 'Oral presentation of written solution to a problem']",FMAB70
Design of Systems for Digital Transformation,12.0 credits,BSc,"The course gives an introduction to digitalisation from a system centric view. Throughout the course the students are working with the building blocks from a larger system, e.g. by controlling and monitoring an attached unit, flows of data in different parts of the system, cloud storage, open source solutions, interaction design and information security. In the course the students work with programming tools, such as console and script programming to realise the components and merge to a complete solution. Methods for user centric system development are used where the work is continuously documented. It is also included to formulate and illustrate understandable instructions. Theory and practice from the topics communication systems, computer science and interaction design is mixed in the same course. To a large extent, the theory studied in this course is on a basic level and is seen as a motivation for other more in depth courses in the programme. The course is studied through lectures, exercises, laboratories and a project that describes and motivates the theory in this and following courses. Laboratories gives a practical perspective of implementation of technical modules, whereas the project gives a wider system view with both technical solutions and users in interaction.","['digitalisation', 'system centric view', 'building blocks of a larger system', 'controlling and monitoring an attached unit', 'flows of data in different parts of the system', 'cloud storage', 'open source solutions', 'interaction design', 'information security', 'programming tools', 'console and script programming', 'user centric system development', 'communication systems', 'computer science']","['Have knowledge of digitalisation, the technical implications and its impact on society.', 'Be able to describe and use basic concepts within digitalisation.', 'Be able to describe why information security is an important part of a digitalisation system and have an overall knowledge about how it can be implemented.', 'Have practical experience, and be able to explain the complexity, by combining separate modules into a working system that solves a technical problem.', 'Describe the challenges in developing a system that meets the customer needs. Both technically, organisational and administrative.', 'Outline the contents in some of the social goals that impact the technology and the human interaction with technology, such as Agenda 2030.', 'Outline the impact of standardisations, such as ISO and IETF, within the fields of the course.', 'Outline the ecosystem based on open source.', 'Basic ability to identify the different blocks in a digitalisation system, and how known technical solutions can collaborate to give a functional complete solution.', 'Ability to understand and describe solutions at different levels of abstraction -- both from an abstract and a practical point of view.', 'Within a context be able to evaluate and motivate the choice of technical solutions, based on general and specific technical requirements and target groups.', 'Have practical experience of carrying out a project through the phases needs analysis, choice of solution, realisation and validation, and as such deliver a system that fulfills the customer actual needs.', 'Be able to develop and deliver technical solutions in collaboration with others.', 'Be able to use a computer as a tool during education and working life, e.g. for documentation, mathematical calculations, automatisation, planning and coordination.', 'Demonstrate ability that is needed to find solutions for a problem in an engineering way, e.g. through experiments with the material and the technology.', 'Have practical experience of tools used in open-source projects.', 'Have practical experience in methods relevant for interaction design and system engineering.', 'Be able to discuss the complexity in large digitalisation systems and compromises that can be done based on technical requirements (such as security, prestanda and robustness), as well as context and target group.', 'Be able to recommend a user-centric approach in the development process.', 'Be able to apply an engineering way to approach problems by working actively and showing an ability to carry out experiments with the technology and the material.', 'Be able to identify their own need for increased knowledge in the relevant areas.']","['Completed module 0325 Computer Introduction in EDAB05, Introduction to Programming.']","['approved laboratories', 'reflections', 'hand in problems', 'presentations', 'active participation in project meetings']",EITA66
Programming - Second Course,7.5 credits,BSc,The purpose of the course is to give the students extended knowledge of object-oriented programming techniques and of a selection of algorithms and data structures suitable for solving commonly occurring problems. The course should also provide the skills required to understand and use modern libraries for object-oriented programming.,"['Object oriented concepts and language constructs such as inheritance, interface, nested classes, exceptions, generics, lambda expressions and streams', 'Important general interfaces such as Iterable, Comparable and Comparator', 'Common abstract data types such as lists, stacks, FIFO queues, priority queues, sets, and maps and their corresponding interfaces and classes in the Java API', 'Data structures such as linked lists, binary trees, heaps, and hash tables', 'Recursion as a technique to construct and implement algorithms, techniques such as dynamic programming and backtracking', 'Orientation on frameworks for graphical user interfaces and event-driven programming', 'Introduction to using tools for testing', 'Introduction to techniques for analysing the time complexity of algorithms']","['be able to define and explain important concepts and language constructs within object-oriented programming.', 'be able to describe abstract data types such as lists, stacks, queues, priority queues, sets and maps and their applications.', 'be able to describe data structures such as linked lists, binary trees, heaps and hash tables and explain how they can be used to implement fundamental abstract data types.', 'be able to apply advanced object-oriented concepts and language constructs in Java.', 'be able to use modern object-oriented standard libraries.', 'be able to identify appropriate abstract data types, algorithms and data structures for solving a given problem.', 'be able to implement fundamental abstract data types and algorithms in Java.', 'be able to formulate and implement recursive algorithms.', 'be able to write programs with a simple graphical user interface in Java.', 'be able to perform simple tests using a test tool.', 'be able to apply simple techniques for analysing the time complexity of algorithms and estimate their execution time.', 'be able to construct programs which are easy to understand and to modify', 'be able to evaluate proposed solutions and data representations for given problems with respect to usability and efficiency']","['EDAA70 Introduction to Programming Using Python', 'EDAA80 Introduction to Programming', 'EDAA81 Introduction to Programming', 'EDAA85 Introduction to Programming', 'EDAA90 Introduction to Programming and Databases', 'TFRE15 Introduction to Programming', 'TFRE30 Introduction to Programming', 'EDA011 Programming, First Course', 'EDA016 Programming, First Course', 'EDA017 Programming, First Course', 'EDA501 Programming, First Course', 'EDAA10 Computer Programming in Java', 'EDAA20 Programming and Databases', 'EDAA45 Introduction to Programming', 'EDAA50 Programming, First Course', 'EDAA55 Programming, First Course', 'EDAA65 Programming, First Course', 'EDAB05 Introduction to Programming']","['passed programming assignments', 'passed digital on-campus exam']",EDAA01
Cognition and Interaction Design,7.5 credits,First Cycle,The course provides the student with basic knowledge about man as a knowledge and information being as well as insights into how interactive products and services should be designed to be useable based on human cognition.,"['perception', 'learning', 'memory', 'concept formation', 'usability', 'user experience', 'interaction design', 'affordances', 'constraints', 'mapping', 'feedback', 'laws of form', 'direct manipulation']","['be able to explain basic cognitive science concepts and principles', 'be able to explain basic concepts and principles in interaction design', 'demonstrate a basic understanding of how the design of technology systems interacts with human cognition and why', 'be able to investigate a technology system with regard to usability and user experience and be able to suggest and justify improvements', 'be able to link the design of a technology system to concepts and principles from the cognitive science concept apparatus', 'be able to argue for the relevance of applying a human-centred perspective on technology', 'be able to show the complexity of human cognition and what this means for the design of technology systems', 'be able to reflect on several different design solutions and weigh their advantages and disadvantages against each other']",[],"['laboratory work and reports', 'written test', 'written individual assignment']",MAMA20
Discrete Structures,7.5 credits,BSc,"The course is intended to introduce some of the basic formal concepts and terminology pervading all areas of computer science, and to establish a common lexicon, including notational conventions and nomenclature, that subsequent courses can build upon. This includes an introduction to abstract set theory, relations, functions, and ordered sets, Boolean algebra, logic and proof techniques and number theory as well as structures such as graphs and trees. Furthermore, the course discusses basic algorithms on graphs, an introduction to combinatorics, some fundamental proof strategies, and basic order structures such as lattices and complete partial orders (CPOs).","['Set theory', 'Relations', 'Functions', 'Ordered sets', 'Boolean algebra', 'Logic', 'Proof techniques', 'Number theory', 'Graphs', 'Trees', 'Graph algorithms', 'Combinatorics', 'Order structures', 'Lattices', 'Complete partial orders']","['demonstrate an understanding of basic notions of set theory, such as equivalence, cardinality, countability, infinite sets', 'be able to characterize functions, injective/surjective/bijective functions, relations, partial and total orders and their properties, equivalence relations', 'understand basic proof techniques such as induction', 'be familiar with Boolean algebra and first order logic', 'understand fundamental structures such as trees and graphs', 'have an understanding on foundations of constructing algorithms on graphs', 'know basic concepts of combinatorics (e.g. permutations, combinations)', 'know about basic types of ordered sets, such as lattices and complete partial orders', 'be able to apply some fundamental proof strategies, such as direct proofs, contrapositive proofs, proofs by contradiction', 'be able to use notation associated with sets, relations, functions, and orders to define structures and discuss their properties', 'be able to use induction to prove properties of infinite sets of objects', 'be able to manipulate, transform and simplify Boolean terms according to the laws of Boolean algebra', 'be able to work with trees and graphs, such as devising proofs of properties', 'be able to implement simple algorithms and tests for properties on discrete structures', 'be able to use divisibility rules, the Euclidean algorithm, and modular arithmetic', 'be familiar with techniques for building algorithms on graphs and some basic examples', 'be able to work with permutations and combinations and use them to in computational problems', 'be able to use and apply appropriate types of order structures such as lattices and CPOs', 'be able to use basic proof strategies to construct simple proofs', 'be able to apply sets, graphs, and trees to represent aspects of real-world problems and build algorithms on those structures', 'show the ability to devise an appropriate proof strategy and technique for a given problem']","['EDAA20 Programming and Databases or EDAA45 Introduction to Programming or EDAA50 Programming, First Course or EDAA55 Programming, First Course or EDAA65 Programming, First Course or EDAB05 Introduction to Programming']","['Written exam', 'Compulsory course items (approved mandatory elements)']",EDAA75
Communication Systems,7.5 credits,BSc,This course is an introduction to communication systems. It is also aimed at being a practical example of how a course at LTH can be designed and thereby an introduction to the studies on the C program.,"['conversion between analogue information and binary data', 'error detection', 'error handling', 'protocols on different model layers', 'addressing methods', 'access methods', 'path selection algorithms', 'Ethernet', 'Internet', 'public switched telephone network', 'mobile telephone networks']","['be able to describe simple signal and data flows for some of the protocol functions that are part of a data network in particular and a telephone networks to some extent', 'be able to give a perspicuous description of link handling and setup of connections and sessions between communicating devices on the link level', 'be able to give an overview of the creation of connections and sessions between communicating devices on the network and transport level', 'be able to describe multilayered protocol models and also the interplay between the different layers', 'be able to use tools for studying data transfer in a local area network', 'from theory and practical analysis be able to explain phenomenons found in data transfer', 'be able to present, orally and in writing, a phenomenon within the subject field', 'be able to value information of a phenomenon within the subject field, and from this information explain the phenomenon in an understandable way']",[],"['written exam', 'laboratory work', 'written report', 'oral presentation']",EITA55
Object-oriented Modelling and Design,4.5 credits,BSc,The course will give ability to sustainable and resource aware construction of programs that can be reused and modified with respect to changing requirements in an industrial context.,"['Design principles for object-oriented programs', 'Design patterns and frameworks', 'Development environment for object-oriented modelling, implementation, and refactoring', 'Project with design and implementation']","['be able to identify the use of common design principles and design patterns in given programs', 'be able to design and implement object-oriented programs with many classes and a few packages', 'be able to choose and implement suitable design patterns in typical problems', 'be able to use the central parts of an integrated development environment to design, implementation, and refactoring of programs', 'be able to describe program design with UML (Unified Modelling Language)', 'be able to evaluate a program design with respect to design principles', 'be able to construct programs that are easy to understand for those who need to modify them']","['EDAA01 Programming - Second Course', 'EDAA30 Programming in Java - Second Course']","['written exam', 'project']",EDAF60
"Interaction Design, Process Course",7.5 credits,BSc,"The student shall acquire an overview of the multi-disciplinary area interaction design with a focus on the usability-oriented design process. The student will, through a mix of theory and practice, acquire skills to design usable interactive products and services.","['Usability', 'user experience', 'the design process', 'user studies', 'usability goals', 'conceptual design', 'interaction techniques', 'usability evaluation']","['explain the principles behind a usability-oriented design process', 'differentiate phases of the design process', 'describe and discuss established methods in the field of interaction design', 'account for similarities and differences in different usability-oriented design methods', ""identify users' needs and requirements"", ""plan design projects with regard to designing usability requirements and meeting users' needs"", 'use key concepts in the subject area of interaction design', 'apply a usability-oriented design process when designing prototypes for interactive products and services', 'master a range of interaction design methods for designing interactive products and services', 'perform analysis and evaluation of usability of interactive products and services evaluation ability and approach', 'make informed design choices based on empirical data and theory', 'propose and justify changes to interactive products and services', 'reflect on different principles behind a usability-oriented design process and how they differ in terms of theory, method and application', 'communicate the interactive features of a product or service with the support of concepts and principles in the field of interaction design']",['MAMA20 Cognition and Interaction Design'],"['Approved written midtest', 'approved written exam', 'approved project work']",MAMF60
Linear Algebra with Numerical Applications,7.5 credits,BSc,The aim of the course is to give a basic introduction to linear algebra. A further aim is to give the student a basic ability to use Python to solve common linear algebra problems.,"['Systems of linear equations', 'Vectors', 'Bases and coordinate systems', 'Equations for lines and planes in space', 'Scalar product with applications', 'Vector product with applications', 'Matrices', 'Rank', 'Linear transformations', 'Determinants', 'Eigenvalues and eigenvectors', 'The method of least squares', 'Linear spaces and subspaces', 'Numpy (in Python) as a tool for linear algebra']","['with confidence be able to solve linear systems of equations, with or without computer, and be able to demonstrate an ability to geometrically interpret the solutions of such systems', 'be able to represent, handle and compute with - with and without computer - basic geometrical objects in three dimensions, such as points, vectors, lines and planes', 'be able to show a general knowledge of the matrix concept and of its coupling to the concept of a linear transformation, and be able to carry out elementary matrix operations and to solve matrix equations, with and without computer', 'be able to give an overview of and illustrate mathematical concepts in linear algebra that are used to construct and study mathematical models in applications', 'be able to explain the contents of some central definitions, theorems and proofs', 'be able to account for the method of least squares, and be able to implement it in Python for concrete problems', 'be able to demonstrate a good ability to carry out algebraic calculations within in the framework of the course', 'in connection with problem solving, be able to demonstrate an ability to independently choose and use mathematical methods within linear algebra', 'in connection with problem solving, be able to demonstrate an ability to integrate concepts from the different parts of the course', 'be able to demonstrate an ability to explain mathematical reasoning in a structured and logically clear way', 'be able to graphically illustrate sets of points in the plane using a computer, and to adapt curves to these']",['Basic knowledge of programming - the ability to code and execute simple programs'],"['Written exam on Linear Algebra', 'Computer sessions']",FMAA21
Software Development in Teams - Project,7.5 credits,First Cycle,"To provide knowledge and practical experience of how to collaborate in a team to produce a software product. The focus is on the method and tools for an agile software development process for iterative and sustainable development of software, suitable for a smaller software development project with one team. The course also gives the student a basic knowledge of how development of software systems generally takes place, as well as an ability to reflect on the purpose of various elements in a development methodology.","['iterative planning', 'automated testing', 'test-driven development', 'pair programming', 'refactoring', 'code review', 'frequent releases', 'version control', 'agile software development', 'software development processes']","['present and motivate the different practices within agile software development.', 'define basic terms and definitions in software engineering.', 'describe the most common software development processes.', 'develop and deliver a sustainable software product in cooperation with others.', 'apply practices and tools for automated testing, refactoring, and version control.', 'apply iterative planning.', ""reflect on your own and the team's activities during a development project and understand how these contribute to a successful development process."", 'demonstrate the ability to work in teams and collaborate within a group, both in full-group activities and in smaller group constellations.', 'assess software and possibilities for improvement.', ""identify their own and the group's need for additional knowledge and continuously contribute to developing and expanding the group's knowledge and skills in the areas required for the project.""]","['The compulsory course items of EDA061/EDAF60 or EDAF10.', 'Also a passing grade on the written exam of at least one of the courses EDAA01, EDA027, EDA061/EDAF60, EDAF10.']","['passed laboratory work', 'passed short written examination', 'development sessions', 'planning meetings', 'reflections', 'presentation of the developed product']",EDAF45
Agile Software Development - Project,7.5 credits,First Cycle,To give knowledge and practical experience of how to develop software together in a team. Focus in on practical experience of methods and tools suitable for a smaller software project with one developer team.,"['Software development in teams with close customer connection', 'Iterative software development (extreme programming, agile programming)', 'Methods for planning and prioritizing the development work (planning game, kanban)', 'Pair programming', 'Praxis and tools for version control, code review, testing, and code maintenance (Git, Gerrit, continuous integration, refactorings)', 'Automated testing and delivery', 'Relation to development of open-source software']","['define basic concepts within software development', 'describe and motivate different techniques used in software development', 'develop and deliver software in collaboration with others', 'apply techniques and tools for software development', 'assess how activities in a software project affect the development process', 'see connections between activities in the development process and the final software product']",['Approved compulsory course items in EDAA01 Programming - continuation course or approved compulsory course items in EDAA30 Programming in Java - continuation course'],"['laboratory exercises', 'planning meetings', 'development sessions', 'presentation of the project']",EDAG05
,,,,[],[],[],[],ETSA03
Computer Security,7.5 credits,BSc,The course aims to give the students a good overview of the most relevant areas in computer security. Some areas will be addressed in more detail.,"['General principles and definitions in computer security', 'Identification and authentication', 'Access control', 'Trust and security evaluation', 'Security Models: Bell-LaPadula, Biba, Chinese wall', 'Security evaluation: Orange Book, ITSEC, Common Criteria', 'Cryptographic algorithms: Encryption methods, hash algorithms, digital signing, digital certificates, X509, public-key infrastructure (PKI)', 'Operating system security, security in Unix/Linux, Windows, Java', 'Malware, attacks, buffer overflow, software security', 'Distributed systems: Access control, Kerberos, firewalls, intrusion detection, key distribution', 'Security in the Internet and radio networks like GSM/UMTS and WLAN', 'Security protocols TLS, SSL, IPSEC', 'Security in databases: Access control, information leakage and inference']","['Describe the general problems that are addressed by computer security', 'Classify security problems in relation to the different areas within computer security', 'Describe different building blocks used in computer security', 'Provide overview descriptions of systems that will add security into a technical system', 'Show that you are capable to perform a basic analysis of a security problem', 'Be able to write a report of a project result and to present it to an audience', 'During the course the student should be able to discuss solutions to the projects.']","['EDA011/EDAA50, EDA016/EDAA45 or EDA017/EDAA55 Programming, First Course', 'EDAA01 Programming - Second Course']","['Laboratories', 'Projects', 'Online home assignments', 'Optional written exam', 'Optional digital exam', 'Oral exam (for grade 5 with digital exam)']",EITA25
Sustainability and Resource Use with Perspectives on Information and Communication Technology,4.0 credits,BSc,"All companies and development of new technologies and systems must consider how they affect sustainable development (environmental, social and economic dimension). The purpose of this course is to provide the student with strategic knowledge for their future professional career to enable them to meet environmental requirements and sustainability challenges that are particularly relevant for the IT sector, as well as to contribute to a systems perspective and a critical approach to reviewing sustainability strategies.","['Sustainable development and its interpretations', 'Climate change', 'Air quality', 'Environmental toxins', 'Energy sector', 'Resource use', 'Waste management (general and IT perspective)', 'Life-cycle assessment', 'Eco-design', 'Environmental legislation and policy instruments']","['Be able to describe the concept sustainable development from a general perspective and a company perspective', ""Be able to describe some important environmental and resource problems in relation to society's requirements on sustainable development"", 'Be able to describe how energy supply and IT and its infrastructure affect the environment and the possibility for sustainable development', 'Be able to discuss tools for sustainability work within companies, organisations and on a societal level', 'Be able to collect and critically evaluate information within a group project that concerns a problem related to sustainability', 'Be able to write a well-structured essay with correct language and use of sources, orally present the essay and act as opponent to another essay', 'Be able to discuss sustainability strategies based on a systems perspective and critical review approach']",['60 credits within programme'],"['Written exam', 'Project work (essay, written opposition, active participation at seminars)']",FMIF45
Internet Protocols,7.5 credits,BSc,"The course aims to provide the students with thorough knowledge, both theoretical and practical, about the most central protocols underpinning the Internet. In particular, a deeper technical understanding is provided for: link protocols beyond Ethernet, network layer protocols (IP), transport protocols, routing principles, application examples, performance and Quality of Service (QoS), Data center networks using Software Defined Networks (SDN). The course implies deepened studies of IP network technology. The elements of the course are theoretical as well as practical (primarily in the form of lectures, tutorials and labs). The course assumes basic knowledge of computer communication in general and TCP/IP in particular, where especially different types of link protocols, transport protocols and routing principles are treated. A central part of the course is the understanding of how the individual mechanisms in different protocols and functions together form the service delivery. To achieve this a strong focus is placed on self-study of the course literature.","['link protocols beyond Ethernet', 'network layer protocols (IP)', 'transport protocols', 'routing principles', 'application examples', 'performance and Quality of Service (QoS)', 'Data center networks using Software Defined Networks (SDN)']","['be able to account for the underlying principles of some of the most central link protocols', 'be able to account for the underlying principles of some of the most central internet protocols', 'perform analysis and troubleshoot network traffic by interpreting and identifying the observed protocol behaviour from network data', 'show knowledge and insight into how different protocols work together, supports and limits each other functions and performance', 'be able to build network structures using SDN in the Linux kernel', 'be able to analyse protocols both mathematically and using analysis tools', 'be able to emulate complex network configurations and pre-study before new services and protocols are implemented live in systems', 'be able to independently aquire knowledge from the course literature, plan their studies and bring relevant questions to the teacher led sessions', 'be able to work in groups and to be able to plan and finish tasks within given timeframes', 'Be able to judge how individual components in different protocols affect performance and service experience of one own and other data flows through a network']","['EITF45 Computer Communications or ETS150 Data Communications', 'Basic knowledge in programming']","['approved project reports', 'final exam']",ETSF10
"Mathematical Statistics, Basic Course",7.5 credits,BSc,"The course is intended to give the student the basics in mathematical modelling of random variation and an understanding of the principles behind statistical analysis. It shall also give the students a toolbox containing the most commonly used models and methods, as well as the ability to use these in practical situations.","['Probability theory', 'Inference theory', 'Regression analysis', 'Random variables', 'Distributions (binomial, Poisson, normal, exponential, log normal)', 'Expectation and variance', 'Normal distribution', 'Simulations', 'Measurement errors', 'Error propagation', 'Confidence intervals', 'Hypothesis testing', 'Linear regression', 'Indicator variables']","['be able to relate questions regarding random variation and observed data, as they appear in applications relevant to the students, to the concepts of random variables, distributions, and relationships between variables', 'be able to explain the concepts of independence, probability, distribution, expectation, and variance', 'be able to calculate the probability of an event, and the expectation and variance from a given distribution', 'be able to describe fundamental techniques for statistical inference and be able to use them on basic statistical models', 'understand that a statistical relationship between two variables does not necessarily imply cause-effect', 'be able to construct a simple statistical model describing a problem based on a real life situation or on a collected data material', 'be able to use a computational program for simulation and interpretation of statistical models, as well as for data analysis', 'be able to choose, perform, and interpret a statistical procedure that answers a given statistical problem', 'be able to present a statistical analysis and its interpretation in a report with two parts, where one is technical and the other a short summary aimed at a layman with limited technical knowledge', 'be able to examine a statistical model and its ability to describe reality', 'be able to examine a simple measurement situation and judge whether data is collected in a way that allows further analysis']","['Calculus in one variable', 'Linear algebra', 'or an equivalent combination of FMAA01, FMAA05, FMAB30, FMAB35, FMAB65, FMAB70, FMAB45, FMAB50, FMAB60']","['Written exam', 'Computer exercises', 'Project report', 'Computational ability tests']",FMSF50
,,,,[],[],[],[],FMSF55
,,,,[],[],[],[],MASB13
Wireless Networks and Applications - System Design and Performance,7.5 credits,MSc,"The course gives a deep understanding of the principles of system design of wireless networks and applications, with regards to performance aspects. The course mainly focuses on network systems for Internet of Everything (IoE). The course goal is to go beyond ""ordinary"" Internet applications. The course includes topics as cellular networks, wireless LANs, self-organizing network architectures, sensor networks, and data communication and networks for outer space and underwater. Also, the course covers resource-constrained networking and delay-tolerant applications. Furthermore, the course covers functions, models, and mechanisms for performance analysis. The application of theory is mainly performed using complex reality-based scenarios, which are treated in discussions, seminars, and a project.","['Basic functions and paradigms for wireless networks', 'Network architectures for time-critical applications', 'Self-organizing network architectures', 'Sensor networks', 'Resource-constrained networking', 'Delay-tolerant networking', 'Data communication and networking in outer space', 'Underwater data communication and networking', 'Performance analysis and modelling of the above network systems']","['Understand the different network systems and protocols covered in the course', 'Explain the models covered in the course, and describe key results drawn from these models, such as fundamental performance bounds', 'Give reasons for the design choices made in reality-based scenarios, with reference to system performance requirements and user perspectives', 'Describe current research and development in different network systems', 'Describe and explain fundamental theory for the network systems and applications covered in the course', 'Design suitable network systems based on a specified reality-based scenario with specified performance requirements', 'Perform correct performance analysis and modelling of network system', 'Analyse network performance using theoretical tools covered in the course, such as stochastic processes and queueing theory', ""Find information in the scientific literature within the course's field of knowledge"", 'Compare different network systems, algorithms and protocols, and give their relative advantages and disadvantages in a specified scenario', 'Evaluate network systems and identify their performance goals and constraints', 'Evaluate the advantages, disadvantages and limitations of different methods for modelling, analysing, and testing network performance', ""Critically evaluate information in the scientific literature within the course's field of study""]","['At least 90 ECTS in completed courses within the program.', 'FMAB65 Calculus in One Variable B1 or FMAB70 Calculus in One Variable B2', 'Basic knowledge in Internet protocol corresponding to EITF45 Computer Communication, ETSF15 Communication systems and networks, or EITA55 Communication Systems.', 'Basic knowledge in statistics and probability theory corresponding to FMSF20/FMSF80/FMSF55 Mathematical Statistics, Basic Course.']","['written exam', 'project assignment']",ETSN11
Web Programming,7.5 credits,BSc,"The course gives basic knowledge on techniques and technologies for web programming. The course content include communication (http), programing language (JavaScript/TypeScript) and execution environment (DOM JavaScript runtime). Students will also get experience of single threaded asynchronous programming. After the course, the students have enough knowledge and skills to develop their own web applications. This course focus on the client side.","['HTML', 'CSS', 'DOM', 'JavaScript', 'TypeScript', 'asynchronous programming', 'race conditions and deadlock', 'storing data in web applications', 'http-protocol', 'XMLHttpRequest/fetch', 'data representation', 'restful-api', 'frameworks for web application development']","['have knowledge on protocols relevant to web applications, e.g. http', 'have thorough knowledge of the programming language JavaScript and TypeScript, i.e. prototype based inheritance and how this is assigned a value', ""have an understanding of a webpage's structure, how it is represented in browsers, and how JavaScript is executed and interacting with the DOM (browser as execution platform)."", 'have an understanding of the possibilities and limitations of single threaded asynchronous runtime systems', 'have knowledge of data storing techniques in a web applications (such as cookies, http session, HTML5 local store, and server-side database)', 'be able to problematize about component state in presence of asynchronous events and browser navigation (e.g. direct links, stepping backwards in the browser history), and know techniques to handle these problems.', 'have an understanding of the principles of restful-api', 'be able to utilize asynchronous programming techniques to create user-friendly / responsive web applications', 'be able to develop simple web applications using component-based frameworks such as React', 'be able to use framework for layout, e.g. tailwind or material design, to create a modern and uniform look on web applications']","['EDAA01 Programming - Second Course', 'EDAA30 Programming in Java - Second Course']","['written examination', 'compulsory laboratory exercises', 'project']",EDAF90
The Business of Software,7.5 credits,BSc,"The course aims to give the student insights into and knowledge of the business of software. This includes how market and financial issues interplay with the technical development, the concept of innovation, business models för software products and services, how development resources are created and used, how projects are planned and managed in established companies and in start-ups. The course also aims to shed light on ethical aspects and legal frameworks that impact on software development.","['Business models', 'Innovation', 'Ecosystems', 'The business value of customer data', 'Project management, planning and control for traditional and agile projects', 'Project and organizational levels', 'Ethics for engineers', 'Legal aspects of software engineering', 'Open source licences']","['be able to account for basic relationships between software development and the market, including different types of innovation', 'be able to describe how a business idea can be implemented as a software product or service', 'be able to describe how a development project is planned, estimated, managed and monitored', 'be able to explain techniques for planning, cost estimation, risk management, project management and monitoring', 'be able to describe ethical guidelines for engineers', 'be able to describe legal frameworks for intellectual property, patents and software licences', 'be able to develop a business plan för a small start-up business and related demonstrators to communicate with funders', 'be able to develop a project plan with tollgates and cost estimations for the project and its sub-projects', 'be able to identify basic ethical and legal aspects of a project and to reason about these', 'be able to choose an open source license for a development project', 'be able to write a technical report which follows an established academic structure, including references, tables and figures', 'be able to search and in writing summarize and assess relavant scientific publications', 'in writing be able to present, interpret and discuss own results', 'in writing be able to argument for the relevance of a piece of work/project/study', 'in writing be able to argue for own conclusions based on evidence/results', 'understand how the market and technology interplays within software development', 'understand how project management may be based on metrics', ""understand the engineer's responsibility for developed products and services""]","['EDA260 Software Development in Teams – Project', 'EDAF45 Software Development in Teams - Project', 'ETSA01 Software Engineering Process - Methodology', 'ETSA02 Software Engineering - Methodology', 'ETSA03 Software Engineering - Methodology', 'EDAG05 Agile Software Development - Project', 'ETSF20 Software Development for Large Projects', 'ETSN05 Software Development for Large Systems']","['Approved oral and written project report', 'Participation in seminars', 'Individual written report that is graded']",ETSF25
Web Security,7.5 credits,BSc,The course aims at giving the student knowledge about the security problems and solutions that relate to web based technology. Some areas will be addressed in more detail.,"['Cryptology: time-memory trade-off attacks', 'Web applications security: Security in PHP and MySQL, validation of user data with regular expressions, SQL-injections, cross site scripting, cross site request forgery, directory traversal, file inclusion, session attacks, HTTP response splitting', 'Server security: HTTP server, PHP and MySQL configuration', 'Client Security: Javascript, cookie-security, same-origin policy, CORS', 'Remote login: Basic and digest access authentication', 'Email and Spam: Email security, spamming techniques, spam filters, email tracking, DKIM SPF, DMARC, hashcash', 'DNS Security: DNS configuration, Amplification attacks, DNS cache poisoning, DNS rebinding, DNSSEC', 'E-cash overview: Blind signatures, blockchain technologies and digital monies, Bitcoin, Ethereum, smart contracts', 'Secure communication: TLS attacks', 'Database security: Inference, differential privacy', ""Anonymity: Traffic analysis, Chaum's Mix, Tor""]","['Describe how web applications can be realized and how they interact with a web server.', 'Describe the different security problems that arise when using web based protocols, applications and servers.', 'Describe why the problems arise and how they can be avoided.', 'Be able to analyze the security problem and be able to propose solutions.', 'Show that you understand the technical solutions that are used to avoid a security flaw.', 'Show that you understand the security limitations in web based services.', 'Be able to write a report of a project result and to present it to an audience.', 'During the course you have to be prepared to present and discuss your project.']","['EITA25 Computer Security', 'EDA016, EDAA50, EDAA55 Programming, First course, or EDAA45 Introduction to Programming or EDAB05 Introduction to Programming', 'EDAF90 Web Programming', 'The student should be able to set up a database and execute simple SQL-queries.']","['Approved project work', 'Mandatory online exam', 'Written exam (for grade 4 or 5)']",EITF06
Applied Mathematics - Linear systems,5.0 credits,BSc,"The aim of the course is to treat some mathematical concepts and methods, above the basic level, that are important for further studies within e.g. machine learning, signal processing, control theory, electrical engineering and for further professional activities.","['Linear systems', 'Mathematical models of linear, time invariant systems', 'Transfer function', 'Step response and impulse response', 'The frequency function', 'The Laplace transform', 'Step and impulse functions', 'Computational rules for the two-sided Laplace transform', 'Inverse transforms', 'Convolution', 'Matrix algebra', 'Eigenvalues and eigenvectors', 'Diagonalization', 'Quadratic forms', 'Systems of differential equations', 'Solution by diagonalization', 'Exponential matrix']","['For a passing grade the student must be able to describe different properties of linear systems, and to explain how they can be modelled in the time domain and in the frequency domain.', 'For a passing grade the student must be able to define the Laplace transform and account for its significance in connection with input/output relations and the solution of differential equations, and be able to use simple transform tables to determine transforms/inverse transforms.', 'For a passing grade the student must be able to use matrix theory to analyse quadratic forms and to solve systems of linear differential equations.', 'For a passing grade the student must be able to demonstrate the ability to identify problems that can be modelled with linear systems, and be able to analyse the corresponding models.', 'For a passing grade the student must be able to demonstrate the abilty to use the introduced concepts in connection with problem solving.', 'For a passing grade the student must with proper terminology, suitable notation, and with clear logic be able to explain the solution to a problem in a well structured manner.']","['FMAB65 Calculus in One Variable B1 or FMAB70 Calculus in One Variable B2', 'Basic university courses in calculus and linear algebra.']","['Written test', 'Computer sessions', 'Written test comprising theory and problems', 'Use of computer algebra systems to perform calculations common in the mathematical analysis of linear systems', 'With the aid of Matlab programs, the meaning of important concepts within systems theory is illustrated']",FMAF10
Mathematics - Systems and Transforms,7.0 credits,BSc,"The aim of the course is to present mathematical concepts and methods from linear algebra and analysis which are important in systems theory (continuous and discrete), and for further studies within e.g. mathematics, economy, physics, mathematical statistics, mechanics, control theory, signal theory and for future professional work. The aim is also to develop the student's ability to solve problems, to assimilate mathematical text and to communicate mathematics.","['Linear algebra: Spectral theory, quadratic forms', 'Systems of linear differential equations: Equations in state form. Solution via diagonalization. Stability. Stationary solutions and transients. Solution via exponential matrix', 'Input/output relations: Linearity, time and space invariance, stability, causality. Convolutions. Elementary distribution theory. Transfer and frequency functions. Discrete systems', ""Fourier analysis: The Laplace and Fourier transforms. Inversion formulae, the convolution theorem and Plancherel's theorem. Transform theory and analytic functions. Applications to differential equations and systems of differential equations""]","['be familiar with the significance of eigenvalues in the context of stability and resonance, in linear systems, with continuous as well as discrete time.', 'be able to describe and use the concepts of linearity, time and space invariance, stability, causality, impulse response and transfer function, in continuous as well as discrete time.', 'be able to describe the structure of an exponential matrix, and be able to compute exponential matrices in simple cases.', 'be able to characterize different types of quadratic forms using eigenvalue methods and via a completion of squares.', 'be able to define the concept of convolution, continuous and discrete, and to use convolutions both in the context of linear, timeinvariant systems and in the description of certain types of integral equations.', 'have some experience and understanding of mathematical and numerical software.', 'be able to demonstrate an ability to independently choose appropriate methods to solve systems of linear differential and difference equations, and to carry out the solution essentially correctly.', 'be able to demonstrate an ability to use eigenvalue techniques, elementary distribution theory, function theory, Fourier and Laplace transforms and convolutions in problem solving within the theory of linear systems.', 'in connection with problem solving, be able to demonstrate an ability to integrate knowledge from the different parts of the course.', 'with proper terminology, in a well-structured manner and with clear logic be able to explain the solution to mathematical problems within the framework of the course.']","['Calculus in One Variable or Calculus in Several Variables or equivalent', 'Linear Algebra or equivalent']","['Written test comprising theory and problems', 'Assignments, requiring work with and without computer, which have to be completed BEFORE the exam']",FMAF05
Advanced Interaction Design,7.5 credits,MSc,"The course is largely based on a design- and programming project that is carried out in groups. The project trains the students ability to work independently in a user-centered design process with fast design iterations that have similarities to XP (eXtreme Programming). Structured tutoring is provided to help achieve the project goals. The course is held together by activities that support the project process. The project is characterized by experimenting with non-traditional (advanced) forms of interaction, by for example using sensors (GPS, accelerometer and gyro) or speech to provide input signals and, for example, sounds and vibrations to provide feedback. As a platform, an Android smartphone is used, as it is both programmable and contains many sensors.","['Advanced design methodology, methods and processes', 'Non-visual interaction (gestures, voice interaction, audio, haptics, tangible interaction)', 'Multimodal interfaces', 'IoT', 'User-centered design process', 'Iterative design methods', 'Sensor-based interaction', 'Android programming']","['Describe theoretical and practical possibilities and limitations of the use of multimodal, distributed and ubiquitous forms of interaction, particularly applied to their own design (report)', 'Read scientific articles dealing with advanced human-computer interaction and extract relevant theory from them', 'In a report, written in English, show how to apply a user-centered design process in a rapid development process by describing the technology and design decisions, and motivating them based on theory and user tests', 'Apply and expand their previous programming skills to create an application that reads sensor data and apply skills in multimodal design to perceptualize this data', 'Apply and extend previous knowledge in cognition and interaction design in a development project with rapid iterations', 'Follow an iterative design process in the project where the prototype is developed based on additional requirements and tests, and parallel design is used', 'In a group project, create a functioning (T-) prototype of an application that enables multimodal interaction to be tested by end users', 'Consider alternative multimodal forms of interaction beyond the traditional screen metaphor', 'Apply a design strategy that assumes multimodal interaction forms give the user freedom to choose how an interface should be used', 'Show the importance of involving relevant user groups in the design process']","['For students following the MAMN25 course the same study year: passed article seminar and passed project presentation in MAMN25', 'At least 100 completed credits (hp) in the engineering program up to and including study period 1', 'EDAA01 Programming - Second Course', 'EXTA65 Cognition or MAMA20 Cognition and Interaction Design or TEK210 Cognition', 'MAMA15 Interaction Design, Basic Course or MAMF60 Interaction Design, Process Course or MAMN25 Interaction Design']","['Group project work (report, process, and product)', 'Individual assignments', 'Active participation in compulsory course activities']",MAMN01
Database Technology,7.5 credits,First Cycle,The course gives basic theoretical and practical knowledge about database systems and their organisation. The emphasis is on relational databases.,"['Introduction to database systems', 'Basics of the relational model', 'The query language SQL', 'Methods for data modelling and database design', 'E/R diagrams and UML diagrams', 'Theory for the relational model: functional dependencies, normalisation, relational algebra', 'Stored procedures, triggers', 'Program and web interfaces to databases', 'NoSQL databases', 'Semistructured data (JSON)', 'Security and integrity in databases', 'Concurrency, transactions', 'Implementation of database management systems and query languages']","['be able to describe information systems with E/R models and UML notation, and translate such models into relational form', 'be able to normalise database schemas', 'be able to use the query language SQL to create and update a database, and to retrieve information from the database', 'know about alternative ways to organise data in databases and about the design of database management systems', 'be able to use tools to implement a database', 'be able to develop application programming interfaces to databases']","['EDA011 Programming, First Course or EDA016 Programming, First Course or EDA017 Programming, First Course or EDAA10 Computer Programming in Java or EDAA20 Programming and Databases or EDAA45 Introduction to Programming or EDAA50 Programming, First Course or EDAA55 Programming, First Course or EDAA65 Programming, First Course or EDAA90 Introduction to Programming and Databases or EDAB05 Introduction to Programming', 'EDAA01 Programming - Second Course']","['Approved laboratory work', 'Approved assignment', 'Approved written exam']",EDAF75
Queuing System,5.0 credits,First Cycle,"The purpose of the course is to introduce methods to predict the real-time behaviour of service systems, especially for telecommunication systems. The course treats real-time properties of communication systems. The students learn to predict the performance of systems, which also gives the ability to improve and optimise systems. The course contains an overview of elementary queuing and queuing network theory and also introduces discrete event simulation. In queuing theory methods to calculate the average time a customer spends in a queue and the blocking probability are treated. In queuing network theory Jackson networks are studied. Discrete event simulation using a general programming language is studied.","['elementary queuing theory', 'queuing network theory', 'discrete event simulation', 'average time in queue', 'blocking probability', 'Jackson networks']","['Solve problems in elementary queuing theory and queuing network theory', 'Use simple simulation tools', 'Use simple queuing models to estimate the real-time properties of a system', 'Use discrete event simulation to study the performance of a system', 'Be able to interpret measurements and make estimations', 'Show ability to critically interpret results from calculations and simulations', 'Show knowledge of limitations of mathematical models of queuing systems']","['FMS012/FMSF45/FMSF55 Mathematical Statistics', 'Knowledge corresponding to ETS130/EITA55 Communication Systems or ETS052/EITA45 Computer Communication', 'Basic knowledge in programming']","['approved laboratory work', 'written exam']",EITG20
Scientific Theory for Engineers,5.0 credits,BSc,"The course should provide a reasonably advanced understanding of what knowledge is, as well as how it can be obtained, communicated, assessed, and used in practice. The course also provides training in written and oral presentation and reasoning around ethical aspects.","['epistemology', 'scientific paradigms and methods', 'analytical sciences', 'design sciences', 'knowledge valuation', 'research methodology', 'written and oral presentation', 'ethics']","['Be familiar with and compare some basic epistemological concepts and approaches.', 'Be familiar with and compare some basic scientific paradigms and methods.', 'Be able to search for and use evidence-based knowledge.', 'Be able to formulate relevant research questions.', 'Be able to plan an approach to seeking answers to research questions.', 'Be able to formulate generalizable knowledge based on a completed research study.', 'Be able to review a research report.', 'Be able to assess and reason about the value of different kinds of knowledge.', 'Be able to determine what kind of knowledge is needed for different decisions by engineers.']",['At least 110 credits completed in the MSc in Engineering program up to and including study period 2'],"['Active participation at seminars', 'Completed project']",EDAG10
Usability Evaluation,7.5 credits,Bachelor,"This course is focused on how to investigate and evaluate interactive products. Key concepts are Usability and User Experience. What do they mean? How do you know if a product has good usability, and how do you measure it? When investigating a product’s usability, one can employ a wide array of different methods/techniques. One such method is user testing, which has much in common with experimental research. This course will especially deal with how to plan and conduct user testing.","['Usability', 'User Experience (UX)', 'User Centered Design (UCD)', 'Formative vs. Summative investigation', 'Analytical vs. Empirical investigation', 'User testing', 'Personas', 'Task analysis', 'Cognitive Walkthrough', 'Heuristic evaluation', 'Surveys', 'Ethnographic observation', 'Focus groups', 'Test plan design', 'Selection and recruitment of participants', 'Observation and moderation', 'Analysis and reporting']","['Have knowledge of central concepts such as Usability, User Experience (UX) and User-Centered Design (UCD).', 'Have knowledge of various methods and techniques for investigating and evaluating usability/user experience.', 'Have knowledge of how to plan and conduct user tests, with respect to purpose, research questions and test design.', 'Have skills in creating a test plan, preparing materials, and executing user tests.', 'Have skills in selecting and dealing with test participants.', 'Have skills in observing performance, as well as inquiring participants.', 'Have skills in analyzing results, drawing conclusions and reporting the investigation.', 'Be able to value the suitability of different methods and techniques in relation to the purpose and available resources.', 'Be able to value uncertainties and shortcomings in results.']",['MAMN25 Interaction Design or MAMA20 Cognition & Interaction Design'],"['Written exam', 'Project work']",MAMF50
Computer Graphics,7.5 credits,BSc,To give a fundamental understanding of methods and techniques for 3D computer graphics and practical experience of graphics programming.,"['Construction of geometric objects', 'Describing and calculating object movement', 'User interaction', 'Translation of geometries in 3D space to the screen', 'Models of light and surface materials', 'Mapping and buffer techniques']","['know the different steps comprising the translation of a scene description to an image', 'understand the structure and design of interfaces to graphics hardware', 'be able to perform the mathematical calculations needed in the rendering process', 'use OpenGL to implement a hardware accelerated renderer']","['EDA011 Programming, First Course or EDA016 Programming, First Course or EDA017 Programming, First Course or EDA501 Programming, First Course or EDAA10 Computer Programming in Java or EDAA20 Programming and Databases or EDAA45 Introduction to Programming or EDAA50 Programming, First Course or EDAA55 Programming, First Course or EDAA65 Programming, First Course or EDAA80 Introduction to Programming or EDAA81 Introduction to Programming or EDAA85 Introduction to Programming or EDAA90 Introduction to Programming and Databases or EDAA90 Introduction to Programming and Databases or EDAB05 Introduction to Programming', 'FMA420 Linear Algebra or FMAA55 Mathematics, Linear Algebra or FMAB20 Linear Algebra or FMAA21 Linear Algebra with Numerical Applications', 'EDAA01 Programming - Second Course']","['Written examination', 'Laboratory work', 'Project']",EDAF80
"Interaction 1: Neuro Modelling, Cognitive Robotics and Agents",7.5 credits,MSc,"Based on the knowledge and skills acquired during previous computer science courses and human-technology-oriented courses, the students will assemble and test this knowledge and skills in a larger project while at the same time reflecting on their work. The students should also deepen their knowledge on software, design and cognition in relation to digital environments and biologically inspired systems. One purpose is to provide knowledge about different types of cognitive models and how these can be used to (1) understand people, (2) model people and (3) build technical systems inspired by human cognition. They will be trained in using cognitive models from classical artificial intelligence, reactive models, neuro-based learning models and situated models of cognition. Another purpose is to provide training on how to collaborate efficiently in a project team consisting of people with different backgrounds and skills. Yet another purpose is to develop the students’ ability to identify and solve interaction problems related to next-generation interaction technologies connected to applications within e.g. learning, sustainability and robotics.","['cognitive models', 'classical artificial intelligence', 'reactive models', 'neuro-based learning models', 'situated models of cognition', 'robotic systems', 'virtual agents', 'attention', 'learning', 'artificial neural networks', 'interaction design', 'project work']","['demonstrate knowledge about using modelling as a method and know about different types of cognitive models', 'understand how knowledge and inspiration of biological solutions can be used to find and implement new technical solutions', 'be able to compare different solutions regarding technical design, demands and function', 'be able to carry out a project under the criteria and milestones decided by the course teachers along with the project team', 'be able to contribute significantly to a project, in a project team with mixed skills, aimed at developing/redeveloping a digital and/or robot-based interactive system', 'be able to argue for the priorities made during the development of such a system', 'be able to hold dialogues with different groups and to work effectively in mixed teams with different skills', 'be able to define concepts in such a way that different perspectives, disciplines and areas of expertise can be brought together and thus serve as project manager for a team of people with different knowledge background', 'be able to reason about issues of methodology and relevance in a professional manner', 'demonstrate preparedness to deal with the unpredictability of problems involving humans and their interactions with an increasingly complex environment', 'demonstrate awareness of ethical aspects of research and development', 'understand the value in tackling problems in more than one way due to different methods’ advantages and disadvantages and to understand how and why it is advantageous to combine certain methods with each other', 'recognize the importance of inserting a project in different contexts and relate to the requirements and perspectives of others.']","['TEK210/EXTA65 Cognition or MAMA20', 'at least one of MAMN25, MAMF60, MAMA15, MAM101/MAMF45 or MAM120/MAMF50']","['compulsory lectures', 'project work (report and individual reflection)']",MAMN10
Digital Accessibility,7.5 credits,Second Cycle,"The purpose of the course is for the students to gain knowledge and skills to be able to develop more accessible products and services according to Swedish legislation which is based on the EU's accessibility directive. Diversity and inclusion are part of sustainable development, and link to several of the goals in Agenda 2030, eg 3: good health and well-being, goal 4: good education for all, goal 5: gender equality, goal 8: decent work and economic growth, goal 10: reducing inequality, goal 11: sustainable cities and communities, goal 16: peaceful and inclusive communities.","['EU standard EN 301 549', 'Web Content Accessibility Guidelines (WCAG 2.1)', 'Practical tasks for visible accessibility', 'Reflection essays', 'Programming project applying accessibility requirements']","['be able to explain the structure and parts of the content of the EU standard EN 301 549 ""Accessibility requirements for ICT products and services""', 'be able to reflect on the connection between the content of the EU standard EN 301 549 and its importance for people with disabilities when using digital products and services', 'be able to develop a digital product or service that meets parts of the EU standard EN 301 549 ""Accessibility requirements for ICT products and services"" which includes the Web Content Accessibility Guidelines (WCAG 2.1)', 'be able to account for why the accessibility directive could be important for an inclusive society']",['EDAF90 Web Programming'],"['75% attendance at guest lectures by people with disabilities', 'Approved laborations with short reflection essays', 'Approved programming project']",TNSN05
UX/XR - Project Course,7.5 credits,MSc,"The course aims to provide students with the opportunity to specialize in a specific topic within UX and XR, and to develop an advanced ability to identify and solve problems based on scientific evidence within this field. The course also provides practical experience in planning, executing, and evaluating user-centered projects in close collaboration with external partners. In addition, the course aims to give students a broader perspective on challenges related to the United Nations Sustainable Development Goals, and to train them in investigative work and project management in a way that enables the project to be extended into a master’s thesis.","['UX (User Experience)', 'XR (Extended Reality)', 'User-centered project', 'Project management', 'United Nations Sustainable Development Goals', 'Scientific evidence and methods']","[""Demonstrate knowledge in the chosen field's scientific basis and its proven experience as well as some insight into current research and development."", 'Use adequate terms and a language adapted to the current project.', 'Demonstrate the ability to identify, formulate and frame questions in their chosen field.', 'Independently formulate a project plan and with adequate methods carry out a project in the chosen field.', 'Demonstrate the ability to model, evaluate, develop or design products, processes or systems.', 'Write a report in which the chosen area is discussed in a scientific way.', 'Be able to give an oral presentation about their projects and the results achieved.', ""Show insight into the applied field's potential and limitations in the context that is relevant to the work: for example, at the individual level, at work, in society."", 'Describe the ethical aspects available for the current project.']","['The student must have completed at least one course providing basic or advanced knowledge in interaction, universal design, or virtual reality at the department, or courses included in the MVAR program, such as image analysis or computer graphics.']","['Written reports', 'Oral reports', 'Supervised project exercises', 'Closing seminar']",MAMN41
Interaction 2: Virtuality and Cognitive Modelling,7.5 credits,MSc,"Based on the knowledge and skills acquired during previous computer science courses and human-technology-oriented courses, the students will assemble and test this knowledge and skills in a larger project while at the same time reflecting on their work. The students should also deepen their knowledge on software, design and cognition in relation to advanced interactive digital environments. A sub-purpose is to provide training on how to collaborate efficiently in a project team consisting of people with different backgrounds and skills. Another sub-purpose is to provide students with an in-depth ability to identify and solve interaction problems related to next-generation interaction technologies connecetd to applications within e.g. learning, sustainability and robotics.","['advanced interactive digital environments', 'software, design and cognition', 'next-generation interaction technologies', 'project development', 'user testing']","['demonstrate knowledge on the potential of using digital artifacts and environments for learning, education, entertainment, industrial application, health care, information, etc.', 'be able to discuss and compare different solutions and argue for the choice made, in a professional manner', 'be able to justify how user testing will be applied - scope, methods, etc. - in their course project', 'be able to reason about issues of methodology and relevance in a professional manner', 'demonstrate the knowledge and understanding required to act as a key figure in a development project within this area', 'be able to carry out a project under the criteria and milestones decided by the course teachers along with the project team', 'be able to contribute significantly to a project, in a project team with mixed skills, aimed at developing/redeveloping an interactive system/prototype/artifact', 'be able to argue for the priorities made during the development of such a system', 'be able to hold dialogues with different groups and to work effectively in mixed teams with different skills', 'be able to define concepts in such a way that different perspectives, disciplines and areas of expertise can be brought together and thus serve as project manager for a team of people with different knowledge background', 'demonstrate preparedness to deal with the unpredictability of problems involving humans and their interactions with an increasingly complex environment', 'demonstrate awareness of ethical aspects of research and development', 'understand the value in tackling problems in more than one way due to the advantages and disadvantages of different methods, and to understand how and why it is advantageous to combine certain methods with each other', 'recognize the importance of inserting a project in different contexts and relate to the requirements and perspectives of others.']","['MAMN10 Interaction 1: Neuro Modelling, Cognitive Robotics and Agents', 'TEK210/EXTA65 Cognition or MAMA20 and at least one of MAMN25, MAMF60, MAMA15, MAM101/MAMF45 or MAM120/MAMF50.']","['participation in seminars', 'approved project work (report + individual reflection + video)']",MAMN15
Software Testing,7.5 credits,MSc,"The objective of the course is to give basic and advanced knowledge and skills within testing and reviews for large-scale development of systems completely or partly based on software. The course gives practical skills in methods and techniques for software testing. Further, the course aims to train the student in searching and assessing knowledge at the research front in software testing.","['Verification and validation activities at different levels in software development', 'Planning, design, execution/reporting, and analysis', 'Different types of verification and validation and trade-offs between them', 'Test techniques: equivalence class partitioning, coverage-based testing, combinatorial testing', 'Test management: data collection during reviews and testing, defect management, test organizations, test tools, social aspects in reviews and tests, differences and similarities between different types of systems']","['Define basic concepts and principles within software testing', 'Give an account of the most common techniques for software testing and reviews', 'Describe the relation between the software testing process and other processes in the product lifecycle, as well as organizational issues', 'Describe foundational tools for testing and their features', 'Describe the relation between verification and the requirements of a software system in terms of functionality and quality', 'Report an in-depth area of own choice, and demonstrate theoretical depth or practical application, related to the state-of-art of the area', 'Motivate the choice of test strategy and organization for different types of software systems', 'Analyse and create test cases for white box and black box testing', 'Perform a review', 'Apply a systematic approach for software debugging', 'Understand the complexity of the task to perform tests and reviews of different types of software systems and be aware of the costs and the impact of different testing activities during the development of a software product', 'Value and synthesize the information given in published scientific articles about software testing']","['EDAF45 Software Development in Teams - Project OR ETSF25 The Business of Software OR ETSN05 Software Development for Large Systems, performed course tasks OR ADAG05 Agile Software Development - Project', 'EDA016 Programming, First Course or EDA017 Programming, First Course or EDAA10 Computer Programming in Java or EDAA20 Programming and Databases or EDAA45 Introduction to Programming or EDAA50 Programming, First Course or EDAA55 Programming, First Course or EDAA65 Programming, First Course or EDAB05 Introduction to Programming or EDAA85 Introduction to Programming']","['Written examination', 'Project in teams', 'Lab reports and attendance at lab occasions']",ETSN20
Data Analysis: Statistical Learning and Visualization with Project,7.5 credits,BSc,The course begins with an overview of basic data wrangling and visualisation. With a focus on the student's ability to identify and illustrate important features of the data. Then important methods in statistical learning are introduced. Emphasis is given supervised and unsupervised learning. Issues arising from fitting and evaluating multiple models as well as the methods relationship to linear regression are discussed. Computer based labs and projects form an important part of the learning activities. The course concludes with a project where the students will select suitable methods to analyze a given data material.,"['Basic methods for data handling and common visualisation methods for data', 'Methods for supervised learning such as: regression and decision tree methods for classification and regression problems', 'Overview of methods for unsupervised learning such as: clustering and hierarchical clustering', 'Methods for model selection and validation such as: bootstrap, split of data into training and test, and cross-validation']","['Describe different ways of aggregating, summarising and visualising data.', 'Explain the principles of supervised learning.', 'Explain the importance of evaluating models based on their predictive ability.', 'be able to wrangle, present and visualise data to highlight important features in a complex data material.', 'be able to use common methods for supervised learning.', 'be able to draw conclusions regarding a data material, based on results from classification and regression methods.', 'be able to use common method for evaluation of predictive ability on out-of-sample data.', 'present the analysis and conclusions of a practical problem in a written report,by the help of literate programming.', 'Reflect over the limitations of the chosen model and method, as well as alternative solutions.', 'Reflect over the possible issues with fitting multiple models to the same data material.']",['A basic course in mathematical statistics and knowledge in linear algebra.'],"['Lab reports', 'Peer review of reports', 'Preparation of materials and active participation in at least six of twelve scheduled labs', 'Written and oral presentation of the final project']",FMSF90
Data Analysis: Statistical Learning and Visualization,6.0 credits,BSc,The course begins with an overview of basic data wrangling and visualisation. With a focus on the student's ability to identify and illustrate important features of the data. Then important methods in statistical learning are introduced. Emphasis is given supervised and unsupervised learning. Issues arising from fitting and evaluating multiple models as well as the methods relationship to linear regression are discussed. Computer based labs and projects form an important part of the learning activities.,"['Basic methods for data handling and common visualisation methods for data', 'Methods for supervised learning such as: regression and decision tree methods for classification and regression problems', 'Overview of methods for unsupervised learning such as: clustering and hierarchical clustering', 'Methods for model selection and validation such as: bootstrap, split of data into training and test, and cross-validation']","['Describe different ways of aggregating, summarising and visualising data.', 'Explain the principles of supervised learning.', 'Explain the importance of evaluating models based on their predictive ability.', 'be able to wrangle, present and visualise data to highlight important features in a complex data material.', 'be able to use common methods for supervised learning.', 'be able to draw conclusions regarding a data material, based on results from classification and regression methods.', 'be able to use common method for evaluation of predictive ability on out-of-sample data.', 'present the analysis and conclusions of a practical problem in a written report, by the help of literate programming.', 'Reflect over the limitations of the chosen model and method, as well as alternative solutions.', 'Reflect over the possible issues with fitting multiple models to the same data material.']","['At least 4.5 credits (hp) in Mathematical Statistics (FMSF20, FMSF50, FMSF70, FMSF75, FMSF80 or equivalent) OR both one course in Calculus in Several Variables and one course in Linear Algebra.', '(FMAA20 Linear Algebra with Introduction to Computer Tools or FMAA21 Linear Algebra with Numerical Applications or FMAB20 Linear Algebra or FMAB22 Linear Algebra) and (FMAB30 Calculus in Several Variables or FMAB35 Calculus in Several Variables)', 'A basic course in mathematical statistics and knowledge in linear algebra.']","['Lab reports', 'Peer review of reports', 'Active participation in at least six of the twelve scheduled labs, with at least one scheduled lab per report']",FMSF86
,,,,[],[],[],[],MASC06
Requirements Engineering,7.5 credits,MSc,The objective of the course is to give basic and advanced knowledge and skills within requirements engineering for large-scale development of systems completely or partly based on software. The course gives both theoretical knowledge and practical skills in methods and techniques for requirements engineering. The course gives training in scientific paper reading.,"['Requirements on different abstraction levels and in different contexts', 'Sub-processes of requirements engineering and their relation', 'Specification of data requirements, e.g. using virtual windows and data models', 'Specification of functional requirements, e.g. using textual feature requirements and task descriptions', 'Specification of different types of non-functional requirements, e.g. usability, performance, reliability', 'Different techniques for requirements elicitation, e.g. focus groups', 'Different techniques for requirements validation, e.g. inspections', 'Different techniques for requirements prioritisation, e.g. pair wise comparisons', 'Market-driven requirements engineering, product management and prioritisation']","['define basic concepts and principles within requirements engineering', 'give an account of several different types of requirements', 'describe and value several different methods and techniques for requirements engineering', 'describe and relate different sub-processes within requirements engineering', 'describe the relation between the requirements engineering process and other processes in the product lifecycle', 'describe the relation between requirements engineering and market-driven product management', 'discuss some scientific results within requirements engineering research', 'choose suitable requirements techniques for a given context', 'apply several different techniques for requirements elicitation', 'apply several different techniques for requirements specification', 'apply several different techniques for requirements validation', 'apply several different techniques for requirements prioritisation', 'consciously select a process depending on the nature of the requirements', 'show a systematic and long-term approach to processes', 'consciously see the problem in the relation between the quality of requirements and the quality of the resulting implementation', 'adequately involve users in the requirements engineering process', 'consciously see the problem in the relation between requirements engineering and economical aspects of product development']","['EDA260 Software Development in Teams – Project', 'EDA270 Coaching of Programming Teams', 'EDAF45 Software Development in Teams - Project', 'EDAG05 Agile Software Development - Project', 'EDAN80 Coaching of Programming Teams', 'ETS032 Software Development for Large Systems', 'ETSA01 Software Engineering Process - Methodology', 'ETSA02 Software Engineering - Methodology', 'ETSA03 Software Engineering - Methodology', 'ETSA05 Software Engineering Process - Soft Issues', 'ETSF01 Software Engineering Process - Economy and Quality', 'ETSF20 Software Development for Large Projects', 'ETSF25 The Business of Software', 'ETSN05 Software Development for Large Systems', 'MAMN01 Advanced Interaction Design']","['written exam', 'project work', 'lab sessions']",ETSN15
Theoretical Perspectives in Interaction Design,7.5 credits,MSc,The student shall acquire a good theoretical foundation with regards to contemporary interaction design theory and be able to apply theory as well as evaluate others use of theory within the field of interaction design.,"['Usability', 'user experience', 'human factors', 'design thinking', 'philosophical and theoretical perspectives on interaction design and technology', 'activity theory', 'distributed cognition', 'post cognitive trends and AI', 'ethnomethodology and situated cognition', 'phenomenography and post phenomenography']","['Describe and discuss major theoretical perspectives within the field interaction design.', 'Compare and relate major theoretical perspectives within the field of interaction design to each another.', 'Show a profound depth knowledge of at least one theoretical perspective.', 'Thoughtfully choose and apply theoretical perspectives in the field of interaction design to a given task, which can be purely theoretical or related to a research project.', 'Show the ability to summarize the essence of one theoretical perspective and communicate it to others.', 'Show the ability to communicate the interactive features of interactive products and services using concepts and principles from the field of interaction design.', 'Show the ability to assess others application of theory in the field of interaction design and be able to suggest potential areas for improvement.', 'Thoughtfully suggest a theoretical foundation given a specific interaction design problem.']","['MAMA15 Interaction Design, Basic Course or MAMN25 Interaction Design or MAMF60 Interaction Design, Process Course or approved article seminar in MAMN25.']","['Written individual reflections', 'student led seminar and seminar outline', 'project report']",MAMN50
Virtual Reality in Theory and Practice,7.5 credits,Bachelor,"The student will gain practical and theoretical knowledge about Virtual Reality. Not only from a technical perspective, but also with an understanding of the complex interplay between human cognition and the technology.",[],"['Understanding of the complexity within human perception, and thus the great challenges for Virtual Reality.', 'Knowledge of the technology behind Virtual Reality and related areas', 'Fundamental and essential skills in designing and developing VR applications.', 'Basic skills in content creation, such as 3D models, sounds, textures and animations.', 'Understanding of both possibilities and limitations in current VR-technology.']",[],"['Project work', 'individual assignments', 'completed mandatory parts']",MAMF45
"Geospatial Data Structures, Programming and Analysis",7.5 credits,BSc,"The aim of the course is to achieve knowledge of concepts and methods in management and analysis of geospatial data. The course also aims at giving skills in programming with geospatial data, and an insight into algorithms and principles of visualisation relevant to geographic information technology.","['conceptual models for spatial phenomena', 'geospatial data structures in two and three dimensions', 'map projections', 'spatial analysis methods', 'cartographic visualisation of geospatial data', 'standard GIS software', 'algorithms and data structures for geospatial data', 'program libraries and APIs']","['be familiar with different conceptual models for spatial phenomena', 'be able to thoroughly describe how geospatial data are structured in two and three dimensions, and how they can be used in application development', 'be able to describe the implication of different map projections', 'be able to explain basic methods for spatial analysis', 'be able to describe cartographic aspects on visualisation of geospatial data', 'be able to thoroughly describe how standard software for analysis of geospatial data are constructed and what type of typical functionality they have', 'be familiar with the most common data sources and how these can, and should, be used', 'be able to use a geographic information system as a tool for geographical analysis', 'be able to APIs and program libraries in order to develop programs which utilizes geospatial data', 'be able to cartographically and graphically present geospatial data for specialists and lay persons', 'independently develop an application based on geospatial data', 'be able to critically assess geospatial data and have achieved a critical attitude towards analysis results', 'have the ability to evaluate the relevance of the specific structures and properties of geospatial data and analysis in relation to other digital data and techniques', 'show awareness of the technical and legal opportunities and limitations with applications of geospatial data']","['EDAA45 Introduction to Programming or EDAA55 Programming, First Course or EDAB05 Introduction to Programming']","['written examination', 'independent assignment', 'compulsory practical exercises', 'compulsory assignments']",EXTG80
"Management, Work Organisation and Project Management",7.5 credits,MSc,"The aim of the course is for the students to develop an understanding of how industrial work is organised with respect to the productivity of the production system as well as human needs and conditions. Furthermore, the aim of the course is for the students to develop the capability to motivate and apply methods and tools for planning, analyzing, communicating, manage and develop projects and organizations. The course also aims to contribute to insights into human conditions for management and employees, such as motivation, values and attitudes that supports a sustainable and innovative health-promoting leadership, which is in line with UN:s sustainable development goal 8 to promote sustained, inclusive and sustainable economic growth, full and productive employment and decent work for all.","['work organisation', 'management', 'participation', 'changes and improvements', 'innovation', 'organisational psychology', 'work organisation and productivity', 'stress and workload in working life', 'sustainable and innovative health promotion management', 'examples from industry', 'latest research']","['Define, discuss and relate basic concepts in management, project management and work organization.', 'Explain the design of work and production systems in relation to work satisfaction and productivity.', 'Be able to design a set-up for improvement activities in existing as well as future production systems.', 'Be able to use a set of technical tools for planning, communication, management, analysis and development of work organizations and projects.', 'Be able to perform and present, orally and in writing, a group project.', ""Individually and in collaboration with other participants be able to reflect on the course's theoretical content and pedagogical enactment.""]",['Studies equivalent to three years at the five-year MSc program.'],"['Written examination', 'Project work']",MAMN30
Augmented Reality - Interaction,7.5 credits,MSc,"The course aims to support students to gain in-depth knowledge of AR interaction by using techniques from different areas such as computer vision techniques, tracking techniques, and rendering methods. These techniques will be applied for interaction with different modalities. The aim of the course is to get a broader perspective on the challenges related to UN sustainable goals. The course is highly project-oriented and the students get in-depth knowledge about AR interaction by working hands-on with different types of AR technology. A programming project is carried out in groups. The project trains students ability to understand the state of the art and apply this in a research or industry-related project. The project is supported by lectures and seminars. The complexity of the project assignments may vary but all include technical development and in-depth learning in how to design AR interaction. The course is a project course based on the challenges related to UN sustainable goals.","['AR interaction', 'computer vision techniques', 'tracking techniques', 'rendering methods', 'interaction with different modalities', 'prototype development', 'usability testing', 'scientific report writing']","['show in-depth knowledge of how different techniques can be applied when designing AR interaction', 'demonstrate knowledge about the specific possibilities and limitations of AR interaction', 'show awareness of how to design AR interaction based on the needs, wishes, limitation, and abilities of a particular set of users and for a particular set of contexts and tasks.', 'be able to develop a prototype that demonstrates a specific type of AR interaction using best practices from the field of interaction design', 'demonstrate the ability to critically and independently review research articles and reports in the field of AR interaction', 'be able to evaluate AR interaction concepts and prototypes using tools and methods from the field of usability testing', 'be able to write a scientific or technical report, about the AR interaction project.', 'show readiness to deal with the challenges and unpredictability that occur when designing AR interaction', 'show awareness of the ethical aspects that will arise due to the unique characteristics of AR technology.']","['(MAMN25 Interaction Design or MAMA20 Cognition and Interaction Design or MAMA15 Interaction Design, Basic Course) and MAMF45 Virtual Reality in Theory and Practice']","['attendance at compulsory elements', 'project work including a written report']",MAMN60
Extended Reality (XR) - Continuation Course,7.5 credits,MSc,"Extended reality (XR) is an umbrella term that refers to virtual reality (VR), augmented reality (AR) and related technologies that aim at delivering computer-generated, spatial stimuli to the senses of a human user. The purpose of this course is to deepen the students’ understanding for how the complex interplay between emerging technologies and human aspects (e.g. ethics and human factors) affect XR and its use in different fields such as learning, sustainability and health,","['XR ethics', 'human factors', 'emerging technologies', 'XR applications', 'XR research design']","['show in-depth knowledge on ethical aspects, individual as well as societal, connected to the application of XR technology.', 'demonstrate knowledge about human factors issues related to XR technology.', 'demonstrate knowledge on how XR technology can be applied in research, industry, culture and public sector.', 'be able to inform themselves on relevant emerging technologies and evaluate their eventual usefulness for different types of XR systems and applications', 'be able to perform an ethical analysis of an existing or intended XR system', 'demonstrate the ability to plan research endeavors that involves XR technology.', 'demonstrate a sensitivity to the opportunities and threats of applying XR technology in different fields.']",['MAMF45 Virtual Reality in Theory and Practice or MAMN60 Augmented Reality - Interaction'],"['Written individual assignments', 'participation in student led seminars', 'project report']",MAMN65
Digital Communications,7.5 credits,BSc,"The aim of this course is to give basic knowledge of principles, concepts, functioning, performance and limitations of digital communication systems.","['Introduction to digital communication links', 'Transmitter design: binary and M-ary modulation (PSK, QAM, FSK, OFDM)', 'MIMO systems', 'Multiple access techniques', 'Communication channel: multipath propagation, noise, AWGN', 'Transmission media: air, metallic conductors, optical fibers', 'Receiver principles (MAP, ML), synchronization, bit error probability', 'Diversity', 'Inter-symbol interference (ISI)', 'Applications: mobile telephony (3G, EDGE, GSM), WLAN, modem, ADSL, digital TV, Bluetooth, GPS, surveillance']","['be able to identify and formulate problems within the area of digital communications', 'be able to classify the level of difficulty of problems related to the his/her own level of knowledge', 'be able to make a model of a low-complexity communication link using the blocks transmitter - communication channel - receiver', 'be able to analyse and describe uncoded digital communication system of low and medium complexity', 'be able to suggest and formulate technical solutions for uncoded digital communication systems of low and medium complexity', 'be able to show ability to handle new concepts, methods and results', 'be able to show insight concerning possibilities and limitations of digital communication systems']","['FMAA01 Calculus in one variable or corresponding, and two years of studies at a technical university']","['written exam', 'laboratory work']",EITG05
Concurrent Programming,7.5 credits,MSc,"Concurrent programs combine parallel, asynchronous activities, frequently interacting with a physical environment. Applications include control systems, network communication, and interactive systems. The course aims to give students ability and skills to design robust, efficient, and well-structured concurrent programs.","['Basic concepts: concurrent activities, busy-wait and polling, synchronization and communication, atomic operations such as test-and-set, and mutual exclusion', 'Synchronization and signaling in shared-memory applications: locks, monitors', 'Synchronization and signaling in message-passing applications', 'Concurrency in interactive systems with callbacks', 'Analysis of deadlock and livelock', 'Lockfree algorithms and atomic operations', 'Central aspects of the Java concurrent package, such as locks, semaphores, thread pools, tasks, and blocking queues', 'Overview of multicore hardware, real-time operating systems, scheduling']","['be familiar with and be able to describe how threads execute and are synchronized in a concurrent program', 'be familiar with causes for race conditions, and techniques for avoiding them', 'be familiar with causes for deadlock, and techniques for avoiding it', 'be able to design concurrent reactive software based on application requirements and prescribed interfaces to the environment', 'be able to implement and debug multi-threaded software', 'be able to perform simple deadlock analysis for a small system of threads and resources', 'be able to compare and discuss design and implementation options for concurrent programs', 'be able to make trade-offs between performance and implementation complexity in concurrent programs']","['At least 90 credits.', 'EDAA01 Programming - Second Course or EDAA30 Programming in Java - Second Course']","['Compulsory lab work', 'Written examination']",EDAP10
Modern Wireless Systems - 5G and Beyond,7.5 credits,MSc,"This course considers the latest technology development in wireless communications, including 5G and LTE systems. These systems are high performing and represent ""state-of-the-art"" in many aspects. A central part of this course is to give detailed knowledge of the communication methods that are used in down-link and in up-link, respectively, that make these high performance increases possible. This course also includes trends for future system solutions. The aim of this course is to give good knowledge concerning principles, concepts, functioning, performance and limitations for such systems for mobile communications.","['Evolution of wireless communication from 1G up to 5G', '5G Standardization and spectrum allocation', 'Introduction to OFDM: single-carrier communication VS multi-carrier communication', 'The role of FFT in OFDM signals generation: advantages and disadvantages', 'Multipath propagation effects onto OFDM signals: the importance of cyclic prefix insertion', 'Channel estimation in OFDM systems', 'Introduction to LTE', 'LTE Signals’ structure', 'LTE Channel-dependent scheduling', 'LTE Radio-interface architecture', 'LTE Transport-channel processing', 'LTE Physical-layer control signaling', 'LTE Initial access overview', 'LTE Random access channel overview', 'A smooth transition to 5G/NR from LTE (5G/NR Introduction)', '5G/NR Signals’ structure', '5G/NR Radio-interface architecture', '5G/NR Transport-channel processing', '5G/NR Multi-antenna transmission and beam management', '5G/NR Physical-layer control signaling', '5G/NR Initial access overview', 'Successful examples of future applications in 5G/NR', 'Vision and thoughts towards 6G', 'Professionals from leading companies talk about the development of wireless technologies']","['be able to show a significantly deeper knowledge concerning modern systems for mobile communications', 'be able to critically analyse and describe modern systems for mobile communications from an overall perspective', 'be able to identify, formulate, and handle complex problems within the area of multi-user communication', 'be able to suggest technical solutions based on 5G/LTE concepts that satisfy given performance requirements', 'be able to independently work in a creative way with advanced projects, and also orally and in writing clearly present, motivate and discuss obtained conclusions', 'be able to show ability to make judgements with respect to relevant scientific, social, and ethical aspects']",['ETT051/EITG05 Digital Communications'],"['Written examination (5 hours)', 'Laboratory work report', 'Oral presentation of laboratory work']",EITP30
Stationary Stochastic Processes,7.5 credits,G2 (First Cycle),"The student shall aquire a toolbox containing concepts and models for description and handling of stationary stochastic processes within many different areas, such as, signal processing, automatic control, information theory, economics, biology, chemistry, and medicine. The mathematical and statistical elements are therefore illustrated using a wide variety of examples from different areas of application.","['Models for stochastic dependence', 'Concepts of description of stationary stochastic processes in the time domain: expectation, covariance, and cross-covariance functions', 'Concepts of description of stationary stochastic processes in the frequency domain: effect spectrum, cross spectrum', 'Special processes: Gaussian process, Wiener process, white noise, Gaussian fields in time and space', 'Stochastic processes in linear filters: relationships between in- and out-signals, auto regression and moving average (AR, MA, ARMA), derivation and integration of stochastic processes', 'The basics in statistical signal processing: estimation of expectations, covariance function, and spectrum', 'Application of linear filters: frequency analysis and optimal filters']","['be able to perform calculations using expectations, variance, covariance, and cross-covariance within and between different stationary processes', 'be able to calculate the relationship between covariance properties in the timedomain and spectral properties in the frequency domain for one and several processes', 'be able to formulate linear filters using covariance and spectral properties', 'be able to estimate covariance function, spectrum, and other parameters in stationary processes using data', 'Model observational data as a simple stochastic process', 'be able to identify natural situations where a stationary process is a suitable mathematical model, e.g., within at least one engineering, science, or economics application', 'be able to formulate a stationary stochastic process model using a concrete problem within the chosen application', 'be able to suggest model parameters, with the help of data', 'be able to interpret the model and translate model concepts to a conclusion regarding the original problem', 'be able to read and interpret technical literature with elements of stationary processes within the chosen application', 'be able to describe the model structure and the conclusions', 'be able to describe the possibilities and limitations of stochastic models']","['A basic course in mathematical statistics', 'Knowledge in complex and linear analysis', 'Linear Algebra (e.g., FMAA20, FMAA21, FMAB20, or FMAB22)', 'Calculus in Several Variables (e.g., FMAB30 or FMAB35)', 'Mathematical Statistics, Basic Course (e.g., FMSF20, FMSF25, FMSF32, FMSF45, FMSF50, FMSF55, FMSF70, FMSF75, or FMSF80)']","['Written exam', 'Compulsory computer exercises']",FMSF10
,,,,[],[],[],[],MASC14
"Digital Communications, Advanced Course",7.5 credits,MSc,"The aim of this course is to give very good knowledge of advanced digital communication methods. The course gives a broad and deep understanding such that many of the communication methods used today, as well as many future methods, can be understood.","['Signal space description', 'Combined coding and modulation', 'Fading channels', 'Applications (Mobile digital telephony, WLAN, modem, ADSL, digital TV, Bluetooth, navigation (GPS), radar, surveillance systems)']","['be able to show a significantly broader and deeper knowledge within the area of digital communications', 'be able to critically analyse and describe advanced digital communication systems from an overall perspective', 'be able to identify, formulate and handle complex problems within the area of digital communications', 'be able to suggest technical solutions for digital communication systems satisfying given performance requirements', 'be able to independently work in a creative way with advanced projects, and also orally and in writing clearly present, motivate and discuss obtained conclusions', 'be able to show ability to make judgements with respect to relevant scientific, social and ethical aspects']",['ETT051/EITG05 Digital Communications'],"['Written exam', 'Project work', 'Laboratory lesson']",ETTN01
Cryptography,7.5 credits,MSc,This course is intended to be an introduction to the fascinating subject of cryptography. It provides both a firm ground in the fundamentals and a feel for advanced subjects for anyone interested in employing cryptography in the area of data security.,"['Classical cryptography', ""Shannon's theory of secrecy"", 'Shift register theory and stream ciphers', 'Block ciphers', 'Public key cryptography', 'Hash functions', 'Authentication codes', 'Secret sharing', 'Projects: Factoring, Shift register sequences, Correlation attacks']","['be able to describe different building blocks used in cryptology', 'be able to describe the general problems that are addressed by cryptology', 'be able to explain the principles behind different cryptographic primitives', 'be able to identify and formulate problems in the area of cryptology', 'be able to provide descriptions of how cryptographic primitives can be used in security systems', 'be able to show that you are capable of choosing suitable parameters to cryptographic primitives as well as analyze various constructions from a security perspective']","['A first course in programming', 'Basic mathematics like linear algebra and probability theory']","['written exam', 'project work']",EDIN01
Machine Learning for Internet of Things (IoT),7.5 credits,MSc,The purpose of the course is to provide an introduction to artificial intelligence and machine learning techniques for IoT systems e.g. wearable sensors for health monitoring.,"['Introduction to IoT systems and the challenges and opportunities in this domain', 'Introduction and foundation of machine learning and deep neural networks in the context of IoT systems e.g. for wearable devices and sensors for health monitoring and medical informatics', 'Machine learning for IoT systems and distributed resource-constrained platforms']","['understand the IoT domain and the corresponding challenges and opportunities', 'understand the state-of-the-art machine learning and artificial intelligence techniques', 'understand the fundamental ideas behind the state-of-the-art machine learning techniques in the context of IoT systems e.g. in wearable sensors for health monitoring and medical informatics', 'analyze the suitability of a given machine learning technique for IoT systems', 'apply and implement the state-of-the-art techniques in machine learning and artificial intelligence in the context of IoT systems', 'evaluate and validate the existing machine learning techniques for IoT systems, in terms of relevant domain metrics', 'show knowledge of the possibilities and limitations of artificial intelligence and machine learning in the context of IoT systems', 'independently develop, train, and implement machine learning techniques on IoT systems and investigate the results obtained']","['Programming', 'Basic probability, statistics, algebra', 'Basic machine learning']","['Approved laboratory assignments', 'Approved final project']",EITP40
"Mathematical Statistics, Time Series Analysis",7.5 credits,MSc,"The overall purpose of the course is to give the students practical and theoretical knowledge in modelling, estimation, validation, prediction, and interpolation of time discrete dynamical stochastic systems, mainly linear systems. The course also gives a basis for further studies of time series systems, e.g. Financial statistics and Non-linear systems.","['Further studies of ARMA-processes', 'Non-stationary models, slowly decreasing dependence', 'Transformations', 'Optimal prediction and reconstruction of processes', 'State representation, principle of orthogonality, and Kalman filtering', 'Parameter estimation: Least squares and Maximum likelihood methods as well as recursive and adaptive variants', 'Non-parametric methods, covariance estimation, spectral estimation', 'An orientation on robust methods and detection of outliers']","['be able to construct a model based on data for a concrete practical time series problem', 'be able to perform simple transformations of a non-stationary time series into a stationary time series', 'be able to predict and interpolate in linear time series models', 'be able to estimate parameters in linear time series models and validate a resulting model', 'be able to construct a Kalman-filter based on a linear state model', 'be able to estimate in time varying stochastic systems using recursive and adaptive techniques', 'be able to present the analysis of a practical problem in a written report and present it orally', 'be able to reflect over the limitations of the chosen model and method, as well as alternative solutions']","['FMSF10 Stationary Stochastic Processes', 'FMSF20 Mathematical Statistics, Basic Course', 'FMSF25 Mathematical Statistics - Complementary Project', 'FMSF32 Mathematical Statistics', 'FMSF45 Mathematical Statistics, Basic Course', 'FMSF50 Mathematical Statistics, Basic Course', 'FMSF55 Mathematical Statistics, Basic Course', 'FMSF70 Mathematical Statistics', 'FMSF75 Mathematical Statistics, Basic Course', 'FMSF80 Mathematical Statistics, Basic Course']","['Written and oral project presentation', 'compulsory computer exercises', 'bonus assignments for higher grade']",FMSN45
,,,,[],[],[],[],MASM17
Simulation,7.5 credits,Second Cycle,"The purpose of the course is to give an introduction to and ability to perform discrete event simulation, basic optimization approaches, and heuristic methods such as simulated annealing, tabu search and evolutionary algorithms. The course also covers the examination goals of being able to work effectively within different group settings and being able to carry out tasks within given set time frames.","['Discrete event simulation', 'Process-oriented and event-scheduling simulation programs in Java', 'Accuracy estimation', 'Random number generation', 'Rare events', 'Verification and validation', 'Linear programs (LP)', 'Simplex algorithm', 'Integer programming (IP)', 'Mixed Integer Programming (MIP)', 'Branch-and-bound method', 'Heuristic and meta-heuristic methods', 'Local search', 'Simulated annealing', 'Tabu search', 'Evolutionary algorithms', 'Monte Carlo techniques']","['Have knowledge about different kinds of dynamic models that are used in engineering', 'Describe the event-scheduling and the process-oriented approach to writing simulation programs, plan and structure implementation of simulations', 'Know how to estimate the accuracy of simulation results and their validity', 'Know the basic functions in optimization theory', 'Know how to solve linear optimization problems', 'Be familiar with the most common heuristic methods for optimization', 'Know how to solve integer optimisation problems', 'Write well-structured simulation programs in a general programming language, specifically JAVA', 'Estimate the accuracy and reliability of simulation results', 'Be able to verify and validate simulation programs', 'Know the basic concepts of a Linear Program (LP), convexity, and duality', 'Be able to apply the simplex algorithm to linear programming problems', 'Know the basic concepts of Integer Program (IP) and the connection between IP and LP', 'Be able to apply the branch-and-bound method to IP', 'Have a thorough knowledge of the most common heuristic and meta-heuristic methods including local search and its variations, simulated annealing, tabu search and evolutionary algorithms', 'Be able to implement heuristic and meta-heuristic methods, and configure the parameters involved in these methods', 'Know the concepts of the Monte Carlo method, and be able to implement it for a given optimization problem', 'Work effectively in a group setting', 'be able to plan and finish tasks within given set time frames', 'Show knowledge of the possibilities and limitations of simulation experiments', 'Be able to construct models of systems, implement these in software and investigate the confidence in the results obtained from simulation studies', 'Be able to independently construct models for optimization problems and to apply an optimization package (such as MATLAB or alike) for solving them with full understanding of the solution process and evaluate output data', 'Be able to choose and apply a heuristic method to solve optimization problems']","['Programming in JAVA', 'Basic probability', 'Statistical methods', 'Mathematical analysis']","['take-home assignments', 'laboratory work', 'oral examination']",EITN95
Information Theory,7.5 credits,MSc,"The aim of this course is to give the students knowledge of principles for information storage and transmission of information, and the use of binary representation of information. The course also gives knowledge of the performance and fundamental boundaries of todays and tomorrows communication systems.","[""Shannon's information measures entropy and mutual information, both for the discrete and continuous case"", 'Source coding: Optimal coding and Huffman codes, as well as universal source coding such as Ziv-Lempel coding and Huffman coding using estimation of distributions', 'Typical sequences, Source coding theorem and Channel coding theorem', 'Channel coding: Principles of error detection and correction on a noisy channel, mainly illustrated by Hamming codes', 'Gaussian channel: Continuous sources and additive white noise over both band limited and frequency selective channels, with examples like OFDM and MIMO', 'Discrete input Gaussian channel: Maximum achievable rates for PAM and QAM, Coding and Shaping gain, and SNR gap']","['be able to identify and formulate problems within the area of Information Theory', 'be able to classify the level of difficulty of problems related to the his/her own level of knowledge', 'be able to show ability to handle new methods and results', 'be able to set up requirements on implementation of algorithms in the course', 'be able to realize systems for the algorithms presented in the course', 'be aware of what parameters set up the boundaries for reliable communications as well as the compression ratio of a source']","['Basic course in probability theory', 'ETT051/EITG05 Digital Communications']","['written examination', 'coursework assignments', 'Hand in problems']",EITN45
Internet Inside,7.5 credits,MSc,This course focuses on prototyping an internet-based communikation system. In the course a solution is implemented that uses a modular system where the students can set their own design goals.,"['Internet-based systems', 'prototyping', 'modular system design', 'digital communication systems']","['analyze and describe system of low and medium complexity', 'test och debug a design in a systematic way', 'profit by search relevant information', 'Be able to suggest and formulate technical solutions for digital communication systems fulfilling given demands', 'Be able to independently work in a creative way with advanced projects, and also orally clearly present, motivate and discuss obtained conclusions', 'Be able to show insight concerning possibilities and limitations of Internet-based systems']","['EDA016 Programming, First Course or EDA017 Programming, First Course or EDAA45 Introduction to Programming or EDAA55 Programming, First Course or EDAB05 Introduction to Programming', 'Accustomedness to work independently, and knowledge equivalent to one of the courses EITF25/EITA55/ETSF05/ETSF10/ETSF15/EITF45 and/or its course literature.']","['Approved project presentation', 'Meeting with the examiner where each group presents their implementation and demonstrates a functioning system']",EITN30
Network Dynamics,7.5 credits,MSc,"Networks are ubiquitous in our modern society: infrastructure networks, providing communication, transportation, energy services; social networks, determining our information, influencing our opinions, and shaping our political views; economic and financial networks, determining the nature of economic interactions and financial linkages; and natural networks (e.g., biological and physical networks), governing the evolution and spread of natural phenomena.This course will provide an introduction to and some analysis of the main mathematical models used to describe large networks and dynamical processes that evolve on networks. Motivation and applications will be drawn from social, economic, natural, and infrastructure networks, as well as networked decision systems such as sensor networks.","['Basic graph theory: connectivity, degree distributions, trees, adjacency matrices, spectrum', 'Random graphs: Erdos-Renyi, configuration model, preferential attachment, small-world, branching process approximations', 'Flows and games on graphs: max-flow, min-cut, optimal transport, Wardrop equilibria, evolutionary dynamics', 'Random walks on graphs: invariant distributions, hitting times, mixing times', 'Dynamical systems on graphs: distributed averaging, interacting particle systems, epidemics, opinion dynamics; Mean-field and branching process approximations']","['know the basic principles of graph theory and apply them to model real-world networks', 'have insight in the basic differences between different models of random graphs', 'be familiar with the properties of random walks on graphs', 'be able to analyze simple dynamical systems over networks', 'understand emerging phenomena in large-scale networks', 'be able to give an overview of modern directions in network science', 'be able to analyze properties of (random) graphs both quantitatively and qualitatively', 'be able to handle basic analytical computations for random walks', 'be able to analyze simple dynamical systems over networks and to relate their behavior to the network structure', 'be able to use computer tools for simulation and analysis of networks', 'be able to understand relations and limitations when simple models are used to describe complex networks', 'be able to evaluate dominating emerging phenomena in network dynamics']","['Basic knowledge within mathematics, mathematical statistics, and linear dynamical systems, including Linear Algebra, Calculus in Several Variables, Mathematical Statistics, Basic Course, and Linear Systems or Automatic Control, Basic Course']","['Written exam (5 hours)', 'Homework Assignment 1', 'Homework Assignment 2', 'Homework Assignment 3']",FRTN30
Project in Wireless Communication,7.5 credits,MSc,"The aim is to, through project work, give a comprehensive view of how the different building blocks in a wireless communication system work and interact. The students should after the course be able to simulate and prototype a wireless communication system built from different sub-blocks including both the physical layer and basic control mechanisms. They should thereby get a good understanding of how the performance of a communication system can be evaluated through simulations and how these simulations can be used in the system design process.","['wireless communication system building blocks', 'physical layer and control mechanisms', 'simulation and prototyping', 'system design and performance evaluation', 'audio and radio channel communication']","['understand the properties of building blocks and their interaction in a complete wireless communication system', 'be familiar with techniques for simulating or evaluating system performance', 'analyze and describe properties of a sub-block in a wireless communication system and suggest suitable implementation', 'construct a radio communication system using these blocks', 'prototype a wireless communication link from a project description', 'have a comprehensive view of how sub-blocks interact', 'evaluate and verify performance of a communication system']","['EITG05 Digital communication', 'ETTN01 Digital Communications, Advanced Course']","['assignments', 'written project report', 'oral presentation']",EITN21
Multiple Antenna Systems,7.5 credits,MSc,"The aim of this course is to provide a comprehensive treatment of the area of multiple antenna systems for wireless communications. It begins with the theoretical aspects of multiple antenna or multiple-input-multiple-output (MIMO) systems, which predicts huge performance gains in comparison to conventional single antenna systems. The theoretical results provided the momentum for practical implementations, several aspects of which will be covered in the course in order to give an understanding of how the system works in reality.","['Background of multiple antenna systems and basic concepts', 'Propagation channel in multiple antenna systems', 'Capacity of multiple antenna systems', 'Space-time coding', 'Receiver structures', 'Exploiting channel knowledge at the transmitter', 'Multiuser scheme']","['be able to establish the key benefits of applying multiple antenna systems', 'be able to distinguish between different types of multiple antenna systems', 'be able to explain the role of propagation channel (including effects of antennas) on the capacity of multiple antenna systems', 'be able to account for the differences in system performance resulting from the possible availability of channel knowledge', 'be able to identify relevant implementation issues of multiple antenna systems, including practical coding schemes and performance limits/tradeoffs.', 'be able to qualitatively demonstrate the operating principles of multiple antenna systems, under both spatial multiplexing and spatial diversity schemes', 'be able to calculate the channel capacity of multiple antenna systems for a given setup', 'be able to quantitatively demonstrate the benefit of spatial multiplexing and spatial diversity.', 'be able to implement, in simulations, different receiver structures and evaluate their respective performance', 'be able to make use of simulation tools such as Matlab to solve simple design problems with a set of system performance requirements', 'Have a comprehensive view of how multiple antenna systems influence the system performance and how the technology can be used in wireless links.', 'Feel confident in the ability to evaluate the use of multiple antenna systems in a given wireless communication scenario.']",['EITN85 Wireless Communication Channels'],"['Written examination', 'Assignments']",EITN10
Signal Processing and Modeling for Wireless Communications,7.5 credits,MSc,"The aim of this course is to give very good knowledge of signal processing, analysis and modeling for wireless communication systems. The course provides a theoretic foundation for further studies on wireless communication systems.","['Stochastic processes (stationary and non-stationary)', 'Autocorrelation, cross-correlation, power spectral density (PSD), Doppler power spectrum, delay power spectrum', 'Signal space and equivalent complex baseband representation', 'Optimal estimation (MMSE) and detection with MAP-receivers using matched filters', 'Probability distributions, union bound, Chernoff bound, channel capacity, sampling theorem', 'Complex matrices (unitary, circulant, Hermitian) and matrix decomposition techniques', 'Fast Fourier transform (FFT) from a matrix perspective', 'Multiple-input multiple-output (MIMO) communication systems, channel matrices, covariance matrices, Gram matrices, and capacity', 'Marchenko-Pastur distributed singular values', 'Markov processes and state space models', 'Viterbi algorithm, soft-in soft-out detection', 'Graphs, graphical models, factor graphs, sum-product and min-sum algorithms', 'Coded modulation, turbo equalization, coded MIMO, EXIT chart analysis']","['analyze and describe signal processing algorithms and models for wireless communication', 'show a deep knowledge of how mathematical tools can be used to address problem formulations in wireless communication applications', 'identify, formulate and mathematically model complex problems within the area of wireless communications', 'suggest solution strategies and algorithms for problems in wireless communication systems', 'apply analysis tools to new applications', 'show ability to make judgements with respect to relevant scientific, social and ethical aspects']","['FMAA01 Calculus in One Variable', 'EITF75 (or EITG10) Systems and Signals', 'FMAB20 Linear algebra or equivalent', 'study experience equivalent to 2 years of studies at a technical university']","['written exam', 'home assignments']",EITP65
Calculus in Several Variables,6.0 credits,BSc,"The course aims at giving a basic treatment of calculus in several variables. Particular emphasis is given to the role this plays in applications in different subjects of technology, in order to give the future engineer a good foundation for further studies in mathematics as well as other subjects. The aim is furthermore to develop the student's ability to solve problems and to assimilate mathematical text.","['Functions of several variables', 'Partial derivatives', 'Differentiability', 'Tangent planes', 'Error propagation', 'Chain rule', 'Partial differential equations', 'Gradient', 'Directional derivative', 'Level curves', 'Stationary points', 'Curves', 'Tangents', 'Arc length', 'Surfaces', 'Tangent plane', 'Functional matrix', 'Jacobian', 'Implicitly given functions', 'Optimization', 'Double integrals', 'Triple integrals', 'Iterated integration', 'Change of variables', 'Improper integrals', 'Volume', 'Centre of gravity', 'Curve integrals', ""Green's formula"", 'Potentials', 'Exact differentials', 'Computer work using Maple']","['be able to compute with and handle elementary functions of several variables within the framework of the course with confidence, together with their derivatives and integrals.', 'be familiar with different representations of curves, surfaces and volumes in two and three dimensions, and be able to use them in computations.', 'be able to carry out (specified) changes of variables in partial differential equations, and by this means to solve such equations.', 'be familiar with the basic theory of optimization, local as well as global, and be able to find the solution in simple cases.', 'be able to demonstrate an ability to independently choose methods to evaluate double and triple integrals, and be able to carry out the solution essentially correctly, with correct limits for the integrations required for simple geometries.', 'be able to demonstrate an ability to independently choose method to evaluate a curve integral, and be able to carry out the solution essentially correctly.', 'be able to demonstrate a good ability to carry out algebraic calculations within the context of the course.', 'be able to give a general account of and to illustrate the meaning of such mathematical concepts in calculus in several variables that are used to construct and study mathematical models in the applications.', 'be able to account for the contents of some central definitions, theorems and proofs.', 'in the context of problem solving be able to demonstrate an ability to independently choose and use mathematical concepts and methods within calculus in several variables.', 'in the context of problem solving be able to integrate concepts from different parts of the course.', 'be able to demonstrate an ability to construct and analyse some simple mathematical models in calculus in several variables.', 'be able to show capability to explain mathematical arguments in a structured and logically clear way.', 'have a basic ability to use Maple for visualisation and formula manipulation, and be able to identify some of its possibilities and limitations.']","['Single variable calculus', 'Linear algebra']","['Written test comprising theory and problem solving', 'Computer work']",FMAB30
Intelligent Autonomous Systems,7.5 credits,MSc,"To give an introduction to several subdomains of intelligent autonomous systems and robotics, and to give an orientation about fundamental methods and algorithms within these domains. To convey knowledge about breadth and depth of the domain.","['Three layer architecture', 'Perception Action Cycle', 'Robotic architectures', 'world models', 'Robot Perception: Robot vision, 3D perception, sensors, 3D pose estimation', 'SLAM', 'Reasoning under uncertainty', 'MAP-Slam', 'Actuation: generic problem, navigation for mobile robots, path planning for the arm, parking, autonomous car (non-holonomic constraints for complicated motion planning), drones flying', 'Picking + placing as two examples', 'Picking: Table-top segmentation, object poses + grasping poses, Grippers', 'Placing: Force-based interaction, noisy actuation, visual servoing, iTasC, compliance', 'Skills, Reasoning and Planning: Skills, World knowledge, Planning']","['display basic knowledge concerning theory and methods related to the subdomains: integration of high-level knowledge with sensing, reasoning and actuation; robot planning on behavioural level as well as on actuation level; robot learning and calibration; robot vision; robot skills; human-robot interaction, ethical considerations; robotic architectures for autonomous robots that supports intelligent decision making capabilities', 'complete a number of problem based assignments related to: demonstrating the ability to evaluate the approaches in relevant scenarios; prepare relevant approaches; the ability to adapt the relevant approaches in relevant scenario', 'be able to judge suitability of a given approaches for intelligent robotics to a given problem', 'understand limitations of applicability of methods for intelligent robotics']","['EDAA01 Programming - Second Course', 'EDAA30 Programming in Java - Second Course', 'FRTF25 Introduction to Machine Learning, Systems and Control']","['laboratory work', 'optional written exam']",EDAP20
Secure Systems Engineering,7.5 credits,MSc,The goal of this course is to give insight in methodology and principles behind the design of secure software and hardware systems. In particular the course focuses on how to tackle security risks in the design process. The course intends to give understanding of the whole process from requirements gathering to design choice and analysis of a security critical system.,"['Security design methods and tools', 'Security and performance analysis of systems', 'Project', 'Identification of security needs in computer systems', 'Threat analysis methods', 'Security requirements specification and requirements break down', 'Computer security architectures and trust models', 'Design and specification of security functions', 'Construction of security protocols', 'Security architectures and trust models analysis', 'Security evaluation of system components', 'Methods and tools for protocol analysis', 'Performance evaluation', 'Penetration testing']","['analyse a computer system use case from security perspective', 'narrate different threat analysis methods', 'understand how to define and break down software and hardware system security requirements', 'grasp how to describe computer security architectures', 'narrate different principles for security protocol design and specification', 'master a number of different security protocol analysis methods', 'understand how design choices influence the system robustness with respect to security incidents as well as the possibilities for system upgrades at security breaches', 'make a threat analysis of a given computer system use-case', 'identify high level system security requirements from a use-case and corresponding threat analysis', 'compose a computer security architecture from a given use case and corresponding security requirements', 'design a security protocol from a given security architecture and we able to implement the protocol', 'analyse a security protocol, both theoretically and by using a protocol analysis tool', 'perform performance evaluation of a security function', 'make a penetration test of a security function', 'apply the acquired knowledge in a project that will be performed jointly with other students. In order to finalize the project requires the student must gather additional knowledge and insight.']",['EITA25 Computer Security'],"['project assignment', 'home assignments', 'take-home exams']",EITP20
"People, Technology, Organization and Risk Management",7.5 credits,MSc,"The aim of the course is for the students to acquire knowledge of man, technology and organisation and their interplay when it comes to safety related demands for efficiency and quality of working life. The students will increase their ability (individually and as a group member) to systematically identify and analyse an organisation's risk management and propose measures for improved safety and sustainability. The course relates to the UN:s Sustainable Development Goals through its overall focus on safety and good conditions for people and environment.","['Inherent human possibilities and limitations (cognition, perception, memory, learning, human error, stress, Yerkes Dodson’s law, psychosocial and physical factors and risks)', 'How organisational accidents occur (latent conditions, unsafe acts, safety barriers, complexity, situational factors, Rasmussen’s SRK model)', 'Rasmussen’s system view model and holistic view of risk management, safety culture, and human and organisational factors in risk analysis', 'Human-machine interface and interaction (product development and interface design for safety, usability tests, standards and guidelines)', 'Brief overview of laws related to safety and health at workplaces']","['Be able to describe inherent human physical and cognitive possibilities and limitations and relate these to human interaction with organisation and technology.', 'Have acquired knowledge and understanding of different models and theories describing safety aspects in systems.', 'Have acquired knowledge and understanding of different models and theories describing latent conditions and how organisational accidents occur.', 'Be able to analyse and evaluate how the design of a human-machine interface affects the determination of risk.', 'Be able to apply models and use concepts and terms to evaluate/assess/analyse an organisation’s risk management from human and organisational perspectives.', 'Be able to describe and discuss issues concerning an organisation’s safety management (system), and give suggestions on its improvement with regard to efficiency and sustainability.', 'Independently identify and assess relevant human and organisational problems from a risk management perspective and propose measures for improved safety.', 'Independently, as well as with other students, identify knowledge requirements, search for and evaluate needed information on the basis of human and organisational problems.']",['At least 75 credits within the program.'],"['Written individual home exam', 'Individual written reflection assignments', 'Project work']",MAMN45
Software Development for Large Systems,7.5 credits,MSc,"The aim of the course is to give the students fundamental knowledge in the principal of project management and development processes and the central concepts in large-scale development of systems containing a significant share of software. The aim is also to give the student experiences of the problems that arise in large projects, where many involved actors and parallel work create situations that have to be handled.","['project management', 'development processes', 'large-scale software development', 'requirements specifications', 'design', 'test specifications', 'quality inspections', 'roles in projects', 'industrial software engineering']","['be able to explain why a process and belonging documents are needed and why problems in this kind of projects are organisational rather than technical.', 'be able to explain how cooperation and systematic approaches are important ingredients in the solution of these problems.', 'be able to describe learning outcomes and possible improvements related to his/her role in the project and explain the aim of the project.', 'on the basis of a given project assignment within the context of a given development process develop key deliverables.', 'be able to add new well-functioning functionality to a given existing system.', 'actively contribute in a large software development project that follows a defined process.', 'In a deliberate way be able to see the problems in the choice of development process and balance the organisational problems against the technical problems.']","['EDAA01 Programming - Second Course', 'EDAA30 Programming in Java - Second Course']","['written report', 'project group examination', 'acceptance test', 'computer lab work', 'participation in mandatory course elements']",ETSN05
Language Technology,7.5 credits,Second Cycle,"The course introduces theories used in language technology. It attempts to cover the whole field from character encoding and statistical language models to semantics and conversational agents, going through syntax and parsing. It focuses on proven techniques as well as significant industrial or laboratory applications.","['An overview of language technology: disciplines, applications, and examples', 'Corpus and word processing: regular expressions, automata, an introduction to Python, concordances, tokenization, counting words, collocations', 'Morphology and part-of-speech tagging: word morphology, transducers, part-of-speech tagging', 'Phrase-structure grammars: constituents, trees, DCG rules, unification', 'Partial parsing: multiword detection, noun group and verb group extraction, information extraction, evaluation', 'Syntax: formalisms, constituency and dependency, functions, parsing, statistical parsing, dependency parsing', 'Semantics: formal semantics, lambda-calculus, lexical semantics, predicate-argument structures, frame semantics, semantic parsing', 'Discourse and dialogue: reference and coreference, discourse and rhetoric, discourse relations, parsing discourse relations, dialogue automata, speech acts, multimodality']","['Understand the field of language technology and major applications using them', 'Know the most important techniques, fundamental algorithms, and most common architectures used in applications', 'Create and implement language processing algorithms. Write, interpret, evaluate, and improve them during the programming laboratories.', 'Understand and develop annotation schemes, create and process structured documents', 'Understand and write regular expressions and use them in languages like Python', 'Understand and use machine-learning algorithms and statistical techniques', 'Develop and evaluate algorithms in major fields of language technology: language models, partial parsing, dependency parsing, and semantic parsing using real data.', 'Show curiosity, creativity, and problem solving aptitudes', 'Show an understanding of industrial and research issues in language technology']","['EDAA01 Programming - Second Course', 'EDAA30 Programming in Java - Second Course', 'FRTF25 Introduction to Machine Learning, Systems and Control']","['laboratory work', 'individual reports', 'written exam']",EDAN20
Data-driven Health,7.5 credits,MSc,The course provides basic knowledge in the field of artificial intelligence and machine learning for applications in medicine and health. The course covers the chain from medical databases via algorithms to regulations and requirements for diagnostic software.,"['Introduction of artificial intelligence in healthcare applications', 'Overview of machine learning algorithms and methods', 'How to choose ML methods for different applications', 'How to select settings and optimize performance', 'How to evaluate performance', 'Regulatory, social, ethical and legal issues regarding artificial intelligence in medicine', 'State-of-the-art AI applied to medical fields such as ECG, neurology, biomedical imaging, heart sound, oncology, diabetes', 'Introduction to Python/Jupyter/Colab', 'Linear models', 'Measurement values and visualization', 'Trees and k-nearest neighbors', 'Ensemble methods', 'Neural networks (shallow, MLP, Keras/Tensorflow)', 'Deep Neural Networks (CNN)', 'Deep Learning (LSTM/RNN)']","['Understand and have an overall picture of how machine learning and artificial intelligence can be designed for different medical issues', 'Apply the most common methods to real problems and real medical signals (Python)', 'Know and understand how special requirements and regulations for diagnostic systems and other medical devices affect the design and validation process', 'Understand the characteristics of the most common machine learning methods', 'Understand what settings need to be made for different methods', 'Understand how properties of medical training and validation data affect the performance of the methods', 'Choose the appropriate method for a described situation', 'Overview the consequences of different method choices and evaluation strategies for different types of problems', 'Use available toolboxes for machine learning to solve practical problems in Python', 'Analyze and evaluate different machine learning algorithms, interpret and describe their inherent principles', 'Have insight into how transparency and generalizability of different methods make them suitable in different medical contexts']","['Digital signal processing (EITF75, EITA50, EITF15, BMEF25, BMEA05, or EITG10)', 'Introduction to programming (EDAA50, EDAA80, EDAA45, or EDAB05)']","['Written exam', 'Computer assignments']",BMEN35
Applied Machine Learning,7.5 credits,MSc,To give an introduction to fundamental methods and algorithms within Machine Learning and to give an introduction into a selection of specific subdomains and applications. To convey knowledge about breadth and depth of the domain.,"['Unsupervised and supervised learning, classification and regression', 'Mathematical foundations: information theory, probability, and statistics', 'Likelihood, maximum likelihood, and maximum a posteriori estimation', 'Model selection, cross-validation, and evaluation methods', 'Decision trees and forests, ensemble methods', 'Bayesian classification', 'Principal Component Analysis (PCA) and dimensionality reduction', 'Linear regression', 'Logistic regression', 'Neural networks: data preparation, backpropagation, gradient descent, and activation functions', 'Convolutional neural networks', 'Specific neural network architectures for image analysis']","['Understand fundamental machine learning models, their mathematical foundations, basic algorithms, data processing techniques, as well as training and evaluation methods.', 'Implement machine learning models, process data, and interpret, evaluate, and improve them during laboratory sessions.', 'Be familiar with general models and architectures used in common applications.', 'evaluate and prepare the necessary data.', 'select, implement, and train a model.', 'evaluate the results and fine-tune the model.', 'be able to assess the applicability of a machine learning method to a given problem,', 'understand the limitations of machine learning methods and approaches.']","['At least 120 credits (hp) in the engineering programme or equivalent previous education.', 'EDA011 Programming, First Course or EDA016 Programming, First Course or EDA017 Programming, First Course or EDA501 Programming, First Course or EDAA20 Programming and Databases or EDAA45 Introduction to Programming or EDAA50 Programming, First Course or EDAA55 Programming, First Course or EDAA65 Programming, First Course or EDAA70 Introduction to Programming Using Python or EDAA80 Introduction to Programming or EDAA85 Introduction to Programming or EDAA90 Introduction to Programming and Databases or EDAB05 Introduction to Programming', 'EDAA01 Programming - Second Course or EDAA30 Programming in Java - Second Course or FMNN25 Advanced Course in Numerical Algorithms with Python/SciPy or FRTF25 Introduction to Machine Learning, Systems and Control']","['Laboratory assignments', 'Written exam']",EDAN96
Machine Learning,7.5 credits,MSc,"The aim of the course is to establish a solid foundation in the principles and methods of machine learning, based on pertinent knowledge from mathematics, statistics, and optimization. Additionally, the course seeks to provide insight into advanced techniques within modern machine learning.","['Training, testing, generalization, hypothesis spaces', 'Linear regression and classification', 'Optimization techniques and statistical tools for learning', 'Neural networks, convolutional neural networks and deep learning', 'Recurrent neural networks, transformers and reinforcement learning', 'Clustering, autoencoders and generative models']","['be able to account for the statistical principles used in machine learning', 'be able to describe the scientific basis for the design and analysis of learning algorithms and systems', 'demonstrate in-depth knowledge of methods and theories in the field of machine learning.', 'have demonstrated the abilitiy to develop learning techniques and learning systems for relevant technological problems', 'have demonstrated the ability to identify, formulate, design, and implement learning components and applications.', 'have demonstrated the ability to critically evaluate and compare different learning models and learning algorithms for different problem setups and quality characteristics.']",['FMAF05 Mathematics - Systems and Transforms or FMAF10 Applied Mathematics - Linear systems'],"['Compulsory assignments including computer work and written reports', 'Oral examination']",FMAN45
Artificial Intelligence,7.5 credits,MSc,To give an introduction to several subdomains of artificial intelligence and to give an orientation about fundamental methods within these domains. To convey knowledge about breath and depth of the domain. To provide insight about the ethical consequences of AI-based technology.,"['Intelligent agents', 'Heuristic search', 'Adversarial search', 'Knowledge based systems', 'Machine learning', 'Natural language', 'Semantic Web', 'Probabilistic reasoning', 'Intelligent robots', 'Planning', 'Ethics of AI']","['display basic knowledge concerning theories and methods related to the following subdomains: intelligent agents, heuristic search, game programming, knowledge representation, knowledge-based systems, probabilistic reasoning, various machine learning approaches, natural language processing.', 'complete a number of assignments based on problems related to some of the following subdomains: heuristic search, knowledge-based systems, probabilistic reasoning, machine learning, natural language processing.', 'demonstrate ability to critically, autonomously and creatively identify, formulate and handle problems requiring algorithms belonging to AI', 'demonstrate ability to acquire additional knowledge and to continuously develop new skills.', 'demonstrate ability to critically judge the ethical and societal consequences of using AI in particular context.']","['EDAA01 Programming - Second Course or EDAA30 Programming in Java - Second Course or FRTF25 Introduction to Machine Learning, Systems and Control']","['written exam', 'assignments']",EDAP01
Advanced Web Security,7.5 credits,MSc,The course aims at deepen the student’s knowledge about the security problems and solutions that relate to web based technology. Some areas requiring use of cryptographic primitives will be addressed in detail. Knowledge of these will give the student tools to understand also related areas.,"['Data representations: CMS, ASN.1, BER, CER and DER encoding', 'PKI and Web Security: PKCS#12, CRL, OCSP, signing procedures, identity based cryptosystems', 'Anonymity: Anonymity solutions, Chaum mixes, Tor, attacks', 'E-voting: E-voting protocols, homomorphic encryption, ZK-proofs, threshold decryption', 'Secure messaging: OTR, the Signal protocol', 'e-commerce: Electronic payments, SET, 3D Secure, Bitcoin and Blockchains, untraceable E-cash']","['Describe some advanced security problems that arise when using web based services.', 'Describe how cryptographic data can be represented on the web.', 'Describe possibilities and problems related to e-commerce and electronic payments.', 'Be able to analyze the security protocols, identify weaknesses and problems and be able to propose solutions.', 'Show that you understand the technical solutions that are used to avoid a security flaw.', 'Show that you understand the security limitations in the protocols.', 'Apply the design choices of the studied protocols to other protocols.', 'Be able to implement a given security protocol', 'Be able to discuss and present your solutions to the home assignments.', 'Be able to discuss the design choices of the security protocols discussed in the course.']","['(EDAA80 Introduction to Programming or EDAA50 Programming, First Course or EDAB05 Introduction to Programming or EDAA45 Introduction to Programming or EDAA55 Programming, First Course) and (EITA25 Computer Security or EIT060 Computer Security)']","['assignments', 'theory quiz', 'hacking project', 'oral presentation', 'oral examination', 'advanced implementation assignment']",EITN41
Advanced Applied Machine Learning,7.5 credits,MSc,"To give a deep understanding of modern area machine learning topics, in particular related to generative models, language models, reinforcement learning, and Bayesian optimization. The focus is on learning to implement and use the methods first-hand in addition to understanding the theory.","['neural networks, including convolutional neural networks, recurrent neural networks and Transformers', 'Generative models', 'Bayesian learning', 'Gaussian processes', 'Bayesian optimization', 'Reinforcement learning']","['display advanced knowledge concerning theories, methods and applications related to the following subdomains: neural networks, including convolutional neural networks, recurrent neural networks and deep learning', 'display advanced knowledge concerning theories, methods and applications related to the following subdomains: Generative models', 'display advanced knowledge concerning theories, methods and applications related to the following subdomains: reinforcement learning', 'display advanced knowledge concerning theories, methods and applications related to the following subdomains: Gaussian processes', 'display advanced knowledge concerning theories, methods and applications related to the following subdomains: Bayesian optimization', 'complete a number of assignments based on problems related to at least some of the previously mentioned subdomains and demonstrate the ability to: evaluate and prepare the necessary data', 'complete a number of assignments based on problems related to at least some of the previously mentioned subdomains and demonstrate the ability to: select / implement and train a model', 'complete a number of assignments based on problems related to at least some of the previously mentioned subdomains and demonstrate the ability to: evaluate the outcome and fine-tune the model', 'complete a number of assignments based on problems related to at least some of the previously mentioned subdomains and demonstrate the ability to: model a problem as a Markov Decision Process and optimise a policy using Reinforcement Learning', 'be able to judge suitability of a given machine learning method to a given problem,', 'understand limitations of applicability of machine learning methods']","['At least 150 credits (hp) in the engineering programme or equivalent previous education.', 'EDAA01 Programming - Second Course', 'BMEN35 Data-driven Health or EDAN96 Applied Machine Learning or FMAN45 Machine Learning']","['Assignments / hand-ins', 'optional written exam', 'Bonus point system']",EDAP30
Kursplan (en),,,,[],[],[],[],EDAN95
Smart City Governance: AI Ethics in a Spatial Context,7.5 credits,MSc,"Artificial intelligence (AI) is increasingly being used to change our cities and manage traffic and movement, meet the needs of commerce, combat crime, monitor individuals and improve our everyday lives. At the same time, legal, democratic and ethical interests need to be balanced against technical needs for optimization. How may individuals' privacy and rights to codetermination be balanced against development and employment of digital technologies and AI, dependent on large quantities of data? What are the main legal frameworks and what ethical guidelines should be adhered to? What degree of explainability and transparency is reasonable towards citizens, and in what ways do expectations and perceived benefits differ in different parts of the world? In line with the need for responsible design and ethical reflection on digitalisation, this course aims to give an understanding of the role of datafication, automation, platformisation and artificial intelligence (AI) in an urban and spatial context. By looking at concrete national and international cases of development and control of so-called smart cities, including applications such as facial recognition in public environments or how ""the city as a platform"" has had an impact in urban planning, knowledge can be gained about what interests need to be balanced and what level of governance is reasonable for managing the digital technologies in an urban context. The course will thus, in a general sense, provide insights into the importance of digitalisation and the societal significance of new technologies with a focus on legal and ethical challenges in an urban and spatial context. It includes phenomena such as: data capture and collection of large individual-based data sets, the growth and importance of digital platforms, the use of automated decision-making in the public sector, and autonomous and self-learning technologies in the AI field - and the forces operating therein between private and international as well as public and national actors. The course is thus intended to give the students an in-depth knowledge of the consequences of how technology is applied in, and interacts with, society - with a focus on smart cities, governance and ethics.","['Data-dependent AI-technologies in urban environments', 'Trustworthy artificial intelligence: transparency, fairness, accountability, explainability', 'Digital platforms and platformisation in a spatial context', 'Legal frameworks for smart city development and governance (European context)', 'International, European and national smart city projects']","['be able to explain theoretical frameworks on smart cities, urban platforms and urban AI', 'master basic English terminology in critical social science research on smart cities, datafication, and artificial intelligence', 'demonstrate a basic understanding of digital and data-driven business models and their significance for technology development and deployment in the public and private sector', 'demonstrate a basic understanding of the important legal and policy considerations in urban data collection and the use of AI in a spatial context', 'be able to describe the basic content and importance of relevant European and international laws for a spatial context', 'be able to describe key benefits, but also conflict areas that a development towards smart cities brings', 'understand, analyze and describe potential challenges in the light of ethical and legal governance of smart cities in the European context', 'be able to present their project work (thesis) both in writing, orally, and as opponents to another thesis', 'demonstrate a critical, independent and multidisciplinary approach to data collection and automation in urban environments', 'be able to identify the different stakeholders and interests involved in smart city development and governance, with a particular focus on legal and ethical approaches']","['ASBF05 The Fundamentals of Urban Design', 'ASBF10 Sustainable Urban Design', 'ETSF25 The Business of Software', 'FMIF45 Sustainability and Resource Use with Perspectives on Information and Communication Technology', 'VFTF10 Real Property Formation']","['Oral examination of lecture material and course readings', 'Written essay', 'Group presentation', 'Opposition and critical assessment of another essay/presentation']",VFTN75
Compilers,7.5 credits,MSc,"The course aims to give knowledge of the principal structure of a compiler and about the basic theories and methods used to implement the different parts of the compiler. It should give an understanding for how the theories and the methods can be used in related areas like translation between different source languages, analysis of program properties, interpretation, and analysis of other artificial languages. The course also includes how advanced object-oriented techniques, such as design patterns and aspect-oriented programming can be applied to compiler construction.","['compiler architecture', 'regular expressions', 'context-free grammars', 'abstract grammars', 'attribute grammars', 'scanning', 'parsing', 'static-semantic analysis', 'code generation', 'runtime systems', 'memory allocation', 'garbage collection', 'scanner generators', 'parser generators', 'abstract syntax-tree generators', 'attribute evaluation generators', 'design patterns (visitor, interpreter)', 'application areas for compiler construction']","['understand formalisms for syntactic descriptions: regular expressions, context-free grammars, and abstract grammars', 'understand formalisms for program analysis: attribute grammars', 'be able to describe compiler phases, runtime systems, and different kinds of internal representations', 'be able to implement parsers for programming languages with parser generators', 'be able to implement semantic analysis and code generation using attribute grammars and imperative programming', 'be able to implement runtime systems by interpretation']","['EDAA01 Programming - Second Course or EDAA30 Programming in Java - Second Course', 'Object-oriented Programming in Java', 'Basic data structures']","['Written examination', 'Completed laboratory exercises']",EDAN65
Multicore Programming,7.5 credits,MSc,"The purpose of the course is that to learn how to implement an algorithm as efficiently as possible on a particular multicore computer with a focus on multiprocessors with shared memory. Another purpose of the course is to gain insights into advantages and disadvantages of different programming languages for multicore programming, such as Java, Scala, C, and OpenMP. The students will also learn about lock-free algorithms and data structures.","['Multiprocessors', 'classification of cache misses', 'decomposition of the computation into tasks', 'Assignment of tasks to threads', 'Mapping of threads to processors', 'Programming models', 'synchronisation', 'communication', 'Owner computes rule', 'Memory consistency models', 'Sequential consistency', 'Weak ordering', 'Release consistency', 'Pthreads', 'OpenMP', 'current research trends in multiprocessor computer architecture', 'lock-free algorithms and data structures']","['understand how cache memories work on multicores', 'understand the importance of reducing the number of cache misses', 'understand the importance of load-balancing between different processors', 'understand how a sequential C program can be parallelised while taking the above into consideration', 'understand advantages and disadvantages of these two multicore architectures with respect to (1) performance and (2) how complicated the programming becomes', 'understand advantages and disadvantages of different programming languages', 'understand when lock-free data structures are suitable', 'be able to use Pthreads to create threads and synchronise these on a multiprocessor', 'be able to use OpenMP to parallelise compute intensive sequential C programs', 'be able to improve the performance of a given sequential program by parallelising it in a way which maximises its performance.', 'be able to decide on programming language for a given problem', 'be able to implement a suitable version of an algorithm while taking into account both the demands of the application and the multicore architecture.', 'be able to judge which multicore architecture is suitable for a given algorithm.', 'be able to judge which programming language is suitable for a given algorithm.']","['EDAA01 Programming - Second Course', 'EDAA30 Programming in Java - Second Course']","['Oral exam', 'Laboratory exercises', 'Programming assignment']",EDAN26
Efficient C,7.5 credits,BSc,"The purpose of the course is that the students should learn how to write efficient programs in the C language. In order to achieve this main purpose, three other purposes of the course are that the students should learn about (1) the ISO C23 language, (2) modern computer architecture, from the perspective of the programmer, with focus on microprocessors and cache memories, and (3) modern tools to evaluate C programs in terms of correctness and efficiency.","['ISO C23 standard', 'principles of C language', 'comparison between Java and C', 'struct', 'pointer', 'array', 'memory allocation', 'global variables', 'static storage duration', 'C standard library', 'C compiler', 'implementation defined behaviour', 'unspecified behaviour', 'undefined behaviour', 'storage class specifiers', 'type specifiers', 'C preprocessor', 'GDB', 'Valgrind', 'GPROF', 'OPROFILE', 'GCOV', 'pipelined microprocessors', 'cache memories', 'simulation tools for performance analysis', 'methodology to maximize performance of C program']","['understand how memory can be allocated and deallocated', 'understand how pointers work and how they are used', 'understand the type system of C, e.g. which type conversions are allowed and portable', 'understand the meaning of implementation defined behaviour, unspecified behaviour, undefined behaviour, and when one should think about these', 'understand how modern microprocessors are implemented with pipelining and which consequences on performance this gives the programmer', 'understand how cache memories work and which consequences on performance this gives the programmer', 'understand how different language constructs, e.g. the use of pointers, can be translated to machine code how this can affect performance', 'be able to write efficient programs in the C language, i.e. C23', 'be able to use the GDB debugger', 'with the help of modern tools be able to find defects and analyse the performance of a C program', 'be able to maximize the performance of the program based on the information these tools give', 'be able to create a suitable implementation in C based on the requirements of the application']","['EDAA01 Programming - Second Course', 'EDAA30 Programming in Java - Second Course', 'FMNN25 Advanced Course in Numerical Algorithms with Python/SciPy']","['oral exam', 'computer labs', 'project']",EDAG01
,,,,[],[],[],[],EDAA25
,,,,[],[],[],[],EDAF15
Cloud Computing,7.5 credits,MSc,"Understand fundamental concepts within cloud computing and large parallel computer systems, explain their characteristics, and apply them for real-world applications.","['Overview of the cloud market space and fundamental concepts', 'Usage of basic cloud services', 'Data center and hardware', 'Resource virtualization (CPU, network, and storage)', 'Automation and orchestration', 'Design principles for micro services and cloud native applications', 'Hands-on experience with standard tools, e.g., Kubernetes', 'DevOps-principles']","['be able to show basic knowledge about different kinds of cloud systems and their properties', 'be able to demonstrate basic knowledge about the cloud technology ecosystem', 'be able to reason about faults, redundancy, and recovery in cloud applications', 'be able to show basic knowledge about the technologies underpinning cloud computing', 'be able to use terminology and abstractions for modelling cloud system and characterize their behavior', 'be able to build efficient, secure, and robust cloud applications', 'be able to design, implement, and deploy a real-world cloud application', 'be able to reason around properties of cloud systems with respect to performance and security', 'be able to reason around sustainability and resource efficiency', 'show basic understanding of trade-offs and limitations with the concepts and technologies that are used in design of cloud applications']",['EDAA01 Programming - Second Course or EDAA30 Programming in Java - Second Course'],"['home assignment', 'project report and presentation']",FRTN90
Service Robotics,7.5 credits,MSc,"The aim of the course is to give knowledge in service robotics and illustrate this with experimental work which shows the different parts and applications in mobile robotics, e.g. autonomous search and rescue robots in climate-related natural disasters or sensor technology for increased traffic safety. The course also trains the ability to solve complex problems in groups where different skills are required.","['service robotics applications', 'human-robot interaction', 'levels of robot autonomy', 'navigation of mobile robots', 'SLAM (simultaneous localization and mapping)', 'maze-solving algorithms', 'line-following algorithms', 'wheeled locomotion', 'odometry', 'anthropomorphic robots', 'robot ethics', 'Arduino controller', 'servos', 'sensors', 'mechanical components (laser cutting, 3D printing)', 'mechanics', 'electronics', 'programming']","['demonstrate in-depth knowledge in certain parts of the service robotics field', 'demonstrate knowledge of engineering problems, where variations in the components, integrated system and external environment require solutions that can handle these variations', 'identify and orally present a relevant scientific article and discuss another article in detail', 'demonstrate the ability, in a group composed of different competencies, to develop a service robot that solves a given task by developing and integrating systems of mechanics, servos, sensors and control algorithms', 'demonstrate the ability to creatively handle complex issues with limited information and within a limited time', 'demonstrate the ability to create, analyze and critically evaluate different technical solutions on the way to a working solution', 'at a final demonstration, show that the service robot can solve the given task to pass', 'in a written report, describe the service robot in a structured way, its mechanical and electrical design, algorithms, results of the demonstration, and critically analyze and reflect on the results and what could be done better', 'show insight into the possibilities and limitations of technology', 'demonstrate the ability to identify their need for additional knowledge and develop their skills to solve a given problem']","['Approved first course in at least two of the subjects Programming, Automatic control, Electronics/electrical engineering, Engineering mechanics.']","['Oral presentation of a selected service robotics topic', 'Literature seminar on a selected scientific article on service robotics', 'Service robotics project that is presented with a practical demonstration of a produced service robot and a written report']",TNSN01
C++ Programming,7.5 credits,First Cycle,"The course gives detailed knowledge about C++, which is an important programming language with many application areas. Special emphasis is placed on the language constructs that make C++ a more advanced, and also more complex, language than languages like Java and Python.","['History and overview of C++', 'Types and variables', 'Functions', 'Operators and expressions', 'Flow control', 'Arrays, strings and pointers', 'Memory and resource management', 'I/O and streams', 'Classes and encapsulation, member functions and free functions', 'Inheritance', 'Overloading, polymorphism, and generic programming', 'Source code management', 'The standard library']","['know about and be able to describe the differences between C++ and languages that are interpreted or executed by a virtual machine, like Java and Python.', 'have detailed knowledge about the C++ language and standard library', 'be able to explain fundamental concepts in object-oriented programming in C++', 'understand the difference between static and dynamic polymorphism', 'understand and be able to explain the different kinds of function parameter passing', 'know and be able to reason about how objects are allocated and represented in memory', 'be able to interpret, analyse and explain given C++ code.', 'be able to develop a functioning C++ program from given specifications', 'be able to systematically debug C++ code', 'be able to use tools to develop C++ programs in a Unix environment.', 'be capable of choosing a suitable language construct to solve a given problem', 'be able to reason about how the choice of language construct affects the readability, robustness, and efficiency of a program']",['EDAA01 Programming - Second Course or EDAA30 Programming in Java - Second Course'],"['Written exam', 'Laboratory work', 'Hand in assignment']",EDAF50
"Algorithms, Data Structures and Complexity",5.0 credits,BSc,"Algorithms and data structures are fundamental in computer science. Data structures are used to model reality and the choice of data structures affects the efficiency of algorithms. One aim with this course is to give the students knowledge of advanced data structures for some of the abstract models included in previous courses and also of a number of data structures used to represent further models, such as graphs. Another aim is to give improved knowledge of algorithms, particularly graph algorithms. The course will also give the students knowledge of techniques for analysing algorithms with respect to performance.","['Graphs and graph algorithms', 'Data structures for graphs', 'Problem solving strategies such as divide and conquer, greedy algorithms and brute force', 'Techniques for analysing the time complexity of algorithms', 'Introduction to the complexity classes P and NP', 'Computability and the Church-Turing thesis']","['be able to describe data structures which can be used to represent graphs', 'be able to describe a number of different problem-solving strategies, such as divide and conquer and greedy algorithms', 'master a number of techniques for analysing algorithm performance', 'be familiar with concepts such as lower bounds, complexity classes and undecidable problems', 'from a given problem, be able to identify algorithms and data structures which can be used to implement a solution', 'be able to implement the data structures included in the course in an object-oriented language', 'be able to apply different problem-solving strategies on new problems', 'be able to apply techniques for analysing the time complexity of algorithms and be able to use the notations for asymptotic time complexity', 'be able to evaluate proposed solutions and data representations for given problems with respect to suitability and efficiency', 'understand that there are problems for which it is unknown whether or not efficient algorithms exist']",['EDAA01 Programming - Second Course'],"['Oral examination', 'Laboratory work', 'Hand-in assignment']",EDAF05
Functional Programming,7.5 credits,MSc,The course gives an insight into how the functional programming often offers a possibility to write shorter and easier-to-understand programs than using the traditional imperative or object-oriented approaches.,"['Philosophy of functional languages', 'Haskell', 'Language constructs and idioms', 'Higher-order functions', 'Lazy evaluation and infinite data structures', 'Monads and monadic computations', 'Polymorphic type systems and type classes', 'Type analysis and type inference']","['have a good understanding of the fundamental principles for functional programming', 'understand the practical consequences of the differences in this paradigm relative to traditional programming', 'know the common idioms of functional programming', 'understand the benefits and the function of an advanced type system', 'be a fluent reader of program written in Haskell', 'be able to utilize the possibilities of the functional paradigm to write Haskell programs in good style', 'be able to do type analysis of relatively complex expressions in Haskell', 'have learnt to appreciate the role of program code as a communication medium between people']","['EDAA01 Programming - Second Course or EDAA30 Programming in Java - Second Course or FRTF25 Introduction to Machine Learning, Systems and Control']","['Written examination', 'Assignments']",EDAN40
Markov Processes,7.5 credits,First Cycle,"Markov chains and processes are a class of models which, apart from a rich mathematical structure, also has applications in many disciplines, such as telecommunications and production (queue and inventory theory), reliability analysis, financial mathematics (e.g., hidden Markov models), automatic control, and image processing (Markov fields). The aim of this course is to give the student the basic concepts and methods for Poisson processes, discrete Markov chains and processes, and also the ability to apply them. The course presents examples of applications in different fields, in order to facilitate the use of the knowledge in other courses where Markov models appear.","['Markov chains: model graphs, Markov property, transition probabilities, persistent and transient states, positive and null persistent states, communication, existence and uniqueness of stationary distribution, and calculation thereof, absorption times', 'Poisson process: Law of small numbers, counting processes, event distance, non-homogeneous processes, diluting and super positioning, processes on general spaces', 'Markov processes: transition intensities, time dynamic, existence and uniqueness of stationary distribution, and calculation thereof, birth-death processes, absorption times', 'Introduction to renewal theory and regenerative processes']","['explain the Markov property and the intensity concept, as well as the concepts of recurrence, communication, stationary distribution, and how they relate to each other', 'perform calculations of stationary distributions and absorption times for discrete Markov chains and processes', 'explain the suitability of the Poisson process as a model for rare events and perform calculations of probabilities using the properties of the Poisson process in one and several dimensions', 'construct a model graph for a Markov chain or process describing a given system, and use the model for studying the system', 'in connection with problem solving, show ability to integrate knowledge from the different parts of the course', 'read and interpret easier literature with elements of Markov models and their applications', 'identify problems that can be solved using Markov models, and choose an appropriate method', 'use knowledge of Markov models in other courses, as transfer concepts, tools, and knowledge between different courses where Markov models are used']","['A basic course in mathematical statistics', 'Linear Algebra (FMAA20 or FMAA21 or FMAB20 or FMAB22)', 'Calculus in Several Variables (FMAB30 or FMAB35)']","['Written exam', 'Compulsory computer exercises']",FMSF15
Kursplan (en),,,,[],[],[],[],MASC13
Computer Architecture,7.5 credits,BSc,The goal of this course is to introduce the operation of computer systems at the level of Instruction Set Architectures (ISA). It aims to provide a basic understanding of the design principles that govern modern computer architectures and their components. Especially it pays attention to (super scalar) pipelining and memory hierarchy techniques including caches. Implementation and efficiency issues are exemplified. Metrical performance analysis methods are discussed to evaluate architectural alternatives.,"['Performance', 'ISA principles', 'Pipelining', 'Memory Systems', 'I/O, Multiprocessor', 'ASIP (Application specific instruction set architecture)']","['understand a computer architecture', 'know how to quantify the potential performance of a computer', 'have an overview of the architectural alternatives and technological restrictions to solve a computing problem', 'Be skilled in establishing computer functionality', 'Be well-versed in system simulation', 'Be experienced in architecture quantification', 'Have an operational knowledge of architectures', 'have learnt trade-offs in creating computer support for solving problems']",['EIT070 or EITF70 Computer Organization'],"['Written exam', 'Passed laboratory work']",EITF20
Statistical Methods for Safety Analysis,7.5 credits,First Cycle,"The course presents notions and ideas from the foundations of a statistical treatment of risks. The emphasis lies on an understanding of the theory and methods presented. Hence the focus is put on applications within the field of risk and safety analysis. Since in risks estimations one needs to combine information from different sources the Bayesian methods are frequently used in that area. Hence a reasonable proportion of the course is devoted to such approaches. In order to be able to analyse and predict frequencies of occurrences of hazardous scenarios, modern statistical tools, namely Poisson regression, analysis of deviance, extreme value theory and threshold methods are presented . The knowledge of such tools facilitates the understanding of the role of probability in risk analysis and proper use of outputs given by software packages.","['Probability theory review', ""Bayes' Theorem"", 'Central Limit Theorem', 'Law of Large Numbers', 'Classical statistical inference', 'Maximum likelihood method', 'Confidence interval', 'Hypotheses testing', 'Bootstrap', 'Delta method', 'Bayesian statistics', 'Poisson modelling', 'Poisson regression', 'Safety and reliability analysis', 'Extreme value statistics', 'POT-method']","['be able to estimate intensities of accidents and model the dependence on some explanatory variables', 'be able to identify situations when uncertainty of the derived results can not be neglected, often when a limited amount of data is available', 'be able to include different types of information into an estimate of risk using Bayes methods', 'be able to read specialised literature in the field of risk and safety where concepts of intensities, probabilities, safety indexes are often used', 'understand and be able to quantify the uncertainties of frequently used risk measures', 'be able to validate models used to derive the risk measures', 'better understand the concepts used in other courses to measure risks', 'have tools to analyse uncertainties in derived risks', 'understand the role of probability in risk analysis and properly use the outputs given by software packages']","['EXTA60 Statistics', 'FMSF20 Mathematical Statistics, Basic Course', 'FMSF25 Mathematical Statistics - Complementary Project', 'FMSF32 Mathematical Statistics', 'FMSF45 Mathematical Statistics, Basic Course', 'FMSF50 Mathematical Statistics, Basic Course', 'FMSF55 Mathematical Statistics, Basic Course', 'FMSF70 Mathematical Statistics', 'FMSF75 Mathematical Statistics, Basic Course', 'FMSF80 Mathematical Statistics, Basic Course', 'TNX071 Statistics with Decision Theory', 'Basic course in Mathematical Statistics or Statistics']","['Written exam', 'Computer exercises']",FMSF60
Privacy Technologies,7.5 credits,MSc,The course aims to give the students a good overview of the most relevant areas in privacy technologies for digital information. The course will provide an introduction to the various types of privacy risks and a range of tools/techniques to address those risks.,"['Building blocks for privacy: private information retrieval, oblivious transfer, anonymous credentials, anonymous tokens', 'Communication Privacy: VPNs, Anonymous communication systems (Oblivious HTTP, Tor, Mixnets, DC-nets), Censorship and anti-censorship systems', 'Data privacy and data anonymization: k-anonymity, re-identification attacks, differential privacy, privacy-utility tradeoff', 'Web privacy: web tracking techniques, cookies, device fingerprinting, prevention techniques']","['Describe the general privacy problems for online communication systems.', 'Describe the general privacy problems for different kind of data storage systems.', 'Describe the privacy properties of different existing systems.', 'Describe different building blocks used to achieve privacy.', 'Be able to identify the privacy concerns that arise in different scenarios.', 'Be able to relate privacy concerns to technical design choices.', 'Show capability to perform a basic analysis of the privacy properties of an existing system.', 'Be able to write a report of a project result and to present it to an audience.', 'Be able to discuss and present your solutions to the home assignments.', 'Be able to discuss the design choices of the privacy protocols discussed in the course.']","['Basic knowledge about computer networks and computer security is expected to attend this course, such as in EITA25.']","['Projects and presentations (Project and Theory, Implementation and Experiments)', 'Optional written reports', 'Optional oral presentations']",EITP55
Algebraic Structures,7.5 credits,MSc,"The aim of the course is to give an introduction to the fundamental concepts and structures of abstract algebra, with particular regard to subjects of importance in applications in, e.g., computer science, information theory, physics and chemistry. The course also aims to give a deeper understanding of the basic concepts in other areas of mathematics. Furthermore, the course should develop the students ability to solve problems and to understand mathematical text.","['Number theory: The fundamental theorem of arithmetic, modular arithmetic', 'Rings: Definition and basic properties. Polynomial rings. Ideals and quotient rings. Ring homomorphisms and isomorphisms', 'Groups: Definition and basic properties. Normal subgroups and quotient groups. Group homomorphisms and isomorphisms. Lagrange’s theorem. Permutation groups. Symmetric and alternatic groups. Finitely generated Abelian groups', 'Fields: Characteristic. Finite fields. Field extensions']","['be able to describe basic properties of integers and polynomials, and be able to compute with congruences modulo these objects', 'be able to describe basic properties of important concepts in abstract algebra; ring, ideal, quotient ring, group and field', 'be able to explain, in writing and orally, the contents of some central definitions and proofs', 'be able to give examples of and illustrate some important applications of the course contents', 'have acquired basic knowledge for further studies in algebra or subjects based on algebraic methods', 'be able to independently construct proofs of simple statements within the framework of the course', 'be able to show a good ability to independently, in writing and orally, explain mathematical reasoning in a well structured way, with clear logic']","['Calculus', 'Linear algebra']","['coursework', 'written examination', 'oral examination']",FMAN10
Operating Systems,7.5 credits,Bachelor,"An Operating System is the most important program running on a computer system. It manages all hardware and software resources, provides an interface to interact with the system and facilitates the execution of user applications. The course focuses on principles of operation, algorithms and data structures essential in Operating Systems functionality. Students passing this course will have an understanding of Operating Systems functionality and internal components; they will be able to write code relevant for OS operation and development. The course uses Linux as a primary case study.","['Design principles in operating systems', 'System calls', 'Shell scripting', 'CPU scheduling and processes', 'I/O and interrupts', 'Memory management and virtual memory', 'File system interface and implementation', 'Protection and security', 'Virtualization and hypervisors', 'Examples of different kinds of operating systems', 'Focus on Linux as a case study']","['understand the purpose, functionality and organization of operating systems', 'have knowledge about typical algorithms, data structures used in operating systems', 'have basic knowledge about relevant differences between various operating systems', 'be able to implement applications interfacing with the operating system via system calls or shell scripting', 'be able to explain typical algorithms and data structures used in operating systems resource management, including processes, memory and file systems', 'be able to implement basic functionality used for process management, memory management, file systems, and system calls', 'be able to justify specific design choices in operating systems overall', 'be able to assess different implementation options related to operating system use and development']",['EDAA01 Programming - Second Course or EDAA30 Programming in Java - Second Course'],"['approved laboratory assignments', 'approved written exam']",EDAF35
Introduction to Real Analysis,7.5 credits,First Cycle,To supplement the course in single variable calculus with theory for which there is no room within standard course. The course is meant for beginning students who already mastered large parts of the standard single variable calculus course. Many methods and more abstract points of view are introduced to carry out proofs that are left out of the standard calculus course. They make it easier to see patterns and analogies in later courses. The new ways of thinking and the concepts give the student a better capability to creatively attack new problems.,"['The real numbers', 'Topology and compactness', 'More about continuity', 'More about derivative', 'About integration', 'Elementary functions', 'Inequalities', 'Sequences and recursion']","['be able to explain why the real numbers are needed in single variable calculus', 'be able account for and illustrate concepts that are introduced during the course', 'be able to account for the content of definitions, theorems and proofs.', 'be able to use concepts and methods from the course to carry out comparatively simple proofs.']",['FMAB65 Calculus in One Variable B1'],['Written exam'],FMAA60
"Managerial Economics, Basic Course",6.0 credits,Bachelor,"The purpose of the course is to provide an overall orientation and perspective on the subject area of industrial economics. Based on an economic perspective, the students must gain an understanding of how different subsystems in the company work together. The course aims to provide basic ability to understand and use the financial and business concepts. The basic models used in these contexts are also included in the course. Based on these basic skills, the students must make assessments with regard to the company as a whole. Special emphasis is placed on the basic knowledge in industrial economics that will be necessary in the professional activities of a civil engineer.","['Industrial economics and value creation', 'Technology development as a competitive factor', 'Technology-based business models', 'Strategy and marketing', 'Production and product development', 'Organization and HRM', 'Product costing and investment assessment', 'Cost and revenue analysis', 'Profit planning models', 'Basic cost calculations and contribution calculations', 'Investment assessment', 'Financial accounting and financing', 'Bookkeeping and accounting', 'Annual report analysis', 'Capital requirements calculation']","['be able to describe basic concepts and models within the following areas: business plans and strategy, as well as organization and marketing.', 'be able to explain and understand the basic concepts of business administration.', 'be able to understand and describe models and key concepts in production and investment calculations.', 'be able to describe and have an understanding of basic external reporting.', 'be able to formulate in detail estimates of capital requirements in manufacturing companies.', 'be able to have an insight into possible alternative methods of financing.', 'be able to use and synthesize basic business models and concepts in the areas, strategy, marketing, production, productdevelopment, organisation and HRM.', 'be able to apply running overall external reporting and balancing of the books and, with the help of a key value, evaluate the annual accounts of an enterprise.', 'be able to use detailed estimates of capital requirements in manufacturing enterprises.', 'be able to select, interpret and use basic financial calculations as a decision basis for various business situations.', ""show insight within technological possibilities and limitations, the contribution of technology to society and about humans' responsibilities regarding social, financial and enviromental aspects.""]",[],"['practical case assignments', 'laboratory', 'written examination']",MIOA12
,,,,[],[],[],[],MIO012
"Managerial Economics, Basic Course",7.5 credits,BSc,"The aim of the course is to give a general economic overview and basic knowledge within enginerial ethics. The students should, from an economic perspective, arrive at an understanding of the interplay of the various part systems in the enterprise. The course is intended to give a basic ability to understand and utilize economic, business and ethical concepts. Basic models used in this context are also included in the course. Relying on this basic knowledge, the students must be able to form judgements taking into account the whole of the enterprise. Special stress is laid on the basic knowledge of economics, which will be necessary in the professional life of a Master of Science Engineer.","['Industrial economics and value creation', 'Technology development as a competitive factor', 'Technology-based business models', 'Strategy and marketing', 'Production and product development', 'Organization and HRM', 'Product Costing and Investment Assessment', 'Cost and revenue analysis', 'Profit planning models', 'Basic cost calculations', 'Contribution calculations', 'Investment assessment', 'Financial accounting and financing', 'Bookkeeping and accounting', 'Annual report analysis', 'Capital requirements calculation', 'Ethics', 'Ethical theories', 'Engineering ethics']","['be able to explain and understand the basic concepts of business administration.', 'be able to describe basic concepts and models within the following areas: business plans and strategy, as well as organization and marketing.', 'be able to understand and describe models and key concepts in production and investment calculations.', 'be able to describe and have an understanding of basic external reporting.', 'be able to formulate in detail estimates of capital requirements in manufacturing companies.', 'be able to have an insight into possible alternative methods of financing.', 'explain and understand moral philosophy concepts and theories.', 'be able to use and synthesize basic business administration models and concepts in the areas of product calculation and investment decision-making.', 'be able to apply running overall external reporting and balancing of the books and, with the help of a key value, evaluate the annual accounts of an enterprise.', 'be able to use detailed estimates of capital requirements in manufacturing enterprises.', 'Be able to identify and analyse ethical problems and dilemmas within professional and organisational contexts', 'be able to analyze the interaction between technology development as a competitive factor, technology-based business models, strategy and marketing, production and product development, as well as organization and HRM.', ""show insight within technological possibilities and limitations, the contribution of technology to society and about humans' responsibilities regarding social, financial, ethical and enviromental aspects.""]",[],"['Practical case assignments', 'Laboratory', 'Ethic assignment', 'Written examination']",MIOA15
"Managerial Economics, Basic Course",9.0 credits,Bachelor,"The aim of the course is to give a general economic overview. The students should, from an economic perspective, arrive at an understanding of the interplay of the various part systems in the enterprise. The course is intended to give a basic ability to understand and utilize economic and business concepts. Basic models used in this context are also included in the course. Relying on this basic knowledge, the students must be able to form judgements taking into account the whole of the enterprise. Special stress is laid on the basic knowledge of economics, which will be necessary in the professional life of a Master of Engineering Science.","['Industrial economics and value creation', 'Technology development as a competitive factor', 'Technology-based business models', 'Strategy and marketing', 'Production and product development', 'Organization and HRM', 'Product Costing and Investment Assessment', 'Cost and revenue analysis', 'Profit planning models', 'Product costing', 'Investment assessment', 'Financial accounting and financing', 'Bookkeeping and accounting', 'Capital requirements calculation', 'Project work with oral and written capability']","['be able to explain and understand the basic concepts of business administration.', 'be able to describe basic concepts and models within the following areas: business plans and strategy, as well as organization and marketing.', 'be able to understand and describe models and key concepts in production and investment calculations.', 'be able to describe and have an understanding of basic external reporting.', 'be able to formulate in detail estimates of capital requirements in manufacturing companies.', 'be able to have an insight into possible alternative methods of financing.', 'be able to relate to and identify with an enginuers roll within business development.', 'be able to create and set out an article on a popular scientific subject.', 'be able to use and synthesize basic business models and concepts in the areas, strategy, marketing, production, productdevelopment, organisation and HRM.', 'be able to select, interpret and use basic financial calculations as a decision basis for various business situations.', 'be able to apply running overall external reporting and balancing of the books and, with the help of a key value, evaluate the annual accounts of an enterprise.', 'be able to use detailed estimates of capital requirements in manufacturing enterprises.', 'be able to apply business concepts in realistic situations.', 'be able to author in writing an article on a popular scientific subject, and discuss orally and debate its contents.', ""show insight within technological possibilities and limitations, it's contribution to society and enigneers 's responsebilities regarding social, financial and enviroment aspects""]",[],"['Approved examination, containing both theoretical questions and problem solving', 'Approved popular scientific article', 'Prepared assignment and participation in a case discussion']",MIOA01
Mathematics - Analytic Functions,7.0 credits,BSc,"The aim is to provide concepts and methods from real and complex analysis which are important for further studies within for example mathematics, economy, physics, field theory, mathematical statistics, control theory, signal theory, and for professional work in the future. The aim is also to make the students develop their ability to solve problems, to assimilate mathematical text and to communicate mathematics.","['Sums and series: sequences, difference equations, numerical series, absolute and conditional convergence', 'Function sequences and function series', 'Norms of functions and uniform convergence', 'Power series: radius of convergence, integration and differentiation of power series, power series expansions', ""Fourier series: exponential and trigonometric Fourier series, questions of convergence, Parseval's formula"", 'Holomorphic functions: definition, Cauchy-Riemann equations, elementary analytic functions', ""Cauchy's integral theorem and integral formula"", 'Expansion in power series, the identity theorem, the residue theorem', 'Calculation of real integrals by residue calculus']","['Be able to account for the definitions and properties of the elementary holomorphic functions.', 'Be able to explain the basic theory of holomorphic functions (derivatives and integrals).', 'Be able to show an understanding of the concept of convergence of a series, and be familiar with and be able to use some criteria to decide convergence.', 'Be able to show an understanding of how functions and signals can be represented in different ways, as sequences and as function series.', 'Have some experience of and understanding of mathematical and numerical software.', 'Be able to demonstrate an ability to independently choose appropriate methods to solve linear difference equations, and to carry out the solution essentially correctly.', 'Be able to demonstrate an ability to independently choose appropriate methods to decide whether a numerical series converges or diverges, and, in the case of convergence, to estimate its sum with different methods.', 'Be able to demonstrate a good ability to identify situations where different kinds of Fourier expansions are suitable, and to choose appropriate methods to derive such expansions.', 'Be able to demonstrate an ability to independently choose appropriate methods to decide whether a function series can be differentiated or integrated term-wise.', 'Be able to demonstrate an ability to independently choose appropriate methods to solve problems connected to holomorphic functions.', 'Be able to demonstrate an ability to choose appropriate methods to evaluate some types of real integrals by means of residue calculus.', 'In connection with problem solving be able to demonstrate an ability to integrate knowledge from the different parts of the course.', 'With proper terminology, in a well-structured manner and with clear logic be able to explain the solution to a problem.']",['FMAA01 Calculus in One Variable or FMAA05 Calculus in One Variable or FMAA50 Calculus or FMAB30 Calculus in Several Variables or FMAB35 Calculus in Several Variables or FMAB45 Calculus in One Variable A1 or FMAB50 Calculus in One Variable A2 or FMAB60 Calculus in One Variable A3 or FMAB65 Calculus in One Variable B1 or FMAB66 Calculus in One Variable Beta 1 or FMAB70 Calculus in One Variable B2'],"['Written test comprising theory and problems', 'Assignments requiring work with and without computer']",FMAF01
Optimum and Adaptive Signal Processing,7.5 credits,MSc,"The course provides basic knowledge in statistical signal processing and the theory of optimal methods and how they can be applied. The course presents signal processing methodology and solutions to problems where digital systems tune in automatically and adapt to the environment. The student is given enough theoretical and practical knowledge to independently be able to formulate the mathematical problem, solve it and implement the solution for use with real-life signals.","['Optimum filtering', 'Wiener filters', 'Linear prediction', 'The Levinson-Durbin algorithm', 'Basics about adaptive filters', 'From optimal to adaptive filters', 'Cost functions, minimization problems and iterative procedures', 'Convergence and tracking capability, implementation aspects', 'Strategies for how to connect adaptive filters', 'The LMS family', 'Principle and derivation of LMS', 'Convergence analysis and parameter settings', 'Variants including Normalized LMS, Leaky LMS, Fast LMS and Sign LMS', 'Matlab implementation of LMS', 'LMS in fixed-point arithmetic', 'The RLS family', 'Aspects when using RLS', 'Matlab implementation of RLS', 'Numerical properties of RLS']","['have knowledge about and understand the main concepts in optimum and adaptive filter theory', 'be able to apply the most commonly used methods to real problems and real-life signals (Matlab-level)', 'be able to formulate mathematical problems based on described situations', 'be able to explain the main principles behind the most common adaptive methods (LMS and RLS)', 'be able to explain/calculate the convergence and stability properties for these methods', 'be able to sketch the most common block diagrams/structures used for adaptive filters and their properties', 'be able to set parameters needed to make the algorithms work', 'be able to foresee the consequences for the algorithms when implemented in fixed-point arithmetic', 'be able to implement adaptive filters', 'have the ability to analyze, evaluate and implement adaptive algorithms, and be able to interpret and describe the principles which they are based on.', 'have the insight that many different technical problems can be solved using the same methods.']","['EITF75 Digital signal processing', 'EITA50 Signal processing in multimedia', 'EITF15', 'BMEF25 Digital signal processing - theory and applications', 'BMEA05 Signals and systems', 'EITG10 Systems, Signals and Discrete Transforms']","['Written Exam', 'Project Report']",EITN60
"Automatic Control, Advanced Course",7.5 credits,MSc,"The course gives an in-depth treatment of design of linear control systems with limitations. Special attention is given to design trade-offs and fundamental limitations, and how mathematical optimziation can be used as a design tool, both offline and online. The course covers both continuous-time and discrete-time control systems.","['The control design process', 'stability', 'sensitivity', 'robustness', 'the small-gain theorem', 'transfer function matrices', 'non-minimum-phase systems', 'disturbance models in the time domain and frequency domain', 'frequency-domain specifications', 'fundamental limitations and trade-offs', 'controller structures', 'the Youla parameterization and internal model control', 'sampled-data control', 'linear-quadratic optimization of state feedback and Kalman filter', 'model-predictive control', 'controller synthesis using convex optimization']","['be able to translate between, and intelligently select among, different representations for continuous-time and discrete-time systems, in particular transient responses, transfer functions, and state-space descriptions.', 'be able to derive properties of interconnected systems from the properties of their subsystems, and to characterize and quantify the role of the different subsystems.', 'be able to formulate constraints on input signals and output signals of a control system and to relate these to conditions on the matrices that describe the system.', 'be able to analyse how process characteristics put limitations on the control performance that can be achieved.', 'be able to independently formulate technical specifications based on understanding of the control system should be used and interact with the external environment.', 'be able to select control design methods and model structures, and translate specifications into mathematical optimization problems to be solved online or offline.', 'draw conclusions from numerical calculations about the correctness of models and specifications, and about the consequences for the interaction between the system and the environment.', 'understand relationships and limitations when simplified models are used to describe a complex and dynamic reality.', 'show ability to teamwork and group collaboration at laboratories.']","['FRTF05 Automatic Control, Basic Course or FRTN26 Process Control.']","['Written exam (5 hours)', 'three laboratory exercises', 'one hand-in assignment']",FRTN55
Design of Digital Circuits - A Systems Approach,9.0 credits,BSc,The aim of the course is to give basic knowledge about digital systems. Especially the ability to construct and analyse models is emphasised.,"['state descriptions', 'boolean algebra', 'digital circuit elements', 'gates', 'flip-flops', 'memory', 'transistor level design', 'digital systems', 'combinatorial functions', 'state machines', 'hardware description languages', 'simulation', 'synthesis']","['be able to identify and formulate problems within the area of digital circuit switching.', 'be able to classify the level of difficulty of problems related to the his/her own level of knowledge.', 'be able to model digital systems of low complexity by use of state descriptions.', 'be able to analyse and describe digital systems of low and medium high complexity.', 'be able to realise digital systems of low and medium high complexity with digital circuits.', 'be able to show ability to handle new concepts, methods and results.', 'be able to show insight concerning possibilities and limitations of digital systems.']",[],"['Supervised, digital exam', 'Passed laboratory lessons']",EITF65
"Energy Systems Analysis: Energy, Environment and Natural Resources",7.5 credits,MSc,"The course provides an understanding of the complex interconnections between energy and resource use, and large-scale environmental problems. Different qualitative strategies to attain sustainable energy systems are critically evaluated from different perspectives. The course departs from already acquired knowledge and relates it to the issue of sustainability of energy systems and resource use.","['Energy services', 'Energy system components: extraction, conversion, distribution, final use', 'Environmental problems related to energy systems (e.g., climate change, land use)', 'Qualitative strategies for sustainable energy systems: lower and more efficient energy use, increased use of renewable energy, advanced technologies for fossil fuel use, nuclear power', 'Societal issues: energy security, economics', 'Methods and models for analysing energy system issues', 'National and international research and policy debate']","['Be able to describe the interconnections between energy and resource use on one hand, and some important environmental and societal problems on the other.', 'Be able to describe different long-term strategies sustainable energy systems.', 'Be able to present independent analyses in the scientific field of the course, in writing as well as orally.', 'Show the ability to critically evaluate and compare different long-term strategies for a sustainable supply and use of energy.']",['Minimum 120 ECTS credits.'],"['Approved assignments', 'Written exam', 'Presence at seminars is mandatory']",FMIN25
"Formula Student 1 - Initiation, Pre-study and Design",7.5 credits,MSc,"This course aims to provide knowledge and experience in project form under strict deadlines. The students design and manufacture a complete car concept in the form of a formula car, where the entire process from initiation, feasibility study, planning, implementation and closure is treated. In this course Initiation, pre-study, planning and design are handled. The students take on different project group roles, and through the course get an understanding of a project's various stages to a production ready product. The course challenges students' skills in applying knowledge from previous courses such as mechanics, electrical engineering, programming, solid mechanics, construction technology, manufacturing methods and vehicle technology. Along the way student will face challenges and learn about group development, teamwork, project management, budgeting, marketing and presentation.","['initiation', 'pre-study', 'planning', 'design', 'project management', 'group development', 'teamwork', 'budgeting', 'marketing', 'presentation', 'mechanics', 'electrical engineering', 'programming', 'solid mechanics', 'construction technology', 'manufacturing methods', 'vehicle technology']","['describe the relevance of the selected problem area', 'explain the problem with relevant terminology', 'carry out an analysis and synthesis of the selected problem', 'understand the impact/consequence of the design/planning on future manufacturing, assembly and testing', 'analyse the chosen problem and suggest a constructive solution', 'assess the feasibility of approaches and assumptions', 'be able to apply knowledge from previous courses', 'through a report clearly document their work and experiences for knowledge transfer to future course participants', 'demonstrate the ability to make assessments with regard to relevant technical, economical and time aspects and demonstrate awareness of its impact on other project areas', ""show insight into the possibilities and limitations of their problem area, its role in the project and people's responsibility and cooperation for how it is applied"", 'demonstrate the ability to identify their need for additional knowledge and to continuously develop their skills']",['Completed a minimum of 90 credits within relevant programme.'],"['completion of a report', 'oral feedback sessions']",MVKP45
Matrix Theory Matristeori,7.5 credits,Second Cycle,"The main aim of the course is to convey knowledge about concepts and methods from matrix theory and linear algebra which are important in applications within many subjects in technology, science and economy, and familiarity with their use. In addition, the course should develop the student's ability in general to assimilate and communicate mathematical theory and to solve problems. Furthermore, the course should strengthen the student's ability in mathematical programming.","['Matrices and determinants', 'Linear spaces', 'Spectral theory', 'The Jordan normal form', 'Matrix factorizations', 'Matrix polynomials and matrix functions', 'Norms', 'Scalar products', 'Singular values', 'Normal matrices', 'Quadratic and Hermitian forms', 'The Least Squares method and pseudo inverses', 'Non-negative matrices', 'Some important inequalities']","['independently be able to characterize and use different types of matrix factorizations.', 'be able to understand and independently explain the theory of matrix functions, in particular polynomials, and its connection to the Jordan normal form.', 'be able to describe different types of vector and matrix norms, and to compute or estimate them as well with as without computer support.', 'be able to state the common classes of normal matrices and their properties.', 'be able to account for the main results in the theory of non-negative matrices, and be able to describe applications of them.', 'with access to literature be able to integrate methods and approaches from the different parts of the course in order to solve problems and answer questions within the framework of the course.', 'with access to literature be able to write Matlab programs for the solution of mathematical problems within the framework of the course.', 'orally and in writing, with clear logic and with proper terminology be able to explain the solution to a mathematical problem within the framework of the course.', 'with access to the resources of a library be able to independently assimilate and sum up the contents of a text in technology in which matrix theoretical methods are used.']","['FMA420 Linear Algebra', 'FMA421 Linear Algebra with Scientific Computation', 'FMAA20 Linear Algebra with Introduction to Computer Tools', 'FMAA21 Linear Algebra with Numerical Applications', 'FMAB20 Linear Algebra', 'FMAB22 Linear Algebra']","['Take-home exam', 'Oral exam', 'Two minor projects']",FMAN71
Modelling and Learning from Data,7.5 credits,MSc,"The course provides an introduction to the problem of learning from data, focusing on dynamical systems and on the basic concepts behind data analysis. The aim of the course is that students should learn principles and fundamental limitations of what can be learned from data, with techniques coming both from the machine learning and system identification domains.","['machine learning problems and algorithms', 'supervised learning (classification, regression)', 'unsupervised learning (clustering)', 'structured causal modeling', 'directed acyclic graphs', 'causal inference', 'system identification', 'gray-box and black-box models', 'linear regression', 'maximum likelihood estimation', 'prediction error methods', 'experiment design', 'acausal equation based modeling', 'dynamical systems', 'physics based modeling']","['be able to define the basic concept behind data analysis', 'understand the limitations of the learning paradigm and the guarantees and confidence in the learning process', 'have knowledge about the different model types and alternatives that can be used to describe the data', 'understand and follow the different phases in the process of building models, from the design of the learning process to its application to a set of data, and validation of the obtained model', 'describe and motivate basic properties of both machine learning models (such as regression, neural networks, and classifiers) and system identification methods (such as least squares, prediction error methods, and recursive identification procedures)', 'be able to implement machine learning algorithms and reason about the best choice for a given set of data', 'be able to implement system identification procedures and perform model selection and determine how to analyze a given set of data', 'be able to use acausal, equation-based modeling to simulate and understand dynamical multidomain systems', 'be able to use structured causal models and directed acyclic graphs to determine causal relations from data', 'solve learning problems by writing and using computer programs', 'understand the confidence that it is possible to achieve with data analysis', 'understand the difference between correlation and causality', 'master teamwork and collaboration in laboratory exercises']","['FRTF05 Automatic Control, Basic Course', 'FRTF01 Physiological Models and Computations']","['Written exam', 'laboratory exercises including hand-in assignments']",FRTN65
Rehabilitation Engineering,7.5 credits,BSc,"The purpose of this course is to be an eye-opener as to how technology can create possibilities for people with disabilities to increase their independence, quality of life and ability to participate in society. Knowledge of the human being and the ability to understand different people's lives will be important characteristics of an engineer to be able to participate in society's aspirations for diversity. Diversity and inclusion are part of sustainable development, and link to several of the goals in Agenda 2030, eg 3: good health and well-being, goal 4: good education for all, goal 5: gender equality, goal 8: decent work and economic growth, goal 10: reducing inequality, goal 11: sustainable cities and communities, goal 16: peaceful and inclusive communities.","['Rehabilitation engineering', 'Disability and accessibility', 'Technical aids', 'Empathic modeling', 'Universal design', 'Human-oriented design', 'Assistive technology']","['be able to identify and analyze the factors that may hinder people with disabilities, with a focus on what the individual wants to do in a concrete situations', 'be able to reflect on and describe how technical aids can support and enable people with different disabilities to fulfill their dreams, desires and needs', 'be able to evaluate a product for people with mobility impairments, hearing impairments, visual impairments and cognitive difficulties', 'be able create a list of requirements and take into account the usability and accessibility aspects for a diverse group of users', 'be able to develop a prototype that is suitable for a specific user profile or which has a focus on universal design', 'give a brief oral presentation of the prototype and its use', 'be able to describe the prototype and the design process in an accessible way on a poster', ""be able to critically review another group's poster"", 'be able to articulate the values that lie in the UN Convention on the Rights of Persons with Disabilities, to fully enjoy all human rights and fundamental freedoms, with or without technical or human assistance', 'be able to describe the goal of designing products and services so they are aesthetic and usable for as many people as possible regardless of age and abilities', 'to take into account that people are different with a great variety of conditions and abilities and that they have different desires and needs', ""be able to express that there is a positive challenge to try to create solutions that increase an individual's independence and quality of life""]",['At least 120 credits awarded or credited within the study programme'],"['individual compulsory assignments', 'take-home exam', 'project work']",TNSF05
Advanced Algorithms,7.5 credits,MSc,"Algorithms play an important role in computer science and many other science and engineering disciplines. Part of this knowledge has found its way into many science and engineering undergraduate curricula. This advanced algorithms course covers a number of modern topics outside of this basic curriculum. First, randomization plays an important role in all aspects of algorithms and data structures. This includes basic solutions, such as hash tables and quick sort, that are part of standard data structure libraries used by every programmer. A large part of the internet, from routing tables to massive-scale companies such as Google, are completely reliant on randomization. But even though these ideas are often both simple, very efficient, and highly practical, they are typically not included in a basic course because of lacking prerequisites from discrete probability theory. Second, a large number of problems are known to be computationally intractable, in the strict sense of being hard for complexity classes like NP or #P. However, this problems still need to be solved. The course presents design and analysis techniques outside of the basic algorithmic undergraduate curriculum for attacking these problems, such as approximation algorithms, exponential time algorithms, parameterized complexity, heuristics and randomized solutions. Third, many algorithmic solutions must be viewed in the face of massive data encountered today in many application areas, such as google-size databases and information-age science. As instance size grow to mega- and gigabytes, basic data structures and even storage models need to be reconsidered, and new questions arise. Often, randomization plays a central role in the solutions.","['Parameterized algorithms and complexity', 'Design, applications, and analysis of randomized algorithms', 'Hash functions', 'Randomized data structures', 'Markov chains and random walks', 'Chernoff bounds', 'Method of conditional probability', 'Probabilistic method', 'Balls and bins', 'Approximation algorithms', 'Models and data structures for massive data']","['be informed about basic randomized algorithms and data structures', 'recognize various computational paradigms for the solution or hard problems', 'be informed about modern data structures for massive data sets', 'be able to reason in various models of computation for massive data', 'be able to analyze a randomized algorithm using tools from discrete probability theory, with respect to both performance and correctness guarantees', 'be able to analyze the approximation hardness of a computationally hard problem', 'be able to implement and test a solution to computationally hard problem', 'be able to implement and test an efficient data structure for a massive scale problem', 'be able to suggest informed and well-reasoned solutions to computationally hard problems', 'be able to select between probabilistic models for randomized computation', 'be able to assess the viability of algorithmic solutions based on both experimental and formal analyses of their efficiency and soundness', 'be able to evaluate the relevance of an algorithmic solution presented in the research literature']","['A passing grade in the course EDAA01 (Programming - Second Course) and completed compulsory course items or a passing grade in the written exam in EDAF05 (Algorithms, Data structures and Complexity) and FMS012/FMSF45 (Mathematical Statistics, Basic Course)']","['Written exam', 'Laboratory work', 'Hand-in assignments']",EDAN55
Discrete Mathematics,7.5 credits,BSc,"The aim of the course is to treat some basic parts of discrete mathematics, of importance in computer science, information theory, signal processing, physics and many other subjects in technology and science. The aim is also to develop the students' ability to solve problems and to assimilate mathematical text. The course should also provide general mathematical education.","['Number theory', 'Sets, functions and relations', 'Combinatorics', 'Recursion', 'Rings and fields', 'Graph theory']","['be able to understand and in his or her own words clearly define the central concepts in combinatorics, number theory, graph theory, functions and relations, and the theory of finite fields.', 'in his or her own words be able to describe the logical connections between the occurring concepts (theorems and proofs).', 'with confidence be able to carry out routine calculations within the framework of the course.', 'in practical situations, with confidence be able to identify different combinatorial selections: with/without repetition, with/without regard to order.', 'explain how results about finite fields and linear algebra may be used for coding.', 'be able to demonstrate ability to identify problems which can be solved with methods from discrete mathematics and to choose an appropriate method.', 'in connection with problem solving be able to demonstrate ability to integrate results from various parts of the course.', 'with proper terminology, in a well-structured way and with clear logic be able to explain the solution to a problem.', 'be able to use basic theorems of graph theory to draw conclusions about a given graph (of moderate size).', 'apply methods from linear algebra to coding theory.']",['Elementary linear algebra and calculus in one variable'],"['Written exam', 'Oral exam']",FMAB75
High Performance Computer Graphics,7.5 credits,MSc,"The purpose of the course is to that the students shall comprehend the foundations about three-dimensional computer graphics using hardware accelerators. Furthermore, the student shall understand how graphics algorithms for hardware work, and the student shall be able to apply this in practice.","['Graphics architectures', 'shader programming', 'graphics APIs', 'edge functions', 'perspectively correct interpolation', 'texturing', 'caching', 'filtering', 'fixed-point math', 'texture compression', 'performance analysis', 'antialiasing algorithms', 'culling algorithms']","['be able to analyze graphics architectures, and also be able to set up hypotheses about what a new algorithm can give in terms of improvements.', 'be able to describe graphics architectures.', 'have an insight into the current state of the art APIs for graphic', 'be able to implement three-dimensional applications on hardware accelerators using existing APIs.', 'be able to design, develop and use software to implement algorithms intended for graphics hardware', 'be able to evaluate and be able to value graphics architectures, i.e., study theoretical issues.', 'be able to orally describe the assignments.', 'be able to find information about algorithms, and critically value these, and thereafter implement, and test whether a good result can be obtained.']",['Completed compulsory course items from EDAF80 Computer Graphics.'],"['Written examination', 'completed course assignments', 'laboratory work', 'project']",EDAN35
Introduction to Artificial Neural Networks and Deep Learning,7.5 credits,MSc,"The general aim of the course is that the students should acquire basic knowledge about artificial neural networks and deep learning, both theoretical knowledge and practical experiences in usage for typical problems in machine learning and data mining.","['Feedforward networks: the simple and the multi-layer perceptron; choice of appropriate error functions and technologies to minimise these; over-training and how this can be discovered and avoided; committees of neural networks and technologies to create committees', 'Feedback networks: its use in time series analysis and as associative memories (Hopfield model)', 'Convolution network: applications in image processing', 'Auto-encoder: methods for non-linear dimensional reduction; pre-training', 'Generating network: variational auto-encoder and GAN for synthetic data generation', 'Transformer modules: its use in language models; training with self attention']","['be able to in detail give an account of the function and the training of small artificial neural networks', 'be able to explain the meaning of over-training and in detail describe different methods that can be used to avoid over-training', 'be able to on a general level describe different types of deep neural networks', 'be able to independently formulate mathematical functions and equations that describe simple artificial neural networks', 'be able to independently implement artificial neural networks to solve simple classification or regression problems', 'be able to systematically optimise data-based training of artificial neural networks to achieve good generalisation', 'be able to use and modify deep networks for advanced data analysis', 'be able to critically review a data analysis with artificial neural networks and identify potential gaps that can influence its reproducibility']",['(FMAB20 Linear Algebra or FMAB22 Linear Algebra) and (FMAB30 Calculus in Several Variables or FMAB35 Calculus in Several Variables) and (FMAA01 Calculus in One Variable or FMAA05 Calculus in One Variable or FMAB65 Calculus in One Variable B1 or FMAB66 Calculus in One Variable Beta 1) and (FMAA01 Calculus in One Variable or FMAA05 Calculus in One Variable or FMAB70 Calculus in One Variable B2)'],"['written exam', 'written reports to the computer exercises']",EXTQ41
,,,,[],[],[],[],BERN04
Critical Thinking and Complex Systems: Challenges and Futures,7.5 credits,A (Second Cycle),"Technical design, innovation and their consequences play a pivotal role in the current transformation towards sustainable development of society. The course aims to equip students with skills and offer perspectives that extend beyond specialized expertise as this alone is not sufficient to effectively contribute to socially responsible societies and processes. The course content and learning outcomes encourage critical thinking on dominant systems and assumptions through reflecting on for instance existing power constellations, vested interests, and norm conflicts. To navigate complex challenges, future professionals should master key sustainability competencies that allow them to effectively approach complexity in transdisciplinary circumstances. This requires understanding of how values influence processes and decisions (values-thinking), how problems are interconnected and cannot be viewed in isolation (systems-thinking), how envisioning different potential futures can help promote long-term sustainability (futures-thinking) to foster strategic and transformative change.","['Futures thinking: examples of futuring techniques such as backcasting', 'Systems thinking: linkage of historical development to present systems, mapping causes and consequences, leverage and intervention points', 'Values thinking: principles, norms and trade-offs including concepts such as justice and responsibility in various processes', 'Strategies thinking: Planning under uncertainty, complexity with respect to sociotechnical issues', 'Team and individual growth: awareness of own competence and contribution, through goal setting activities, evaluation, peer feedback and reflexive practices', 'Communication and argumentation: Effective, authentic and clear argumentation aiming at meaningful sense-making with respect to complex issues']","['Discuss sustainability aspects of societal and/or socio-technical issues and their interconnectedness in a coherent, well-developed and non-superficial way.', 'Describe the impact of different relevant worldviews and discuss some inherent and relevant polarities with respect to societal issues.', 'Apply systems thinking in order to identify and understand key elements such as relevant trade-offs, present and historical priorities and power structures.', 'Construct and engage with future visions including critical uncertainties and consider alternative development pathways.', 'Integrate knowledge and insights critically and systematically to develop elements of a transition strategy.', 'Advance effective collaboration competency through iterative reflection.', 'Engage in critical thinking across perspectives based on recognizing and respecting yours and others’ values, needs and circumstances.', 'Reflect on and argue for a personal view on professional responsibility and change agency.']","['120 credits within the programme syllabus', 'Experience with group project work']","['Preparation according to instructions for discussion seminars and workshops', 'Submission of quizzes, written reflections and analyses in due time', 'Active participation in seminars and workshops', 'Continuous reflection on group work', 'Continuous analysis of case development', 'Case dissemination as relevant (paper/poster/seminar/presentation/peer-feedback)', 'Peer feedback, showing independent application of course methods and theories in writing and/or orally']",MXLN01
Optimization,7.5 credits,MSc,The purpose of the course is for the student to gain a good knowledge of the basic theory for nonlinear optimization and the most important numerical methods.,"['Quadratic forms and matrix factorisation', 'Convexity', 'Separating planes and Farkas Lemma', 'Theory of optimization with and without constraints', 'Lagrange functions', 'Karush-Kuhn-Tucker theory', 'Duality', 'Methods for optimization without constraints: line search, steepest descent, Newton methods, conjugate directions, non-linear least squares optimization', 'Nelder-Mead search algorithm without derivatives', 'Methods for optimization with constraints: linear optimization, quadratic programming, penalty and barrier methods']","['be familiar with and, in his/her own words, be able to describe the optimization algorithms, for problems with and without constraints, encountered in the course, and their properties.', 'be familiar with the theory of convex sets and convex functions, and be able to state and derive the most important theorems on convexity.', 'be aware of how to make use of convexity in the treatment of an optimization problem.', 'be familiar with Karush-Kuhn-Tucker theory and be able to state and derive the most important theorems therein.', 'be able to explain the principles of numerical optimization with line search including the properties of the most common methods.', 'be able to demonstrate an ability to solve optimization problems within the framework of the course.', 'be able to demonstrate an ability to handle optimization problems using a computer.', 'be able to demonstrate an ability to, in the context of problem solving, derive simple results not previously encountered in the course.', 'be able to describe the connections between different concepts in the course, with proper terminology and in a well structured and logically consistent manner.', 'with proper terminology, suitable notation, in a well structured way and with clear logic be able to describe the solution to a mathematical problem and the theory within the framework of the course.', 'be able to explain why convex optimization problems have better properties than others.']","['Basic university studies in calculus and linear algebra, including basic theory of quadratic forms.']","['Written test comprising theory and problems', 'Computer exercises', 'Project']",FMAN61
Project in Computer Science,7.5 credits,MSc,The aim of the course is to develop a deeper understanding of a subarea of computer science.,"['supervised literature studies via databases and library', 'supervised practical work within the chosen project area', 'written report and oral presentation']","['have a deepened knowledge of the chosen topic', 'know how to document and present a project according to scientific standard', 'be able to plan, execute, and document the chosen project', 'be able to search for and summarize relevant information', 'be able to apply gathered knowledge within the chosen area', 'be able to present the result of the project in both written and oral form', 'be able to reflect on the project in a short report']","['EDAA01 Programming - Second Course', 'EDAA30 Programming in Java - Second Course', 'FRTF25 Introduction to Machine Learning, Systems and Control', 'one of the department’s courses on G2 or A level related to the chosen project topic']","['project work', 'short report', 'oral presentation']",EDAN70
"Project in Systems, Control and Learning",7.5 credits,MSc,"The aim of the course is to establish and develop the student's knowledge of automatic control or machine learning in the form of a practical project. The project contains several of the typical phases in an engineering project: modelling, identification or learning, analysis, synthesis, and computer implementation. Modelling is often an important and time consuming part of an industrial project. It is also important to describe the fundamental limitations given by the dynamics in sensors and actuators and by measurement noise and actuator limitations, or by limitations in the training data. The course projects are typically performed on real model processes available at the department. In some cases the experiments are done at another department or in industry. The design is first developed for a mathematical model. Software tools are used during the modelling, design, and simulation, and during the implementation. Some examples of model processes that may be used in the projects are inverted pendulums, model helicopters, quadruple tank processes, and industrial robots.","['modelling', 'identification', 'learning', 'analysis', 'synthesis', 'computer implementation', 'documentation', 'presentation', 'automatic control', 'machine learning']","['have improved his/her basic knowledge and skills of control and/or machine learning', 'have developed new knowledge and skills within the area of the project', 'be able to perform several of the phases in a typical engineering project: modelling, identification or learning, analysis, synthesis, computer implementation, documentation and presentation', 'present the results in both written and oral form', ""give feedback on other students' work"", 'show the ability for teamwork and collaboration in project form']","['FRTF05 Automatic Control, Basic Course or FRTF25 Introduction to Machine Learning, Systems and Control']","['Accepted project, completed within the stipulated deadlines']",FRTN70
,,,,[],[],[],[],FRTN40
Project in Applied Mathematics,3.0 credits,MSc,The aim of the course is to give the engineering student who is interested in mathematics the opportunity to independently extend his or her knowledge of mathematics as well as to give practice in written and oral communication.,[],"['be able to account for the mathematics within the chosen project in detail.', 'be able to reasonably independently, through literature study, acquire new mathematical knowledge at a level corresponding to advanced courses at LTH.', 'be able to account for the results of a mathematical study through a written report.']","['Participation in one of the courses FMAN20, FMAN25, FMAN55 or FMAN95.']","['Approved project report and oral presentation, singly or in pair.', 'Acting as opponent on another report.']",FMAN40
"Automatic Control, Basic Course",7.5 credits,BSc,"The aim of the course is to give knowledge about the basic principles of feedback control. The course will give insight into what can be achieved with control, and the possibilities and limitations. The course covers linear continuous-time systems.","['Introduction; overview of control', 'Describing dynamical systems using time-invariant ordinary differential equations', 'Transfer function', 'Frequency responses', 'Bode and Nyquist diagrams', 'Relations between different representations', 'Controllability and observability', 'Analysis of feedback systems', 'Signal following and disturbance rejection', 'Stability', 'Overview of stability analysis methods: root locus and Nyquist criterion', 'Practical stability', 'Phase and amplitude marginals', 'Synthesis and implementation of controllers', 'Specifications', 'Control principles and controller structures: PID control, cascade control, feedforward', 'Synthesis of systems with a given transfer function: pole-placement through state feedback and output feedback', 'Reconstruction using Kalman filter', 'Bode and Nyquist compensation', 'Delay compensation', 'Application examples']","['be able to define the fundamental concepts of control.', 'be able to linearise nonlinear dynamical models.', 'be able to compute the relations between dynamical models in the form of transient responses, transfer functions, differential equations on state-space form, and frequency responses described with Bode or Nyquist diagrams.', 'be able to analyse dynamical systems with respect to stability, robustness, stationary characteristics, controllability, and observabilility.', 'be able to implement controllers using discretization of analog controllers.', 'be able to design controllers from given specifications on robustness and performance based on models on state-space form, transfer function form, Bode diagrams or Nyquist diagrams', 'be able to design controllers based on cascade connections, feedforward, and delay compensation', 'be able to evaluate controllers by analysing transient and frequency responses, and via laboratory experiments on real processes', 'understand relationships and limitations when simplified models are used to describe complex dynamical systems.', 'show ability for teamwork and collaboration at laboratory exercises.']",['Compulsory courses in mathematics (including calculus in several variables).'],"['Written exam (5 hours)', 'Laboratory exercises']",FRTF05
Spatial Statistics with Image Analysis,7.5 credits,MSc,"The aim of the course is to provide the student with tools for handling high-dimensional statistical problems. The course contains models, and methods with practical applications, mainly for spatial statistics and image analysis. Of special importance are the Bayesian aspects, since they form the foundation for many modern spatial statistical and image analysis methods. The course emphasises methods with applications in climate, environmental statistics, and remote sensing.","['Bayesian methods for stochastic modelling and reconstruction', 'Random fields, Gaussian random fields, Kriging, Gaussian process regression, Gaussian Markov random fields', 'spatial fields defined through stochastic partial differential equations', 'non-Gaussian observations', 'Covariance functions, multivariate techniques', 'Simulation methods for stochastic inference (Gibbs sampling)', 'Applications in climate, environmental statistics, remote sensing, and spatial statistics']","['explain and use the concept of a stochastic model, in particular from a Bayesian perspective', 'describe the principles of Bayesian modelling and inference', 'identify and describe stochastic models and analysis methods for high-dimensional problems, in particular regarding spatial statistics and image analysis', 'independently suggest and analyse stochastic models for high-dimensional data, in particular in spatial statistics and image analysis', 'independently implement a computer program for the solution of a given statistical problem and relating analysis method', 'present motivations, course of action, and conclusions in the solution of a given statistical problem, both written and orally', 'identify and problematize possibilities and limitations of stochastic modelling and inference, in particular in high-dimensional problems', 'be able to assume a stochastic point of view on random variation in natural phenomena']","['FMSF10 Stationary Stochastic Processes', 'FMSF15 Markov Processes', 'FMSF20 Mathematical Statistics, Basic Course', 'FMSF25 Mathematical Statistics - Complementary Project', 'FMSF32 Mathematical Statistics', 'FMSF45 Mathematical Statistics, Basic Course', 'FMSF50 Mathematical Statistics, Basic Course', 'FMSF55 Mathematical Statistics, Basic Course', 'FMSF70 Mathematical Statistics', 'FMSF75 Mathematical Statistics, Basic Course', 'FMSF80 Mathematical Statistics, Basic Course', 'At least one course in Markov processes or Stationary stochastic processes. Programming experience.']","['Written and oral lab reports', 'Final project with written and oral project presentation']",FMSN20
,,,,[],[],[],[],MASM25
Computer Vision,7.5 credits,MSc,"The aim of the course is to give an overview of the theory of and practically useful methods in computer vision, with applications within e.g. vision systems, non-invasive measurements and augmented reality. In addition the aim is to make the student develop his or her ability in problem solving, with and without a computer, using mathematical tools taken from many areas of the mathematical sciences, in particular geometry, matrix theory, algebraic geometry, optimization, mathematical statistics, invariant theory and transform theory.","['Projective geometry', 'Geometric transformations', 'Modelling of cameras', 'Camera calibration', 'Epipolar geometry', 'Stereo vision', 'Photogrammetry', 'Model fitting', 'Robust metrics', 'Minimal solvers', '3D-modelling', 'Geometry of surfaces and their silhouettes', 'Deformable models', 'Visualisation']","['be able to clearly explain and use basic concepts in computer vision, in particular regarding projective geometry, camera modelling, epipolar geometry, stereo vision and structure and motion problems for static and dynamic scenes.', 'be able to describe and give an informal explanation of the mathematical theory behind some central algorithms in computer vision (the least squares method, robust model fitting, RANSAC, singular value decomposition, convex optimization and Newton based optimization).', 'in an engineering manner be able to use computer packages to independently solve problems in computer vision.', 'be able to show good ability to independently identify problems which can be solved with methods from computer vision, and be able to choose an appropriate method.', 'be able to independently apply basic methods in computer vision to problems which are relevant in industrial applications or research.', 'with proper terminology, in a well-structured way and with clear logic, be able to explain the solution to a problem in computer vision.']","['FMAB30 Calculus in Several Variables', 'FMAF05 Systems and Transforms, or equivalent (for example FMAF10)']","['written and oral examination', 'compulsory assignments comprising both theory and computer work']",FMAN95
Computer Organization / Datorteknik,6.0 credits,Bachelor,"The course gives an introduction to the basic function of a computer system on a machine language level. Among the topics are data representation, basic computer arithmetic, the components and functions of a computer system, basic machine language level programming techniques, and the hardware support needed for these, for example, different addressing modes, stack, subroutines, and interrupts. Laboratory exercises allows practical investigations, for example of program execution, debugging, and different types of communication with the external world.","['data representation', 'basic computer arithmetic', 'components and functions of a computer system', 'basic machine language level programming techniques', 'addressing modes', 'stack', 'subroutines', 'interrupts', 'program execution', 'debugging', 'communication with the external world']","['Understand the function of a computer system and its parts', 'Understand the interconnection between hardware, machine language, and high-level language', 'Understand the basic operating systems and how a computer system can communicate with the external world', 'Have some skills and experience in programming on a machine language level', 'Be able to analyze simple designs of systems where computer systems are used as system components', 'Be able to analyze and evaluate different solutions for programming on a machine language level', 'Show an insight into possibilities and limitations of computer organization']","['EDA011/EDAA50, EDA016, EDA017/EDAA55 Programming, First Course, or EDAA45 Introduction to Programming or EDAB05 Introduction to Programming and Digital Design EITF65']","['practical exercises', 'online tests', 'written exam']",EITF70
Distributed Systems,7.5 credits,Second Cycle,"To give an introduction to the fundamental concepts of distributed systems, their properties and application in practice.","['Models for distributed systems, both synchronous and asynchronous', 'consensus, leader election', 'consistency, replication', 'logical clocks', 'fault tolerance']","['display basic knowledge of: different types of distributed systems and their properties', 'display basic knowledge of: failure and recovery in distributed systems', 'display basic knowledge of: models and abstractions for distributed systems', 'display basic knowledge of: distributed models of logical time', 'display basic knowledge of: distributed algorithms and protocols', 'display basic knowledge of: and distributed state and computing', 'be able to reason about properties of distributed systems', 'be able to use concepts and abstractions to model distributed systems and to express their behaviour', 'be able to use fundamental distributed algorithms and protocols in managing resources, sharing state, maintaining distributed state, and coordinate distributed computation', 'be able to apply the conceptual knowledge to the implementation of distributed algorithms on a variety of platforms', 'be able to judge the suitability of models and platforms for distributed systems for a given problem', 'display a basic understanding of the trade-offs and limits of the concepts and techniques in distributed system design']","['EDAA01 Programming - Second Course', 'EDAA30 Programming in Java - Second Course']","['Laboratory assignments', 'Optional written exam']",EDAP25
Energy Systems Analysis: Renewable Sources of Energy,7.5 credits,MSc,"After passing the course, the student should have gained an understanding of the opportunities as well as the limitations for an increased use of renewable energy. Also, the student should be able to critically evaluate different systems for the use of renewable energy from different perspectives. The course departs from already acquired knowledge and relates it to the issue of sustainability.","['Overview of Swedish, European and global energy supply', 'Production and conversion of renewable energy', 'Production of electricity, heat and transportation fuels from technical, economic and environmental perspectives', 'Potentials for renewable energy in relation to restrictions such as land use', 'Political and institutional frameworks and barriers to increased use of renewable energy', 'Integration of renewable energy in Swedish and European perspective', 'Future scenarios based on area and energy efficiency']","['Be able to describe systems for the use of renewable energy for the production of heat, electricity and transport from technical and environmental perspectives, and the integration of these systems.', 'Be able to describe certain new systems for the production of renewable energy carriers.', 'Be able to describe and analyse systems for the use of renewable energy from environmental and sustainability perspectives.', 'Be able to describe and discuss the societal framework for the use of renewable energy, in a critical perspective: legislation, policy instruments, etc.', 'Be able to critically evaluate potentials for renewable energy, from a systems perspective.', 'Be able to present independent analyses in the scientific field of the course, in writing as well as orally', 'Be able to utilize and evaluate a complex international source material within the field of the course', 'Be able to make estimates of supply potential for the renewable energy systems that are discussed in the course']","['Minimum 130 higher education credits within an engineering program', 'Minimum 6 higher education credits in Sustainability courses (e.g., FMIF05 Environmental Management, FMIF01 Environmental System Studies: Management for Sustainable Development, FAFF50 Perspectives on Sustainable Development, MVKF01 Energy and the Environment in Sustainable Development)']","['written exam', 'mandatory attendance at seminars', 'mandatory presentations', 'mandatory written submission before seminars', 'approved written assignment (carried out in groups in two stages)']",FMIN20
Learning-Based Control,7.5 credits,MSc,"The course provides fundamental theory and methodology for developing control laws based on measured input and output signal data. The aim of the course is that the students should learn the important principles within the area of learning-based control, and to understand their limitations.","['adaptive control', 'system identification', 'state-space models', 'greybox identification', 'iterative methods for learning', 'model reduction', 'reinforcement learning', 'dynamic programming', 'policy iteration', 'discrete and continuous path planning', 'machine learning components for control']","['understand algorithms for multivariable system identification, including estimations of model errors', 'understand the importance of excitation', 'understand the basic principle of dynamic programming', 'understand the assumptions and approximations behind common variants of reinforcement learning', 'understand the fundamental properties and limitations of components based on machine learning, such as neural networks and classifiers', 'implement multivariable system identification procedures and perform model choices and determine how to analyse a given dataset', 'simulate and use identified models in a multivariable control synthesis', 'implement simple adaptive controllers', 'apply some variants of reinforcement learning', 'implement path-following algorithms based on dynamic programming', 'understand the achievable confidence when using data-driven control methods', 'show ability for teamwork and group collaboration during laboratory experiments']","['FRTF05 Automatic Control, Basic Course']","['Written exam (5 hours)', 'three laboratory exercises']",FRTN75
,,,,[],[],[],[],FRTN15
Innovation Management,7.5 credits,Master,"The course Innovation Management aims (1) to provide students with fundamental knowledge of the phenomenon of innovation and innovation processes from the perspective of firms and organizations, (2) to enable students to use basic theoretical and practical tools to understand and handle real-world innovation processes; technology development and innovation strategy, such as strategies for product development (goods and services) and (3) to support students in developing a critical view on innovation, its role in society and impact on sustainability from an economic, environmental, and social perspective. It will offer an overview of available tools for supporting technology development and its related organizational structures.","['Innovation management', 'Innovation processes', 'Technology development', 'Innovation strategy', 'Product development (goods and services)', 'Sustainability in innovation']","['Demonstrate knowledge and insights into the management of innovation by working with a selected array of tools.', 'Have an understanding of, and be able to apply and present, the most important tools for innovation management in different contexts.', 'Show an understanding of innovation management techniques available to sustain innovation over time, while considering people, profit, and planet.', 'Understand how innovation management functions in practice, as well as its advantages, inconveniences, and limitations.', 'Show an understanding of the innovation management techniques to sustain innovation over time, its functioning in practice, and its advantages, inconveniences and limitations.', 'Be able to relate different techniques to detected innovation-related problems in firms.', 'Compare the different available tools and decide upon the most adequate one according to the specific characteristics of the firm.', 'Demonstrate the practical application of the tools in group-work based weekly assignments.', ""Scan technological solutions and identify those options that fit best with regard to the firm's competencies and resources."", 'Communicate the learning outcomes through presentations and leading the discussion.', 'have the ability to independently analyze how contextual factors affect innovation activities in firms.', 'have the ability to critically analyze the role of innovations in society.']","['MIO012/MIOA12/MIOA01/MIOA15 Managerial Economics.', 'At least three years approved full time education at university level (or a Bachelor degree).']","['Project (group written report and oral presentation)', 'Active participation in case-seminars', 'Individual written and oral reflection']",INNN15
Linear and Combinatorial Optimization,7.5 credits,MSc,"In science, technology and economics, linear and combinatorial optimization problems appear more and more often. The most well-known example is linear programming, where the so called simplex method has been of utmost importance in industry since it was invented in the middle of the 20th century. Other important problems, e.g. for effective data processing, contain discrete variables, for example integers. In connection with these, the importance of combinatorial methods has grown. The aim of the course is that the students should acquire good knowledge about some problems in linear and combinatorial optimization which are important in applications, and detailed knowledge about modern mathematical methods for their solution. The aim is also to make the students develop their ability to solve problems, with and without the use of a computer, and their ability to read mathematical texts.","['Convexity', 'Linear programming', 'Duality', 'Integer programming', 'Transport problems', 'Assignment problems', 'Maximal flow', 'Travelling salesperson problem', 'Cheapest path problem', 'Interior-point methods for linear problems', 'Algorithm complexity']","['understand and be able to clearly explain the theory behind the simplex method and its dual counterpart.', 'be able to describe and explain the mathematical theory behind some central algorithms in combinatorial optimization.', 'be able to explain the theory behind interior-point methods, in particular KKT theory.', 'be able to show a good capability to (i) identify problems in the area, (ii) formulate these in mathematical terms, (iii) choose an appropriate method to solve them, and finally (iv) carry out the solution, possibly with the help of a computer.', 'be able to write computer programs to solve linear and combinatorial optimization problems.', 'with proper terminology, in a well structured way and with clear logic be able to explain the solution to a problem within linear and combinatorial optimization.']","['FMAB20 Linear Algebra', 'Programming with Python or Matlab', 'FMAB30 Calculus in Several Variables', 'Some further course in mathematics, e.g. FMAF05 Systems and Transforms, for mathematical maturity']","['Written exam', 'Computer sessions with preparatory programming tasks']",FMAP05
Numerical Analysis,6.0 credits,BSc,"The aim of the course is to teach basic computational methods for solving simple and common mathematical problems using computers and numerical software. This includes the construction, application and analysis of basic computational algorithms. Problem solving with computers is a central part of the course.","['Error analysis', 'numerical methods for systems of (non-) linear equations', 'the least squares method', 'polynomial interpolation', 'splines', 'Bezier curves', 'numerical integration', 'computation of eigenvalues']","['be able to construct computable approximations of mathematical models which are common in science and engineering', 'be able to describe numerical algorithms to handle the above approximations', 'be able to independently implement and apply such algorithms using mathematical software, e.g., Python', 'be able to independently select and apply computational algorithms and implement them on a computer', 'be able to evaluate both accuracy and relevance of numerical results', 'report solutions to problems and numerical results in written form', 'be able to account for construction of basic mathematical models and algorithms, in a clear way and using suitable terminology', 'be able to account for the numerical solution of a mathematical problem, with suitable terminology and clear language']","['FMAB20 Linear Algebra', 'FMAB65 Calculus in One Variable B1', 'FMAB70 Calculus in One Variable B2', 'FMAB30 Calculus in Several Variables', 'experience of programming in Matlab or Python/NumPy']","['written examination', 'optional assignments']",FMNF05
Patent and Intellectual Property Rights,7.5 credits,BSc,"The economies in Europe, North America and certain states in East Asia have transformed from producing industrial economies to knowledge-based economies based on bio-science, information technology, adventure tourism and design, where knowledge in many aspects has replaced goods as products in a globalized economy. The legal protection system to ensure the rights to the products and services which are the outcome of the knowledge, is known as Intellectual Property Rights. Knowledge in the scope of the Rights and their applications is a requirement for the originator and the company in order to profit from a specific knowledge.","['Intellectual Property Rights in a global perspective', 'Rules and regulations of marketing and competition', 'Secrecy and IT rights', 'Commercialization of inventions', 'License agreements', 'IPR-strategies for companies', 'Searching and utilizing patent databases', 'Interpreting intellectual property agreements']","['Acquire basic knowledge about intellectual property rights conditions that a master of science meets in professional life', 'Show insight that commercializing of intellectual property rights requires strategic thinking about utilizing the rights in a competitive manner during international trade', 'Independently solve elementary legal questions by applying laws and rules within the taught areas of rights', 'Identify legal severe problems as a condition for deciding when juridical expertise should be consulted', 'Independently identify the immaterial resources to which it is possible to derive a legal monopoly', 'Judge where immaterial resources can be a part of company value creating process and apply legal rules within immaterial law and other juridical areas']",[],['Written examination'],ETIA10
Program Analysis,7.5 credits,MSc,"Program analysis allows us to better understand what software does and does not do. The techniques of program analysis can thereby contribute to software security, software quality control, program understanding, software maintenance and evolution, and software performance improvement. The aim of this course is to provide a detailed understanding of modern program analysis techniques, as well as their strengths and weaknesses, when applied to realistic software.","['type systems', 'operational semantics', 'data flow analysis', 'constraint-based analysis', 'heap abstraction', 'call graph analysis', 'domain-specific languages for program analysis', 'profiling', 'sampling']","['understand and demonstrate knowledge about static program analysis techniques and their strengths and weaknesses.', 'understand and demonstrate knowledge about dynamic program analysis techniques, their strengths and weaknesses, and their effect on program execution.', 'understand and be able to express themselves in the formal language(s) used in the class.', 'be able to design, implement, and validate static, dynamic, and combined static-dynamic program analyses for different tasks.', 'demonstrate the ability to describe, understand, and critically evaluate different program analysis techniques as applied to different tasks.']","['EDA180 Compiler Construction', 'EDA230 Optimising Compilers', 'EDAN40 Functional Programming', 'EDAN65 Compilers', 'EDAN75 Optimising Compilers']","['Written examination', 'programming assignments']",EDAP15
Project Course in Signal Processing – from Idea to App,7.5 credits,MSc,"The course gives the knowledge of implementation of signal processing algorithms in mobile plattforms. Further, the course aims to emphasis the problems that can occur in real time signal processing and evaluate the performance of the implementations. Signal processing can be found in a wide range of applications, such as audio, video and health, which is reflected in the projects that can be done within the course. The course starts with examples and laborations on signal processing applications in app environment. Each group then choses an application and implements and evaluates suitable signal processing methods in app- environment. Reporting and demonstration constitute an important part of the project work and is introduced at an early stage of the course. The supervisors are available for questions and discussion at prescheduled times","['Signal processing algorithms', 'Mobile platforms', 'Real-time signal processing', 'Performance evaluation', 'Applications (audio, video, health)']","['be able to formulate a specification of the project', 'be able to plan how this can be realized during the time for the project', 'be able to implement commonly used signal processing methods', 'test various parts in the implementation and verify the solution', 'present the solution orally and in a written report', 'be able to analyze and evaluate the various parts of the implementation']","['EITF75 Systems and Signals or EITA50 Signal Processing in Multimedia or EITF15, BMEF25 Signal Processing - Theory and Applications or equivalent or BMEA05 Signals and systems or EITG10 Systems, Signals and Discrete Transforms', 'Basic course in programing']","['Written report', 'Oral presentation']",BMEN20
"Safety Culture, Organizational Development and System Safety",7.5 credits,MSc,"The course is based on a system safety perspective that considers the interplay of man, technology, and organization (MTO). In relation to this, the aim of the course is to provide a knowledge base on the importance of an organization's safety culture for a safe, healthy and efficient organization or workplace. Through an organization's system safety work, risks are identified and reduced and objectives for safety are defined. The outcome of the system safety work and thus safety has a strong relationship with and is affected by the organization's safety culture, which are the shared values and behaviours regarding risk and safety. The organizational safety culture can be challenged by new demands on production, technology and process development, changes in working methods and competence needs, as well as changes in safety attitudes and behaviours. The course provides students with the knowledge of change management and organizational development to achieve safe operations. The course provides knowledge about and develops the student’s understanding of the building blocks, challenges and opportunities of a safety culture, how the culture relates to safety, and shows methods for valuing and changing an organization's safety culture. The aim of the course is also to strengthen the student's ability to analyze and reflect—both individually and in groups—on factors that influence safety culture and organizational development. Furthermore, the student should be able to propose individual and organizational measures to enhance the safety culture.","['system safety', 'man-technology-organization (MTO) interaction', 'safety culture', 'organizational development', 'change management', 'safety leadership', 'communication', 'risk perception', 'reporting of system weaknesses', 'learning for safety', 'psychological safety', 'methods for assessing and evaluating safety culture', 'industry characteristics and impact on risk/safety']","[""explain and describe the significance of the MTO interaction for safety, the meaning of system safety, as well as what the safety culture means for an organization's safety, work environment and efficiency"", 'compare and critically reflect on different approaches and perspectives on system safety and safety culture', 'distinguish and relate factors and processes that influence and contribute to a safety culture and safety outcomes', 'understand, analyze and compare tools for change management and organizational development as well as methods for changing and developing an organization’s safety culture', ""critically reflect on methods, tools and indicators for analysis and evaluation of an organization's safety culture"", ""apply the course's theories and knowledge and use concepts and terminology and evaluate/assess/analyze an organization's safety culture"", 'in writing and orally, consider and make proposals for organizational development and change management for increased system safety and improved safety culture in an organization', ""in writing and orally analyze, identify and discuss challenges, weaknesses and strengths of an organization's safety culture as well as for factors and change processes that affect an organization's safety culture"", 'critically reflect on relevant scientific, societal and ethical aspects of safety culture and change management in practice', 'demonstrate ability to identify their need for additional knowledge and to continuously develop their competence']","['MAMN45 Human, Technology, Organization, and Risk Management', 'or a course in Organizational Theory and Leadership']","['individual written exam', 'written individual assignments', 'group work', 'oral presentation', 'attendance and active participation in discussion seminars']",MAMN80
Technology Supported Communication,7.5 credits,First Cycle,The course aims to give understanding for possibilities and limitations that arise where a new technology is used.,"['face-to-face communication', 'multimodal communication (language, gesture, gaze direction)', 'technically supported communication', 'possibilities and limitations of technical communication systems', 'compensation for social aspects (politeness, humour, irony)', 'compensation for lack of visual communication (gaze direction, posture)', 'compensation for lack of voice information (intonation, laughter, undertones)', 'compensation for lack of gestural information']","['be able to explain which possibilities and limitations that arise in communication where a new technology is used', 'be able to specify how perceptual, cognitive and communicative aspects affect technology supported communication', 'independently be able to analyse authentic situations in technology supported communication and with adequate methods reflect over possibilities and problems', 'show ability to evaluate how new technology is used and how it affects the communication between people']",['EXTA65/TEK210 Cognition'],"['Oral presentation of teamwork', 'written individual examination']",EXTG45
"Working Environment, Occupational Health and Safety",7.5 credits,First Cycle,"The course is divided into six modules studied with web-based course material and supported by lectures. Modules cover work and technology on human terms, physical load, methods, occupational injuries, psychosocial work environment, and human-technology systems. The course includes individual written analyses, peer feedback, seminars, and study visits. The aim is for students to acquire fundamental knowledge in work science, understand interactions of work environment factors, and develop skills in identifying and solving work science problems.","['Work and technology on human terms', 'Physical load, Physical factors, Chemical health risks in working life', 'Methods, Design processes', 'Occupational injuries, Work environment and economics, Work environment legislation, Standardisation', 'Psychosocial work environment, Organisation of production and work', 'Human-technology systems, Safety and risk']","['Understand and explain general concepts and theories used to describe and analyse work environments', 'Understand and explain how people and work are affected', 'Understand and explain definitions of magnitude, their measurement and evaluation', 'Understand and explain optimal levels for comfort and how prospective limits are specified', 'Understand and explain organizational and technical principles for solving problems', 'Understand and explain how motivation, self-control, influence, work management climate, stimulation, commitment, camaraderie, job requirements, strain, groups, group process, power, conflicts and mental health effect the work environment', 'Understand and explain how combinations of different factors influence people and work', 'Understand and explain how work environment is regulated according to labour market legislation, regulations and contracts', 'With respect to health risks, systematically survey, analyse and suggest improvements in work organizations, jobs and workplaces', 'With respect to conditions that promote health and sustainability, systematically survey, analyse and suggest improvements in work organizations, jobs and workplaces', 'With respect to criteria for comfort, satisfaction and personal development, systematically survey, analyse and suggest improvements in work organizations, jobs and workplaces', 'With respect to different production conditions and demands, systematically survey, analyse and suggest improvements in work organizations, jobs and workplaces', 'Present the work carried out in a reflective and analytical way in written reports and in the oral student group discussion']",[],"['Approved written case analyses', 'Active participation in mandatory seminars', 'Oral exam', 'Approved summaries of web-based course material', 'Approved peer-review', 'Active participation in final student group discussion']",MAMF21
Real-Time Systems,10.0 credits,MSc,The aim of the course is to study methods for design and implementation of real-time systems for control applications. The implementation part of the course is performed as a project.,"['Introduction', 'Real-time programming', 'Synchronization and mutual exclusion', 'Real-time kernels and operating systems', 'Periodic controller tasks', 'Computer implementation of control algorithms', 'Discretization of continuous-time controllers', 'Sampling of continuous-time systems', 'Input-output models of discrete-time systems', 'Sequence control using Grafcet', 'Scheduling theory', 'Integrated control and scheduling', 'Implementation aspects', 'Control over networks']","['be able to define the basic concepts of real-time systems', 'understand the advantages and disadvantages of different implementation techniques for real-time systems', 'understand how communication and synchronization is realized using semaphores, monitors, and messages', 'be able to describe the structure and workings of a real-time kernel', 'be able to design a computer-based control system using discretization of a continuous-time design and using sampling', 'be able to calculate the relations between discrete-time models on difference-equation form, transient responses, and pulse transfer functions', 'be able to calculate computer-based controllers on state-space form and PID form', 'understand how time-delays and jitter affect control performance', 'be familiar with how Grafcet, Petri nets, and state machines can be used in the analysis and implementation of event-based control systems', 'understand the problems associated with control over networks.', 'be able to implement a computer-based control systems using concurrent programming techniques', 'be able to apply basic schedulability analysis for real-time systems', 'be able to develop a real-time systems within an area of relevance to the course, in project form', 'be able to present project results and experiences in oral and written form.', 'understand the importance of formal methods in the design of safety-critical real-time systems', 'master teamwork and collaboration in the project and laboratory exercises.']","['Basic course in programming', 'FRTF05 Automatic Control, Basic Course']","['Written exam (5 hours)', 'three laboratory exercises', 'project', 'Preparation exercises and approved participation in the laboratory', 'Passed exam', 'Preparation exercises and approved participation in the laboratory', 'Preparation exercises and approved participation in the laboratory', 'Written report and oral presentation']",FRTN01
History of Technology,4.5 credits,BSc,"The purpose of the course is to provide insight into and understanding of the possibilities and limitations of today's and tomorrow's technological development through historical examples from technology, social and natural sciences. The course also links technical development to human conditions and the development of society in the broadest sense, thereby integrating many sciences.","['Historical examples from technology', 'Historical examples from social sciences', 'Historical examples from natural sciences', 'History of science and ideas']","[""have achieved an understanding for how human technology has arrived at today's usage"", 'have trained and acquired a skill to write meditative essays in a less technical style', 'be able to treat and structure new information intellectually in order to acquire mature knowledge', 'be knowledgeable enough to relate technical development to the historical course of the society and to understand their mutual interaction']",[],"['Attendance of at least 75% of lectures and seminars', 'Written reflections based on each lecture/seminar or a longer analysis letter', 'For marks 4 and 5: Additional individual study presented in writing and orally']",EITA05
"Universal Design, Theory and Project",7.5 credits,BSc,"In a society for all products, services and environments are designed based on the knowledge that people are different and have different potential, and for the same person this will vary over time and with different situations. This course focuses on universal design (Universal Design), which can be explained as the design of products, services and environments that are usable by all people, to the greatest extent possible, without the need for special adaptation or specialized design.","['universal design', 'accessibility', 'social sustainability', 'seven principles of universal design', 'empathy exercises', 'user-centred design methodology']","['account for inclusive design principles and evaluation methods (e.g., based on Universal Design, Design for All, Inclusive design) that can be used as guidelines in the development or evaluation of products, services and environments', 'describe the benefits of universal and inclusive design in a society that supports and strives for diversity', 'identify and analyze situations, products, services and environments from an inclusive perspective', 'identify, analyze and suggest the design of products, services or environments based on universal design and to describe how these contribute to an open and inclusive society for all', 'describe how universal design, accessibility and social sustainability are interrelated and what the differences are', 'apply evaluation techniques for universal and inclusive design', 'identify shortcomings of products, services and environments and propose improvements according to the seven principles of universal design', ""develop a product, service and environment taking people's different physical and cognitive conditions and abilities into account"", 'apply the seven principles of universal design when developing products, services and environments', 'identify wider application areas for developed products', 'apply a user-centred design methodology', 'combine subjective and objective methods when assessing products, services and environments', 'present methods and results orally and in writing for a diverse audience', 'present the results as a functional model, a visual model and in a poster', 'describe the quest that lies in the design of products and services so they are aesthetic and useful to as many people as possible regardless of age and ability', 'take into account that people are different with a great variety of conditions and abilities and that they have different desires and needs', 'express how universal design contributes to an inclusive society']","['At least 120 credits awarded or credited within the engineering study programme OR at least 75 credits from an industrial design study programme OR at least three years approved full time education at university level (or a Bachelor degree) in architecture, landscape architecture or spatial planning.']","['individual assignments', 'project carried out in groups', 'mandatory course and project introduction', 'mandatory individual assignments', 'mandatory meetings with users/experts', 'mandatory project presentations']",TNSF10
Management Organization,7.5 credits,First Cycle,"This course aims to analyze and understand industrial and technology-based company's strategic position, strategic choices and how these can lead to competitive advantages. Furthermore, the aim is to understand the strategic planning process, how this is translated into action, and to critically examine a company's strategy based on equality, sustainability and stakeholder perspectives. To provide basic knowledge of the forces that create and change the global economic map, and to provide knowledge of development tendencies and consequences on a regional, national as well as an international level. The course does not cover issues on work organization. These issues are addressed in a separate course.","['strategic position', 'strategic choices', 'competitive advantages', 'strategic planning process', 'business model', 'organizational structure', 'planning systems', 'market', 'product', 'organization', 'production', 'finance', 'localization', 'regional and national milieus', 'growth', 'competitiveness']","[""describe and explain the company's strategic position relative to the development in the business environment, the company's mission, goals and capabilities and culture."", ""describe and explain the company's principal strategic choices at the corporate and business unit level as well as on issues of internationalization and innovation."", 'describe and explain the strategy process and how plans are translated into action', ""describe and explain the company's business model and how the company's offering links to the organization, resources, and collaboration with other companies and organizations."", 'describe and explain how regional, national and international conditions affect the prerequisites of a firm´s operations.', ""apply analytical models and methods, in the form of business intelligence and organizational analyzes, to identify and analyze the company's strategic position."", ""apply analytical models and methods, mainly in the form of portfolio models, generic strategies, business models and geographic conditions to analyze a company's strategic options."", ""critically and independently compile and synthesize business intelligence, organizational analyses, and analyses of strategic choices in order to understand a company's competitive advantage and/or competitive disadvantage."", ""critically examine a company's strategic position and choice from a stakeholder perspective, an equality perspective, and a global perspective."", 'evaluate different strategic decisions from an ethical perspective.']","['MIO012/MIOA01/MIOA12/MIOA15 Managerial Economics, Basic Course']","['project work (team, maximum of four students)', 'individual written examination']",MIOF21
"Managerial Economics, Advanced Course",6.0 credits,Bachelor,"Inside companies there are control systems for planning and follow-up of goals on different levels and in different dimensions. The management accounting and controlsystem, which is the central part of this course, consists of internal accounts, systems for product cost estimates, budgeting systems, performance measurement systems and incentive system.The basic course of Managerial Economics gives foremost a frame of references and certain basic principles how to handle economic problems. The advanced course shall, based on the basic course, be a problem orientated deepening leading to deeper knowledge about the economic system in complicated and real company situations especially aiming at the work field of the technician.","['internal accounts', 'systems for product cost estimates', 'budgeting systems', 'performance measurement systems', 'incentive systems', 'investment planning', 'cost standards', 'cost control', 'cost drivers', 'cost structure']","['describe, set up problems, and interpret the economic planning systems of the company', 'describe and explain different principles for building internal accounts models in business systems', 'describe how internal transactions are documented in a business system', 'compute and analyse differences in the costs of the company', 'analyse and interpret results and outcomes in the internal accounts', 'understand the problems and demands in cost distribution in different industrial situations', 'set up problems and analyse alternative calculus models and their solutions', 'describe and explain the purpose of the budgeting work in a company', 'describe different budgeting processes and models in different company settings', 'compute the all year budget containing cash flow forecast, budget of profit and loss and budget of balance for the small company', 'compute part, month and annual budget for the big company', 'describe and value alternatives to budgetary control', 'describe different types of performance measures and measurements systems', 'analyse and problematise the consequences of different performances measures and system', 'describe and analyse different motivations theories implication on the design on incentives systems', 'estimate and apply the different principles for building internal accounts models in business systems', 'enter in the books internal transactions in a business system', 'evaluate the outcomes of product profitability calculations', 'choose proposals of improvement based on economic information', 'apply and value alternative calculus models and their solutions', 'create different budgeting processes, control processes and models in different company environments', 'draw up an annual budget with cash flow forecast, budget of profit and loss and budget of balance for the small company', 'draw up part, month and annual budget for the big company', 'improve, develope and design system for performance and incentive in different context', 'orally and in writing analyse and evaluate different business problems and argue for her/his suggestions to solution']",['Basic course in Managerial economics'],"['written examination', 'Written assignment and active participation in seminar', 'Written assignment and active participation in MCS seminar']",MIOF25
Industrial Environmental Management,7.5 credits,BSc,"Pollution prevention solutions are attractive both to society in general and to industry but require knowledge in the fields of processes, products and management in modern business organisations. The course gives participants the chance to explore solutions that use technical as well as managerial tools and methods. The various course elements deal with the key aspects of process integrated environmental protection, including technical strategies to increase efficiency in water- energy- and material flows (exploring methods such as monitoring, maintenance, cleaner technology, process modification, on-site recycling, good housekeeping) and environmental management (including supply chain management and an introduction to current environmental management standards such as ISO 14000). Product related issues constitute a central part of the course looking into life cycle analysis, ecodesign and ecolabeling. The course also takes a wider perspective and look at industrial development and the engineer’s role and responsibility to work with industry to reduce environmental impacts. The course consists of lectures in combination with seminars, exercises and a major assignment; all with an ambition to have a high level of student activity. Professionals in environmental management regularly contribute to the course.","['technical strategies to improve efficiency in water, energy, and material flows', 'monitoring, maintenance, recycling, cleaner technologies, good housekeeping', 'environmental management systems and ISO 14000', 'life cycle analysis, ecodesign, ecolabeling', 'supply chain management', 'industrial development and engineer role in reducing environmental impacts']","['have knowledge of common technical strategies to improve efficiency in the management of water, energy and material flows, including monitoring, maintenance, recycling, cleaner technologies and good housekeeping.', 'understand how environmental management systems are set up and their role in industrial environmental management', 'learn technological strategies for effectivisation of water, energy and material flows (including surveillance, maintainance, reuse, cleaner technology, process modifications, good housekeeping, etc.)', 'understand how life cycle thinking affects industrial environmental management.', 'understand the role and responsibility of the engineer in reducing environmental impact from industrial operations.', 'be able to solve problems together with students from other engineering programmes', 'be able to solve real-life cases within the subject field']",[],"['Assignment', 'written exam']",KIIF01
Biomedical Signal Processing,7.5 credits,MSc,The course provides an overview of methods suitable for solving problems in biomedical signal processing. The student should obtain sufficient insights on the origin on biomedical signals and analysis methods to independently determine suitable methods.,"['Bioelectrical signals', 'Brain signals', 'Analysis of both spontaneous activity and evoked potentials', 'Spectral analysis (nonparametric and parametric) and characterization of power spectra', 'Time-frequency analysis']","['have knowledge about biomedical signals and methods which are particularly useful for their processing', 'to apply the most common methods on clinical problems (Matlab level)', 'to define simple mathematical models and to determine related, optimal methods for estimation of relevant information', 'to understand the origin of bioelectrical signals and their manifestation on the body surface', 'to describe the most common clinical applications where such signals are used', 'to describe the most common methods for analysis of both periodic and aperiodic biomedical signals', 'to formulate and describe statistical signal models being suitable for modelling of specific signal properties', 'to implement a method and evaluate its performance in clinically relevant terms', 'analyze and solve a specific signal processing problem in the framework of a project', 'be able to analyze, assess, and implement algorithms, and also to interpret and to describe their inherent principles', 'have insight on the fact that seemingly different technical problems can be dealt with using the same methods']","['ESS040 /EITF75 Systems and Signals', 'ETI265 /EITA50 Signal Processing in Multimedia', 'BMEA05 Signals and Systems', 'EITF15 Signal Processing - Theory and Applications']","['Written exam', 'Project']",BMEN01
Signal Processing in Multimedia,7.5 credits,BSc,The course gives the basic knowledge in digital signal processing and knowledge of signal properties in the time domain as well as in the frequency domain.,"['time discrete signals and systems', 'Fourier Transform', 'Discrete Fourier Transform', 'z-transform', 'digital filter implementation structures', 'system function', 'frequency functions', 'digital filters', 'modern learning-based techniques for multimedia applications', 'A/D and D/A conversion', 'digital signal processing applications']","['be able to identify applications of digital signal processing and how this is used in modern equipments', 'be able to describe digital signals and the properties of digital signals', 'be able to describe the relation between the properties in the time domain and in the frequency domain', 'be able to describe the modern techniques for handling multimedia applications', 'be able to analyze the signal properties in the time domain and in the frequency domain', 'be able to describe the properties of digital circuits', 'be able to handle digital signal methods in practical applications', 'be able to read literature as well as treat with standards in this area']",['FMAA01/FMAA05 One Dimensional Analysis'],"['final test', 'sub-tests', 'laboratory exercises', 'written exam', 'laboratory work', 'home assignments']",EITA50
Stationary and Non-stationary Spectral Analysis,7.5 credits,MSc,"This course is aimed at those who want to broaden and deepen their knowledge in statistical signal processing and expand their toolkit with more advanced techniques. It lies on the border between statistics and signal processing and builds on the classical non-parametric methods that are well-known and taught in, e.g. Stationary stochastic processes or Optimal signal processing. Since these methods are not always sufficient we need more advanced techniques in many application areas, e.g. communications or medicine. Hence, the course covers more statistically robust methods that have become increasingly used in resent years, e.g. time-frequency analysis, which is a modern method for analysis of non-stationary signals and processes. The research in this area has expanded during the last 20 years, making this a commonly used tool. Many applications will be presented in the course and the participants will work with real world data.","['Basic definitions', 'AR (auto regressive) processes', 'MA (moving average) processes', 'ARMA-processes', 'Linespectra and parametric estimation methods', 'Noise-space based techniques', 'Non-parametric spectral estimators', 'Data-adaptive techniques', 'Multitaper methods', 'Non-uniform sampling', 'Circular and non-circular processes', 'Spatial spectral analysis', 'Non-stationary processes', 'Spectrogram', 'Wigner-Ville distribution', 'Cohen class', 'Ambiguity spectrum', 'Multitaper techniques for non-stationary signals', 'Bispectrum']","['interpret and understand parametric and non-parametric spectral estimation methods.', 'interpret and understand spatial spectral analysis and classical estimation techniques of directions.', 'interpret and understand time-frequency analysis and classical estimation techniques of non-stationary spectra.', 'be able to estimate classical parametric and non-parametric spectral estimates.', 'be able to estimate spectra of non-uniformly sampled sequences.', 'be able to use classical time-frequency methods for estimation.']","['FMSF10 Stationary Stochastic Processes or FMSN45 Mathematical Statistics, Time Series Analysis', 'FMSN45 Time series analysis']","['Approved assignments', 'project report', 'participation in all compulsory parts']",FMSN35
Image Analysis,7.5 credits,Second Cycle,"The main aim of the course is to give a basic introduction to theory and mathematical methods used in image analysis, to an extent that will allow the student to handle industrial image processing problems. In addition the aim is to help the student develop his or her ability in problem solving, both with or without a computer. A further aim is to prepare the student for further studies in e.g. computer vision, multispectral image analysis and statistical image analysis.","['Basic mathematical concepts', 'Image transforms', 'Discrete Fourier Transform', 'Fast Fourier Transform', 'Image enhancement', 'Grey level transforms', 'Filtering', 'Image restoration', 'Filterings', 'Inverse methods', 'Scale space theory', 'Continuous versus discrete theory', 'Interpolation', 'Extraction of special features', 'Filtering', 'Edge and corner detection', 'Segmentation', 'Graph-methods', 'Active contours', 'Mathematical morphology', 'Bayesian image handling', 'Maximum A Posterori (MAP) estimations', 'Simulation', 'Pattern recognition', 'Classification', 'SVM (Support Vector Machine)', 'Principal Component Analysis (PCA)', 'Learning', 'Registration', 'Machine Learning', 'Training', 'Testing', 'Generalization', 'Hypothesis spaces']","['be able to explain clearly, and to independently use, basic mathematical concepts in image analysis, in particular regarding transform theory (in space as well as in the frequency domain), image enhancement methods, image compression and pattern recognition.', 'be able to describe and give an informal explanation of the mathematical theory behind some central image processing algorithms (both deterministic and stochastic).', 'have an understanding of the statistical principles used in machine learning.', 'in an engineering manner be able to use computer packages to solve problems in image analysis.', 'be able to independently apply basic methods in image processing to problems which are relevant in industrial applications or research.', 'with proper terminology, in a well structured manner and with clear logic be able to explain the solution to a problem in image analysis.']","['FMAF05 Mathematics - Systems and Transforms, or similar (for example FMAF10 Applied Mathematics - Linear Systems).']","['Compulsory assignments comprising both theory and computer implementations', 'Written test (for higher grade)', 'Oral test (for higher grade)']",FMAN20
Advanced Course in Electrical and Information Technology,7.5 credits,MSc,The aim of the course is to give advanced knowledge and abilities in some scientific area within Electrical and Information Technology.,"['Supervised independent literature studies through databases and libraries', 'Supervised independent work in close connection to an ongoing research project', 'Written report in Swedish or English according to standards in international peer reviewed journals', 'Oral presentation in Swedish or English at a publicly announced seminar']","['have in-depth knowledge in the chosen scientific area', 'have insight in the working procedure in a research project', 'have insight in the work of a research group', 'be able to independently plan, carry out and report a project', 'be able to independently search, retrieve, work on and compile relevant information', 'be able to systematically integrate and use knowledge from earlier courses in the study programme', 'carry out a research project in a research group', 'be able to critically read, evaluate and draw conclusions from scientific literature']","['Students from the five year programmes shall have passed at least 120 credits, including two second-cycle (A) courses within the subject area.', 'Students from the international master programmes shall have passed 45 credits, including two second-cycle (A) courses within the subject area.']","['Oral project report', 'Written project report']",EITN35
Technology Strategy,7.5 credits,MSc,"The goal of the course is to create a deep understanding for the technology strategy in relation to the business strategy in companies. Enterprising has become more and more complex and there is a high demand that the management is taking the correct strategical decisions; business and technology, in a fast way! In order to prepare the students for this complex environment and especially the technological development, this course aims to give them a broad overview of the technological development processes and its near relation and implication for the business strategies in the companies. The course is mainly focused on the earlier innovation phases in companies where there is a high demand and a necessity for foresight in order to accomplish unique and sustaining competitive advantages.","['Technological change: patterns and models', 'Technological foresight', 'Strategic decisions and decision processes']","['to describe and understand (incl. assess) the importance of technology for business strategy', 'be able to identify, relate and develop models and methods for technology strategy to different types of business enterprises in order to be able to make strategil and tactical business decisions', 'Have knowledge of the following areas and their importance for the development of a technology strategy: Environment analysis; Resource- and competence analysis; Technology and technology platform; Technological SWOT', 'have a good capability to, independently and in a group, be able to perform an analysis of technological strategy. This includes identifying, describing, explaining and evaluating, in particular the technology and its relation to the business strategy', 'independently and in a team be able to collect and integrate technical, financial and business information as a basis for the technology strategy', 'be able to use established concepts and technical terms to communicate in a clear way orally and in writing with other functions within the company and in its Swedish and international network', 'be able to transform the above skills into knowledge that will be used for various decisions, internally as well as externally', 'be able to actively collaborate in a technology strategy project together with a company or public organization', 'Be able to identify and evaluate different types of risks associated with the application of technology in companies and organizations']","['Basic course in Managerial economics', 'MIO022/MIOF20/MIOF21 Strategic Management and basic course in Marketing']","['project', 'written individual literature examination', 'Case seminars', 'guest lectures', 'presentation and discussion of the project work at a full day conference']",MION25
Change Management for Engineers,7.5 credits,MSc,"The world is currently undergoing revolutionary changes. Technologies that enable and support the development of increased sustainability and digitalisation are some of the areas that companies need to prepare and adapt to. Engineering students thus need to prepare for leading and developing companies in a changing world. We live in a changing world, not least because new technologies enable new products, processes, organizational forms and working methods. To take full advantage of these opportunities, changes are often required in many parts of the organization, which places demands on good change leadership. Leadership in today's organizations is thus often about leading in change. The course focuses on knowledge, understanding, tools / methods and judgment to lead change, not from a strict functional perspective (R&D, marketing, purchasing, etc.), but from an overall perspective where different functions and units in an organization should change in a coordinated and integrated way. The course especially emphasises the importance of employees' needs in this change work. The course is practically oriented and students work in project groups with the different concepts/change management methods before seminars and with a major project work together with a company (or other organization) during the course. A significant part of the course i made up of literature seminars, where the students actively discuss and analyze research articles in the field.","['Change management theories', 'Organizational change', 'Sustainability and digitalisation', 'Change leadership', 'Strategy and work environment', 'Project work with real cases', 'Literature seminars']","[""Demonstrate knowledge of and understanding of the importance of change management in connection with the introduction of new technologies in organizations' products and processes"", 'Demonstrate an understanding of and be able to apply and present key tools for change management in different contexts.', 'Demonstrate an understanding of different change management methods to support innovation and organizational change over time and how they work in practice, e.g. their advantages, disadvantages and limitations.', 'Demonstrate an understanding of the complexity of change leadership with regard to both strategy and work environment (from macro to micro perspective).', ""Compare available change management methods and decide on the most appropriate one in accordance with a company's or organization's specific characteristics, conditions and challenges."", 'Practically apply change management methods in weekly group exercises and seminars.', 'Practically apply and evaluate change leadership in project work together with a specific company or organization and apply methods that take both strategy and work environment into account.', 'Communicate lessons learned by making presentations and leading discussions in connection with seminars and presenting the project work both in writing and orally.', ""Individually and together with other course participants reflect on the course's theoretical frameworks, how change leadership appears in practice and ethical positions in the event of organizational change.""]","['MAMF16 Work Organization and Management or MAMN30 Management, Work Organisation and Project Management or MTTN60 Business Process Management']","['project work in groups (67% of the grade)', 'active attendance at group exercises (33% of the grade)']",MAMN55
Innovation Policies and Innovation Strategies,7.5 credits,MSc,"Successfully implementing innovations requires mastery of many traits including technological excellence, organizational capabilities and good customer relations. Firms however do not perform these tasks in isolation, they depend on innovation policy activities at the EU-, country and regional level as well as on other firms in ecosystems and value chains. Firms are embedded in an institutionalized framework of rules, policies and regulations, which can both limit and enable the innovation process. Examples are abundant, such as firms active in electric vehicles, batteries, steel making, financial industry, chemical industry, food, nanotech, AI, and so on. Knowing and taking advantage of these policies is therefore vital for any innovation active firm, in their open innovation strategies. This course aims to provide students with a broader perspective on innovation, especially when it comes to innovation policy, supporting structures and innovation strategies which could be important knowledge for them to take forward into their professional lives, such as in technical and management consultancy. It also provides some alternative academic perspectives ranging from innovation management to social sciences and policy studies, which will bring new perspectives to their understanding of innovation and its contemporary societal, economic, and political importance. Specifically, students will have an understanding of what kinds of innovation policies and supports exist at the local, regional, national, and European levels, and how these are accessed. They will also gain an understanding of how other policy areas and regulations, such as IP protection, venture capital, tax systems, and wider economic development policy, influence the innovation system. The course also provides a critical view on innovation, giving students the tools to also question its predominance in policy and wider societal debates.","['Innovation in a wider perspective', 'Role of state in the innovation system', 'Innovation policy at European, national, and regional levels', 'Innovation and Sustainability, regulatory environment', 'Intellectual property, tax systems, procurement, government support', 'Financing Innovation - Venture Capital (public and private)', 'Group Project Work & Presentations', 'Individual reading logs']","['Be able to describe innovation systems, innovation policy levels and innovation policy instruments', 'Be able to explain how innovation policy instruments is intended to work and how it impacts the innovation system and firms', 'Be able to describe firms’ different forms of open and closed innovation strategies', 'Be able to explain how firm, through their open innovation strategies, is impacted by and can benefit from innovation policy', 'Be able to describe legal frameworks for intellectual property, patents and software licenses', 'Be able to analyze an innovation from a wider policy perspective and demonstrate its wider relevance and significance', 'Be able to develop a plan on how to seek support for innovation using the resources available at local, regional, national, and European level.', 'Be able to write a consultancy report which follows an established academic structure, including references, tables and figures', 'Be able to choose and argue for an innovation strategy for a specific innovation project', 'Show the ability to critically reflect on the wider relevance of an innovation beyond the firm perspective', 'Demonstrate (via oral and written work) the ability to present the benefits of innovation to wider economy and society', 'Be able to identify basic ethical and legal aspects of an innovation project and to reason about these']","['INNN15', 'INTN01', 'MMKN35', 'a course containing fundamental knowledge in innovation theory']","['written project report (group based)', 'individual written exam', 'individual reading logs', 'active participation in seminars']",INNN30
Marketing,7.5 credits,First Cycle,"To provide basic knowledge of a company’s marketing function, marketing strategy, and how target marketing is applied in practice. The course deals with marketing. Special emphasis is placed on target marketing, and its different practical stages. This part of the course is based on knowledge of the business environment, provided by the first part; how different environmental conditions influence the shaping of marketing strategy and tactical marketing tools. The course discusses consumer and industrial marketing.","['marketing function', 'marketing strategy', 'target marketing', 'business environment', 'marketing strategy', 'tactical marketing tools', 'consumer marketing', 'industrial marketing', 'global economy', 'marketing']","['have knowledge of basic marketing models, theories and concepts', 'understand marketing on a strategical and a tactical level, as well as being able to decide on appropriate market activities.', 'be able to describe, explain and evaluate markets and marketing activities.', 'be able to use established terminology and clearly communicate with different functional areas within as well as outside the company.', 'have acquired a basis for further studies within the areas covered by the course.']",['Basic Course Managerial Economics'],"['Written examination', 'Project assignment', 'Case seminars', 'Supervision and presentation sessions']",MIOF15
Medical Image Analysis,7.5 credits,MSc,"The main aim of the course is to give a basic introduction to theory and mathematical methods used in medical image analysis, to an extent that will allow the student to handle medical image processing problems. In addition the aim is to make the student develop his or her ability in problem solving, both with or without a computer. A further aim is to prepare the student for further studies and research in the border area between medicin and engineering.","['Basic concepts: Images, volume data, 4D data, pixels and voxels, file-formats, DICOM', 'Image acquisition techniques: Radiography, CT, MR, ultrasound, PET, Scintigraphy, SPECT', 'Noise and Image enhancement, lossless compression', 'Registration: Registration of medical images, Mutual information, Landmark based methods, Deformation models', 'Segmentation: Active contours in 2D, 3D and 4D, active appearance models (AAM), Graph-methods', 'Machine Learning: Training, testing, generalization, hypothesis spaces', 'Validation: Databases, Ethics']","['be able to explain clearly, and to independently use, basic mathematical concepts in medical image analysis, in particular regarding registration, segmentation and classification.', 'be able to describe and give an informal explanation of some of the different image acquisition techniques used in medical imaging, e.g. Radiography, X-ray Computed Tomography (CT), Magnetic Resonans imaging (MR), ultrasound, Positron-EmissionsTomografi (PET), Scintigraphy (Scint) and Single-Photon Emission Computed Tomography (SPECT).', 'be able to describe and give an informal explanation of the mathematical theory behind some central medical image processing algorithms', 'be able to briefly describe the statistical principles that constitute the basis for machine learning.', 'be able to give examples of ethical questions that arise in medical applications of image analysis.', 'in an engineering manner be able to use computer packages to solve problems in medical image analysis.', 'be able to independently apply basic methods in medical image processing to problems which are relevant in medical applications or research.', 'with proper terminology, in a well structured way and with clear logic be able to explain the solution to a problem in medical image analysis.']",['FMAN20 Image Analysis or corresponding knowledge.'],"['Compulsory assignments', 'Oral exam']",FMAN30
Optimising Compilers,7.5 credits,MSc,"The purpose of the course is that the students should understand the possibilities and limitations of modern optimising compilers, and thereby understand what they must optimise manually and what the compiler can do automatically.","['Control-flow analysis', 'data-flow analysis', 'dependence analysis', 'alias analysis', 'redundancy elimination', 'loop optimisations', 'procedure optimisations', 'register allocation', 'code scheduling', 'optimisation for object oriented languages', 'optimisation of the memory hierarchy', 'vectorisation for processors with SIMD instructions']","['understand which algorithms and data structures are used when modern optimising compilers are implemented', ""understand which language constructs limit the compiler's ability to optimise code"", 'be able to analyse benchmark programs in order to understand which optimisation algorithms are suitable to implement', 'be able to implement optimisation algorithms on SSA form, validate that they are implemented correctly and to measure their performance effects', 'without assistance be able to read and understand a scientific article on optimising compilers and to present it to the other students', 'be able to make a rough estimation of how long it may take to implement the ideas of the article, and make a judgement of whether that amount of work is worthwhile', 'determine whether the optimisation ideas can be suitable to perform by hand, if the compiler cannot do it automatically']","['EDAF05 Algorithms, Data Structures and Complexity or EDAG01 Efficient C or EDAN26 Multicore Programming or EDAN65 Compilers']","['oral exam', 'compulsory course items (exercises, laboratory work, project)']",EDAN75
Engineering Internship Course,15.0 credits,Bachelor,"The course is designed to give students knowledge about, and an understanding of, technical, theoretical and practical issues related to the perspective of working engineers. During the internship, the student is to apply previously acquired theorical and practical knowledge in engineering tasks in a real-world situation, which is to give insight into the purpose of the individual’s education as well as an understanding of the need for continued studies. The course is to give an overview of the demands placed on professional engineers and the skills they are expected to have in professional life that are not of a strictly technical nature, but often directly connected to the work of professional engineers, i.e. an understanding of what an engineering education does and does not provide. The course also aims to give the student a general insight into how a company works on issues such as intelligence monitoring, ethics, sustainable development and the work environment. The student is also to develop their ability to be a constructive colleague.","['Professional role of the engineer', 'Project organisation', 'Business organisation', 'General skills in engineering', 'Oral and written communication', 'Collaboration with professional stakeholders', 'Intelligence monitoring', 'Ethics', 'Sustainable development', 'Work environment']","['describe and reflect on the requirements beyond engineering-specific expertise that are set in professional life', 'account for the knowledge and understanding of technical subjects that are of particular importance at the host organisation', 'account for the knowledge of current technical work that has been acquired at the host organisation', 'independently obtain information about the company and engineering sector/industry and describe the company and the sector the company operates in', 'apply theoretical and practical knowledge to engineering tasks, which includes independently, under supervision, searching for, selecting, critically evaluating, and applying appropriate information and methods to solve the tasks', 'plan and complete tasks within given timeframes', 'in writing and orally, account for, and discuss, their own conclusions and the knowledge that acts as a foundation for these', 'reflect on their personal ability to collaborate with professional engineers and other professional stakeholders in the field of engineering in order to complete assigned tasks', 'demonstrate insight and account for their own need for further professional development', 'reflect on and demonstrate insight into the professional role of engineers now and in the future and their own professional approach as a prospective engineer', 'demonstrate awareness of the connection between their engineering education and the conditions at the host organization with regards to the engineering profession']","['completed at least 150 credits equivalent to the compulsory/elective mandatory courses in years 1-3 of a Degree of Master of Science in Engineering programme at LTH', 'sufficient knowledge in the relevant subject area for the selected host organisation']","['Written weekly reflections', 'Written peer assessments', 'Written internship report', 'Written account on the topic studied in-depth', 'Written internship assignment', 'Oral seminar', 'Certificate of attendance']",IYP000
English for Engineers,7.5 credits,BSc,The course is designed for students at the Faculty of Engineering. English for Engineers has as its objective to give a widened knowledge of the English language.,"['technical texts in English', 'vocabulary in engineering', 'oral presentation methods', 'written documentation', 'report writing', 'academic writing']","['understand and be able to apply the kind of vocabulary that is prevalent in the field of engineering', 'understand the structure of an oral presentation and be able to prepare one successfully', 'understand the structure of various types of written texts and be able to prepare examples of them', 'be able to recognise the distinction between spoken and written language and understand the importance of choosing a style of language suitable to the occasion', 'be able to distinguish between academic, formal and informal language', 'be able to execute an oral presentation in English of material with which the student is acquainted', 'be able to write an academic essay or an occupational text in language suitable to the task', 'be able to adapt a text to a specific audience/readership']",['General requirements and studies equivalent of course English 6 from Swedish Upper Secondary School.'],"['oral and/or written examinations', 'home assignments', 'essays', 'contributions to seminars']",GEMA20
"French for Engineers: Language, Culture and Society, First Course",7.5 credits,Bachelor,The course provides training in oral and written language skills in French as well as basic knowledge of French society and French culture.,"['Oral language skills', 'Written language skills', 'French society', 'French culture', 'French grammar', 'Specialized texts', 'Current topics linked to French social life']","['be able to use the main features of the French grammar', 'be able to account for the texts discussed in the course', 'be able to report some central phenomena in French culture and French society', 'be able to write coherent texts in correct French with the help of dictionaries etc', 'be able to explain the main points and some details in simple technical texts', 'be able to explain the main points of spoken standard French within beforehand given areas', 'be able to speak French in prepared situations in such a way that it does not present any problems to understand the student.', 'be able to discuss the French society from different perspectives and compare with Swedish conditions.']","['Passed French Stage 3 or equivalent', 'passed Swedish B/Swedish 2B', 'passed FRAC03 or equivalent']","['Oral presentation', 'Written examination']",GEMA01
Japanese for Engineers,15.0 credits,BSc,"The course is primarily focused on practical language skills in Japanese, i.e. grammatical structure, vocabulary, hearing comprehension, reading of simpler texts as well as written and oral presentation. The writing systems hiragana and katakana are introduced as are certain basic kanji characters. The course also includes lectures on basic theory of Japanese grammar.","['Japanese grammar', 'vocabulary', 'hearing comprehension', 'reading Japanese texts', 'written and oral presentation', 'hiragana', 'katakana', 'kanji characters', 'Japanese linguistics']","['show elementary knowledge about Japanese grammar and certain basic concepts in Japanese linguistics', 'show elementary knowledge about the three writing systems, including the systematic construction of kanji characters', 'be able to master the two writing systems hiragana and katakana as well as certain kanji characters', 'be able to demonstrate basic practical language skills with regard to pronunciation, elementary conversation and listening comprehension.']",[],"['Written examination', 'Oral examination']",GEMA70
Chinese for Engineers,15.0 credits,BSc,"The aim with the course is to get elementary knowledge in Standard Chinese. The course is suitable, for example, as preparation for studies abroad or a future professional life where contacts with China can form part of the work.","['phonetics', 'phonology', 'basic grammar', 'writing system of Standard Chinese', 'listening comprehension', 'written and oral presentation']","['account for the most basic features of the Chinese writing system', 'account for the most basic features of the syntax of Standard Chinese', 'identify and account for central phonetic phenomena of Standard Chinese', 'pronounce all initials, finals, and tones', 'use very simple words and phrases related to the most basic and concrete situations of everyday life', 'introduce themselves and others and ask questions about, for example, the name, home address and work of an interlocutor', 'communicate in a very simple fashion about the most basic and concrete situations of everyday life, provided that the interlocutor speaks slowly and clearly', 'identify and write approximately 100 characters', 'reflect on cultural differences and similarities manifested in source languages and target languages', 'reflect on their development in Standard Chinese and identify their need of further knowledge']","['First cycle, has only upper-secondary level entry requirements']","['Written exam', 'Oral exam']",GEMA66
Degree Project in Computer Sciences for Engineers,30.0 credits,MSc,The aim of the degree project is for the student to develop and demonstrate the requisite knowledge and skills to work independently as an engineer.,[],"['demonstrate in-depth knowledge in the chosen field of engineering.', 'demonstrate the ability to identify, formulate and handle complex issues from a holistic perspective and in a critical, autonomous and creative manner', 'demonstrate the ability to be actively engaged in research and development and thereby contribute to the advancement of knowledge', 'demonstrate the ability to plan and execute advanced assignments within given limits using scientific methods conducive to engineering practice', 'demonstrate the ability to integrate the knowledge acquired in key qualifying courses within the programme of study in a critical and systematic manner', 'demonstrate the ability to clearly present and discuss his/her conclusions and arguments behind them, orally and in writing, in national and international contexts', 'be able to independently identify and search for various sources of information, evaluate the relevance of this information to the problem in question and reference correctly', 'demonstrate the ability to assess his/her own degree project and those of other students with due regard to relevant scientific, social and ethical aspects']","['Students admitted to an MSc in Engineering programme of 300 credits may commence work on the degree project when they have passed 240 credits in completed courses within the programme', 'at least 30 second-cycle credits in completed courses', 'all the compulsory courses within the basic block of the programme', 'the student must have sufficient knowledge in the subject area of the degree project, which is approved by the examiner before the project begins']","['Written and oral examination', 'document describing the goals of the degree project', 'written report in Swedish or English with a summary in English', 'separate summary which is aimed at a popular science readership', 'oral presentation of the degree project at a public seminar at the Faculty of Engineering', ""oral and written critical review of another student's degree project at a public seminar where it is presented""]",EDAM05
Degree Project in Electrical and Information Technology,30.0 credits,MSc,The degree project is an independent project. It is to be executed individually or in pairs. The aim of the degree project is for the student to develop and demonstrate the requisite knowledge and skills to work independently as an engineer.,[],"['demonstrate in-depth knowledge in the chosen field of engineering.', 'demonstrate the ability to identify, formulate and handle complex issues from a holistic perspective and in a critical, autonomous and creative manner', 'demonstrate the ability to be actively engaged in research and development and thereby contribute to the advancement of knowledge', 'demonstrate the ability to plan and execute advanced assignments within given limits using scientific methods conducive to engineering practice', 'demonstrate the ability to integrate the knowledge acquired in key qualifying courses within the programme of study in a critical and systematic manner', 'demonstrate the ability to clearly present and discuss his/her conclusions and arguments behind them, orally and in writing, in national and international contexts', 'be able to independently identify and search for various sources of information, evaluate the relevance of this information to the problem in question and reference correctly', 'demonstrate the ability to assess his/her own degree project and those of other students with due regard to relevant scientific, social and ethical aspects']","['Students admitted to an MSc in Engineering programme of 300 credits may commence work on the degree project when they have passed 240 credits in completed courses within the programme.', 'at least 30 second-cycle credits in completed courses', 'all the compulsory courses within the basic block of the programme', 'In addition, the student must have sufficient knowledge in the subject area of the degree project.', 'Students admitted to an MSc in Engineering programme in Risk Management and Safety Engineering must also have passed one of the courses VBR171 Risk Management Processes or VBRN50 Risk Management Processes in order to commence the degree project.']","['Written and oral examination', 'a document describing the goals of the degree project', 'a written report in Swedish or English with a summary in English', 'a separate summary which is aimed at a popular science readership', 'oral presentation of the degree project at a public seminar at the Faculty of Engineering', ""an oral and written critical review of another student's degree project at a public seminar where it is presented""]",EITM01
Degree Project in Interaction Design,30.0 credits,MSc,The aim of the degree project is for the student to develop and demonstrate the requisite knowledge and skills to work independently as an engineer.,[],"['demonstrate in-depth knowledge in the chosen field of engineering.', 'demonstrate the ability to identify, formulate and handle complex issues from a holistic perspective and in a critical, autonomous and creative manner', 'demonstrate the ability to be actively engaged in research and development and thereby contribute to the advancement of knowledge', 'demonstrate the ability to plan and execute advanced assignments within given limits using scientific methods conducive to engineering practice', 'demonstrate the ability to integrate the knowledge acquired in key qualifying courses within the programme of study in a critical and systematic manner', 'demonstrate the ability to clearly present and discuss his/her conclusions and arguments behind them, orally and in writing, in national and international contexts', 'be able to independently identify and search for various sources of information, evaluate the relevance of this information to the problem in question and reference correctly', 'demonstrate the ability to assess his/her own degree project and those of other students with due regard to relevant scientific, social and ethical aspects']","['Students admitted to an MSc in Engineering programme of 300 credits may commence work on the degree project when they have passed 240 credits in completed courses within the programme.', 'The passed credits must include at least 30 second-cycle credits in completed courses', 'The passed credits must include all the compulsory courses within the basic block of the programme', 'The student must have sufficient knowledge in the subject area of the degree project, which is approved by the examiner before the project begins.', 'Students admitted to an MSc in Engineering programme in Risk Management and Safety Engineering must also have passed one of the courses VBR171 Risk Management Processes or VBRN50 Risk Management Processes']","['a document describing the goals of the degree project', 'a written report in Swedish or English with a summary in English', 'a separate summary which is aimed at a popular science readership', 'oral presentation of the degree project at a public seminar at the Faculty of Engineering', ""an oral and written critical review of another student's degree project at a public seminar where it is presented""]",MAMM01
Degree Project in Cognition Science,30.0 credits,MSc,The aim of the degree project is for the student to develop and demonstrate the requisite knowledge and skills to work independently as an engineer.,[],"['demonstrate in-depth knowledge in the chosen field of engineering.', 'demonstrate the ability to identify, formulate and handle complex issues from a holistic perspective and in a critical, autonomous and creative manner', 'demonstrate the ability to be actively engaged in research and development and thereby contribute to the advancement of knowledge', 'demonstrate the ability to plan and execute advanced assignments within given limits using scientific methods conducive to engineering practice', 'demonstrate the ability to integrate the knowledge acquired in key qualifying courses within the programme of study in a critical and systematic manner', 'demonstrate the ability to clearly present and discuss his/her conclusions and arguments behind them, orally and in writing, in national and international contexts', 'be able to independently identify and search for various sources of information, evaluate the relevance of this information to the problem in question and reference correctly', 'demonstrate the ability to assess his/her own degree project and those of other students with due regard to relevant scientific, social and ethical aspects']","['at least 30 second-cycle credits in completed courses', 'all the compulsory courses within the basic block of the programme', 'sufficient knowledge in the subject area of the degree project, which is approved by the examiner before the project begins']",['Written and oral examination'],EXTM15
Degree Project in Mathematics for Engineers,30.0 credits,MSc,"The degree project is an independent project. It is to be executed individually or in pairs. The degree project is to include the following assessed components: a document describing the goals of the degree project, a written report in Swedish or English with a summary in English, a separate summary which is aimed at a popular science readership, oral presentation of the degree project at a public seminar at the Faculty of Engineering, an oral and written critical review of another student's degree project at a public seminar where it is presented.",[],"['demonstrate in-depth knowledge in the chosen field of engineering.', 'demonstrate the ability to identify, formulate and handle complex issues from a holistic perspective and in a critical, autonomous and creative manner', 'demonstrate the ability to be actively engaged in research and development and thereby contribute to the advancement of knowledge', 'demonstrate the ability to plan and execute advanced assignments within given limits using scientific methods conducive to engineering practice', 'demonstrate the ability to integrate the knowledge acquired in key qualifying courses within the programme of study in a critical and systematic manner', 'demonstrate the ability to clearly present and discuss his/her conclusions and arguments behind them, orally and in writing, in national and international contexts', 'be able to independently identify and search for various sources of information, evaluate the relevance of this information to the problem in question and reference correctly.', 'demonstrate the ability to assess his/her own degree project and those of other students with due regard to relevant scientific, social and ethical aspects.']","['Students admitted to an MSc in Engineering programme of 300 credits may commence work on the degree project when they have passed 240 credits in completed courses within the programme. In addition, the passed credits must include at least 30 second-cycle credits in completed courses and all the compulsory courses within the basic block of the programme.', 'In addition, the student must have sufficient knowledge in the subject area of the degree project, which is approved by the examiner before the project begins.', 'Students admitted to an MSc in Engineering programme in Risk Management and Safety Engineering must also have passed one of the courses VBR171 Risk Management Processes or VBRN50 Risk Management Processes in order to commence the degree project.']","['Written examination', 'Oral examination']",FMAM05
Degree Project in Mathematical Statistics for Engineers,30.0 credits,MSc,The aim of the degree project is for the student to develop and demonstrate the requisite knowledge and skills to work independently as an engineer. The degree project is an independent project. It is to be executed individually or in pairs.,[],"['demonstrate in-depth knowledge in the chosen field of engineering.', 'demonstrate the ability to identify, formulate and handle complex issues from a holistic perspective and in a critical, autonomous and creative manner.', 'demonstrate the ability to be actively engaged in research and development and thereby contribute to the advancement of knowledge.', 'demonstrate the ability to plan and execute advanced assignments within given limits using scientific methods conducive to engineering practice.', 'demonstrate the ability to integrate the knowledge acquired in key qualifying courses within the programme of study in a critical and systematic manner.', 'demonstrate the ability to clearly present and discuss his/her conclusions and arguments behind them, orally and in writing, in national and international contexts.', 'be able to independently identify and search for various sources of information, evaluate the relevance of this information to the problem in question and reference correctly.', 'demonstrate the ability to assess his/her own degree project and those of other students with due regard to relevant scientific, social and ethical aspects.']","['Students admitted to an MSc in Engineering programme of 300 credits may commence work on the degree project when they have passed 240 credits in completed courses within the programme.', 'at least 30 second-cycle credits in completed courses', 'all the compulsory courses within the basic block of the programme', 'sufficient knowledge in the subject area of the degree project, approved by the examiner', 'Students admitted to an MSc in Engineering programme in Risk Management and Safety Engineering must also have passed one of the courses VBR171 Risk Management Processes or VBRN50 Risk Management Processes.']","['Written and oral examination', 'document describing the goals of the degree project', 'written report in Swedish or English with a summary in English', 'separate summary which is aimed at a popular science readership', 'oral presentation of the degree project at a public seminar at the Faculty of Engineering', ""oral and written critical review of another student's degree project at a public seminar where it is presented.""]",FMSM01
Degree Project in Production Management,30.0 credits,MSc,The aim of the degree project is for the student to develop and demonstrate the requisite knowledge and skills to work independently as an engineer. The degree project is an independent project. It is to be executed individually or in pairs.,[],"['demonstrate in-depth knowledge in the chosen field of engineering.', 'demonstrate the ability to identify, formulate and handle complex issues from a holistic perspective and in a critical, autonomous and creative manner', 'demonstrate the ability to be actively engaged in research and development and thereby contribute to the advancement of knowledge', 'demonstrate the ability to plan and execute advanced assignments within given limits using scientific methods conducive to engineering practice', 'demonstrate the ability to integrate the knowledge acquired in key qualifying courses within the programme of study in a critical and systematic manner', 'demonstrate the ability to clearly present and discuss his/her conclusions and arguments behind them, orally and in writing, in national and international contexts', 'be able to independently identify and search for various sources of information, evaluate the relevance of this information to the problem in question and reference correctly.', 'demonstrate the ability to assess his/her own degree project and those of other students with due regard to relevant scientific, social and ethical aspects.']","['Students admitted to an MSc in Engineering programme of 300 credits may commence work on the degree project when they have passed 240 credits in completed courses within the programme.', 'In addition, the passed credits must include at least 30 second-cycle credits in completed courses and all the compulsory courses within the basic block of the programme.', 'In addition, the student must have sufficient knowledge in the subject area of the degree project, which is approved by the examiner before the project begins.', 'Students admitted to an MSc in Engineering programme in Risk Management and Safety Engineering must also have passed one of the courses VBR171 Risk Management Processes or VBRN50 Risk Management Processes in order to commence the degree project.']","['Written and oral examination', 'document describing the goals of the degree project', 'a written report in Swedish or English with a summary in English', 'a separate summary which is aimed at a popular science readership', 'oral presentation of the degree project at a public seminar at the Faculty of Engineering', ""an oral and written critical review of another student's degree project at a public seminar where it is presented.""]",MIOM05
Degree Project in Rehabilitation Engineering,30.0 credits,MSc,The aim of the degree project is for the student to develop and demonstrate the requisite knowledge and skills to work independently as an engineer.,[],"['demonstrate in-depth knowledge in the chosen field of engineering.', 'demonstrate the ability to identify, formulate and handle complex issues from a holistic perspective and in a critical, autonomous and creative manner,', 'demonstrate the ability to be actively engaged in research and development and thereby contribute to the advancement of knowledge,', 'demonstrate the ability to plan and execute advanced assignments within given limits using scientific methods conducive to engineering practice,', 'demonstrate the ability to integrate the knowledge acquired in key qualifying courses within the programme of study in a critical and systematic manner,', 'demonstrate the ability to clearly present and discuss his/her conclusions and arguments behind them, orally and in writing, in national and international contexts, and', 'be able to independently identify and search for various sources of information, evaluate the relevance of this information to the problem in question and reference correctly.', 'demonstrate the ability to assess his/her own degree project and those of other students with due regard to relevant scientific, social and ethical aspects.']","['Students admitted to an MSc in Engineering programme of 300 credits may commence work on the degree project when they have passed 240 credits in completed courses within the programme.', 'at least 30 second-cycle credits in completed courses', 'all the compulsory courses within the basic block of the programme', 'In addition, the student must have sufficient knowledge in the subject area of the degree project, which is approved by the examiner before the project begins.']","['Written and oral examination', 'a document describing the goals of the degree project', 'a written report in Swedish or English with a summary in English', 'a separate summary which is aimed at a popular science readership', 'oral presentation of the degree project at a public seminar at the Faculty of Engineering', ""an oral and written critical review of another student's degree project at a public seminar where it is presented.""]",TNSM01
Degree Project in Virtual Reality and Augmented Reality,30.0 credits,MSc,The aim of the degree project is for the student to develop and demonstrate the requisite knowledge and skills to work independently as an engineer.,[],"['demonstrate in-depth knowledge in the chosen field of engineering.', 'demonstrate the ability to identify, formulate and handle complex issues from a holistic perspective and in a critical, autonomous and creative manner', 'demonstrate the ability to be actively engaged in research and development and thereby contribute to the advancement of knowledge', 'demonstrate the ability to plan and execute advanced assignments within given limits using scientific methods conducive to engineering practice', 'demonstrate the ability to integrate the knowledge acquired in key qualifying courses within the programme of study in a critical and systematic manner', 'demonstrate the ability to clearly present and discuss his/her conclusions and arguments behind them, orally and in writing, in national and international contexts', 'be able to independently identify and search for various sources of information, evaluate the relevance of this information to the problem in question and reference correctly.', 'demonstrate the ability to assess his/her own degree project and those of other students with due regard to relevant scientific, social and ethical aspects.']","['Students admitted to an MSc in Engineering programme of 300 credits may commence work on the degree project when they have passed 240 credits in completed courses within the programme. In addition, the passed credits must include at least 30 second-cycle credits in completed courses and all the compulsory courses within the basic block of the programme.', 'In addition, the student must have sufficient knowledge in the subject area of the degree project, which is approved by the examiner before the project begins.', 'Students admitted to an MSc in Engineering programme in Risk Management and Safety Engineering must also have passed one of the courses VBR171 Risk Management Processes or VBRN50 Risk Management Processes in order to commence the degree project.']",['Written and oral examination'],MAMM20
Bachelor Project in Computer Science,15.0 credits,Bachelor,The aim of the degree project is for the student to develop and demonstrate the knowledge and skills required to exploit in an independent manner the knowledge acquired during the course and apply this to a problem in engineering.,[],"['demonstrate a knowledge and understanding of engineering including the scientific bases of engineering and knowledge about appropriate methodologies in the chosen field of the discipline.', 'demonstrate an ability to critically, independently and creatively identify, formulate and handle relevant issues with a holistic view,', 'demonstrate an ability to identify, formulate and solve a problem in the chosen field in an independent and creative manner within a given time period,', 'be able to independently identify relevant sources of information, evaluate the relevance of this information and apply the correct conventions of documentation, and', 'demonstrate an ability to clearly present and discuss his/her conclusions and arguments behind them, orally and in writing.', 'demonstrate an ability to assess his/her own degree project and those of other students with due regard to relevant artistic, scientific, social and ethical aspects.']","['successfully completed at least 120 higher education credits in completed courses from year 1-3', 'at least one Level 2 course, which can count towards his/her Bachelor degree']","['Written examination', 'Oral examination']",EDAL01
Bachelor Project in Electrical and Information Technology,15.0 credits,BSc,The aim of the degree project is for the student to develop and demonstrate the knowledge and skills required to exploit in an independent manner the knowledge acquired during the course and apply this to a problem in engineering.,[],"['demonstrate a knowledge and understanding of engineering including the scientific bases of engineering and knowledge about appropriate methodologies in the chosen field of the discipline.', 'demonstrate an ability to critically, independently and creatively identify, formulate and handle relevant issues with a holistic view,', 'demonstrate an ability to identify, formulate and solve a problem in the chosen field in an independent and creative manner within a given time period,', 'be able to independently identify relevant sources of information, evaluate the relevance of this information and apply the correct conventions of documentation, and', 'demonstrate an ability to clearly present and discuss his/her conclusions and arguments behind them, orally and in writing.', 'demonstrate an ability to assess his/her own degree project and those of other students with due regard to relevant artistic, scientific, social and ethical aspects.']","['at least 120 higher education credits in completed courses from year 1-3', 'at least one Level 2 course, which can count towards his/her Bachelor degree', 'appropriate knowledge in the field of study covered by the project']","['Written examination', 'Oral examination']",EITL01
Bachelor Project in Interaction Design,15.0 credits,BSc,The aim of the degree project is for the student to develop and demonstrate the knowledge and skills required to exploit in an independent manner the knowledge acquired during the course and apply this to a problem in engineering.,"['Independent project', 'Problem formulation', 'Method selection', 'Written report', 'Oral presentation', 'Critical review']","['demonstrate a knowledge and understanding of engineering including the scientific bases of engineering and knowledge about appropriate methodologies in the chosen field of the discipline.', 'demonstrate an ability to critically, independently and creatively identify, formulate and handle relevant issues with a holistic view,', 'demonstrate an ability to identify, formulate and solve a problem in the chosen field in an independent and creative manner within a given time period,', 'be able to independently identify relevant sources of information, evaluate the relevance of this information and apply the correct conventions of documentation, and', 'demonstrate an ability to clearly present and discuss his/her conclusions and arguments behind them, orally and in writing.', 'demonstrate an ability to assess his/her own degree project and those of other students with due regard to relevant artistic, scientific, social and ethical aspects.']","['successfully completed at least 120 higher education credits in completed courses from year 1-3', 'at least one Level 2 course which can count towards his/her Bachelor degree', 'demonstrate appropriate knowledge in the field of study covered by the project']","['Written examinations', 'Oral examinations']",MAML15
Bachelor Project in Cognition Science,15.0 credits,Bachelor,The aim of the degree project is for the student to develop and demonstrate the knowledge and skills required to exploit in an independent manner the knowledge acquired during the course and apply this to a problem in engineering.,[],"['demonstrate a knowledge and understanding of engineering including the scientific bases of engineering and knowledge about appropriate methodologies in the chosen field of the discipline.', 'demonstrate an ability to critically, independently and creatively identify, formulate and handle relevant issues with a holistic view,', 'demonstrate an ability to identify, formulate and solve a problem in the chosen field in an independent and creative manner within a given time period,', 'be able to independently identify relevant sources of information, evaluate the relevance of this information and apply the correct conventions of documentation, and', 'demonstrate an ability to clearly present and discuss his/her conclusions and arguments behind them, orally and in writing.', 'demonstrate an ability to assess his/her own degree project and those of other students with due regard to relevant artistic, scientific, social and ethical aspects.']","['The student may commence work on the degree project when he/she has successfully completed at least 120 higher education credits in completed courses from year 1-3, at least one Level 2 course, which can count towards his/her Bachelor degree.']",['Written and oral examinations.'],EXTL03
Bachelor Project in Mathematics,15.0 credits,BSc,The aim of the degree project is for the student to develop and demonstrate the knowledge and skills required to exploit in an independent manner the knowledge acquired during the course and apply this to a problem in engineering.,[],"['demonstrate a knowledge and understanding of engineering including the scientific bases of engineering and knowledge about appropriate methodologies in the chosen field of the discipline.', 'demonstrate an ability to critically, independently and creatively identify, formulate and handle relevant issues with a holistic view,', 'demonstrate an ability to identify, formulate and solve a problem in the chosen field in an independent and creative manner within a given time period,', 'be able to independently identify relevant sources of information, evaluate the relevance of this information and apply the correct conventions of documentation, and', 'demonstrate an ability to clearly present and discuss his/her conclusions and arguments behind them, orally and in writing.', 'demonstrate an ability to assess his/her own degree project and those of other students with due regard to relevant artistic, scientific, social and ethical aspects.']","['successfully completed at least 120 higher education credits in completed courses from year 1-3, at least one Level 2 course, which can count towards his/her Bachelor degree.']",['Written and oral examinations.'],FMAL01
Bachelor Project in Mathematical Statistics,15.0 credits,BSc,The aim of the degree project is for the student to develop and demonstrate the knowledge and skills required to exploit in an independent manner the knowledge acquired during the course and apply this to a problem in engineering.,"['Independent project', 'Problem formulation', 'Methodology', 'Written report', 'Oral presentation', 'Critical review']","['demonstrate a knowledge and understanding of engineering including the scientific bases of engineering and knowledge about appropriate methodologies in the chosen field of the discipline', 'demonstrate an ability to critically, independently and creatively identify, formulate and handle relevant issues with a holistic view', 'demonstrate an ability to identify, formulate and solve a problem in the chosen field in an independent and creative manner within a given time period', 'be able to independently identify relevant sources of information, evaluate the relevance of this information and apply the correct conventions of documentation', 'demonstrate an ability to clearly present and discuss his/her conclusions and arguments behind them, orally and in writing', 'demonstrate an ability to assess his/her own degree project and those of other students with due regard to relevant artistic, scientific, social and ethical aspects']","['successfully completed at least 120 higher education credits in completed courses from year 1-3', 'at least one Level 2 course which can count towards his/her Bachelor degree', 'demonstrate appropriate knowledge in the field of study covered by the project']","['Written examination', 'Oral examination']",FMSL01
